Using pre-set license
Built from '2022.3/staging' branch; Version is '2022.3.9f1 (ea401c316338) revision 15351836'; Using compiler version '192829333'; Build Type 'Release'
OS: 'Windows 10  (10.0.19043) 64bit Core' Language: 'ko' Physical Memory: 16221 MB
BatchMode: 1, IsHumanControllingUs: 0, StartBugReporterOnCrash: 0, Is64bit: 1, IsPro: 1

COMMAND LINE ARGUMENTS:
C:\Program Files\Unity 2022.3.9f1\Editor\Unity.exe
-adb2
-batchMode
-noUpm
-name
AssetImportWorker4
-projectPath
C:/Users/Administrator/Documents/GitHub/2024_TML_team1/TML_project
-logFile
Logs/AssetImportWorker4.log
-srvPort
52796
Successfully changed project path to: C:/Users/Administrator/Documents/GitHub/2024_TML_team1/TML_project
C:/Users/Administrator/Documents/GitHub/2024_TML_team1/TML_project
[UnityMemory] Configuration Parameters - Can be set up in boot.config
    "memorysetup-bucket-allocator-granularity=16"
    "memorysetup-bucket-allocator-bucket-count=8"
    "memorysetup-bucket-allocator-block-size=33554432"
    "memorysetup-bucket-allocator-block-count=8"
    "memorysetup-main-allocator-block-size=16777216"
    "memorysetup-thread-allocator-block-size=16777216"
    "memorysetup-gfx-main-allocator-block-size=16777216"
    "memorysetup-gfx-thread-allocator-block-size=16777216"
    "memorysetup-cache-allocator-block-size=4194304"
    "memorysetup-typetree-allocator-block-size=2097152"
    "memorysetup-profiler-bucket-allocator-granularity=16"
    "memorysetup-profiler-bucket-allocator-bucket-count=8"
    "memorysetup-profiler-bucket-allocator-block-size=33554432"
    "memorysetup-profiler-bucket-allocator-block-count=8"
    "memorysetup-profiler-allocator-block-size=16777216"
    "memorysetup-profiler-editor-allocator-block-size=1048576"
    "memorysetup-temp-allocator-size-main=16777216"
    "memorysetup-job-temp-allocator-block-size=2097152"
    "memorysetup-job-temp-allocator-block-size-background=1048576"
    "memorysetup-job-temp-allocator-reduction-small-platforms=262144"
    "memorysetup-allocator-temp-initial-block-size-main=262144"
    "memorysetup-allocator-temp-initial-block-size-worker=262144"
    "memorysetup-temp-allocator-size-background-worker=32768"
    "memorysetup-temp-allocator-size-job-worker=262144"
    "memorysetup-temp-allocator-size-preload-manager=33554432"
    "memorysetup-temp-allocator-size-nav-mesh-worker=65536"
    "memorysetup-temp-allocator-size-audio-worker=65536"
    "memorysetup-temp-allocator-size-cloud-worker=32768"
    "memorysetup-temp-allocator-size-gi-baking-worker=262144"
    "memorysetup-temp-allocator-size-gfx=262144"
Player connection [812] Host "[IP] 211.54.97.66 [Port] 0 [Flags] 2 [Guid] 3341543328 [EditorId] 3341543328 [Version] 1048832 [Id] WindowsEditor(7,ONE) [Debug] 1 [PackageName] WindowsEditor [ProjectName] Editor" joined multi-casting on [225.0.0.222:54997]...

Player connection [812] Host "[IP] 211.54.97.66 [Port] 0 [Flags] 2 [Guid] 3341543328 [EditorId] 3341543328 [Version] 1048832 [Id] WindowsEditor(7,ONE) [Debug] 1 [PackageName] WindowsEditor [ProjectName] Editor" joined alternative multi-casting on [225.0.0.222:34997]...

[Physics::Module] Initialized MultithreadedJobDispatcher with 19 workers.
Refreshing native plugins compatible for Editor in 10.60 ms, found 3 plugins.
Preloading 0 native plugins for Editor in 0.00 ms.
Initialize engine version: 2022.3.9f1 (ea401c316338)
[Subsystems] Discovering subsystems at path C:/Program Files/Unity 2022.3.9f1/Editor/Data/Resources/UnitySubsystems
[Subsystems] Discovering subsystems at path C:/Users/Administrator/Documents/GitHub/2024_TML_team1/TML_project/Assets
GfxDevice: creating device client; threaded=0; jobified=0
Direct3D:
    Version:  Direct3D 11.0 [level 11.1]
    Renderer: NVIDIA GeForce RTX 3060 (ID=0x2487)
    Vendor:   NVIDIA
    VRAM:     12110 MB
    Driver:   31.0.15.5152
Initialize mono
Mono path[0] = 'C:/Program Files/Unity 2022.3.9f1/Editor/Data/Managed'
Mono path[1] = 'C:/Program Files/Unity 2022.3.9f1/Editor/Data/MonoBleedingEdge/lib/mono/unityjit-win32'
Mono config path = 'C:/Program Files/Unity 2022.3.9f1/Editor/Data/MonoBleedingEdge/etc'
Using monoOptions --debugger-agent=transport=dt_socket,embedding=1,server=y,suspend=n,address=127.0.0.1:56928
Begin MonoManager ReloadAssembly
Registering precompiled unity dll's ...
Register platform support module: C:/Program Files/Unity 2022.3.9f1/Editor/Data/PlaybackEngines/WindowsStandaloneSupport/UnityEditor.WindowsStandalone.Extensions.dll
Registered in 0.014036 seconds.
- Loaded All Assemblies, in  0.392 seconds
Native extension for WindowsStandalone target not found
Mono: successfully reloaded assembly
- Finished resetting the current domain, in  0.286 seconds
Domain Reload Profiling: 674ms
	BeginReloadAssembly (118ms)
		ExecutionOrderSort (0ms)
		DisableScriptedObjects (0ms)
		BackupInstance (0ms)
		ReleaseScriptingObjects (0ms)
		CreateAndSetChildDomain (0ms)
	RebuildCommonClasses (36ms)
	RebuildNativeTypeToScriptingClass (12ms)
	initialDomainReloadingComplete (78ms)
	LoadAllAssembliesAndSetupDomain (143ms)
		LoadAssemblies (117ms)
		RebuildTransferFunctionScriptingTraits (0ms)
		AnalyzeDomain (140ms)
			TypeCache.Refresh (139ms)
				TypeCache.ScanAssembly (125ms)
			ScanForSourceGeneratedMonoScriptInfo (0ms)
			ResolveRequiredComponents (1ms)
	FinalizeReload (286ms)
		ReleaseScriptCaches (0ms)
		RebuildScriptCaches (0ms)
		SetupLoadedEditorAssemblies (223ms)
			LogAssemblyErrors (0ms)
			InitializePlatformSupportModulesInManaged (12ms)
			SetLoadedEditorAssemblies (8ms)
			RefreshPlugins (0ms)
			BeforeProcessingInitializeOnLoad (2ms)
			ProcessInitializeOnLoadAttributes (139ms)
			ProcessInitializeOnLoadMethodAttributes (61ms)
			AfterProcessingInitializeOnLoad (0ms)
			EditorAssembliesLoaded (0ms)
		ExecutionOrderSort2 (0ms)
		AwakeInstancesAfterBackupRestoration (0ms)
========================================================================
Worker process is ready to serve import requests
Begin MonoManager ReloadAssembly
- Loaded All Assemblies, in  0.793 seconds
Refreshing native plugins compatible for Editor in 5.65 ms, found 3 plugins.
Native extension for WindowsStandalone target not found
Package Manager log level set to [2]
[Package Manager] Server::EnsureServerProcessIsRunning -- launch failed, reason: Unity was launched with the -noUpm command-line argument
[Package Manager] UpmClient::Send -- Unable to send message (not connected to UPM process).
[Package Manager] Cannot connect to Unity Package Manager local server
Mono: successfully reloaded assembly
- Finished resetting the current domain, in  0.652 seconds
Domain Reload Profiling: 1437ms
	BeginReloadAssembly (178ms)
		ExecutionOrderSort (0ms)
		DisableScriptedObjects (6ms)
		BackupInstance (0ms)
		ReleaseScriptingObjects (0ms)
		CreateAndSetChildDomain (19ms)
	RebuildCommonClasses (44ms)
	RebuildNativeTypeToScriptingClass (12ms)
	initialDomainReloadingComplete (59ms)
	LoadAllAssembliesAndSetupDomain (491ms)
		LoadAssemblies (406ms)
		RebuildTransferFunctionScriptingTraits (0ms)
		AnalyzeDomain (199ms)
			TypeCache.Refresh (175ms)
				TypeCache.ScanAssembly (159ms)
			ScanForSourceGeneratedMonoScriptInfo (17ms)
			ResolveRequiredComponents (5ms)
	FinalizeReload (652ms)
		ReleaseScriptCaches (0ms)
		RebuildScriptCaches (0ms)
		SetupLoadedEditorAssemblies (475ms)
			LogAssemblyErrors (0ms)
			InitializePlatformSupportModulesInManaged (9ms)
			SetLoadedEditorAssemblies (5ms)
			RefreshPlugins (0ms)
			BeforeProcessingInitializeOnLoad (84ms)
			ProcessInitializeOnLoadAttributes (331ms)
			ProcessInitializeOnLoadMethodAttributes (30ms)
			AfterProcessingInitializeOnLoad (15ms)
			EditorAssembliesLoaded (0ms)
		ExecutionOrderSort2 (0ms)
		AwakeInstancesAfterBackupRestoration (15ms)
Launched and connected shader compiler UnityShaderCompiler.exe after 0.04 seconds
Refreshing native plugins compatible for Editor in 2.75 ms, found 3 plugins.
Preloading 0 native plugins for Editor in 0.00 ms.
Unloading 3291 Unused Serialized files (Serialized files now loaded: 0)
Unloading 38 unused Assets / (56.4 KB). Loaded Objects now: 3758.
Memory consumption went from 126.0 MB to 125.9 MB.
Total: 2.131900 ms (FindLiveObjects: 0.149200 ms CreateObjectMapping: 0.068300 ms MarkObjects: 1.840100 ms  DeleteObjects: 0.072600 ms)

AssetImportParameters requested are different than current active one (requested -> active):
  custom:container-demuxer-ogg: 62fdf1f143b41e24485cea50d1cbac27 -> 
  custom:video-decoder-ogg-theora: a1e56fd34408186e4bbccfd4996cb3dc -> 
  custom:framework-win-MediaFoundation: 216162199b28c13a410421893ffa2e32 -> 
  custom:CustomObjectIndexerAttribute: 756ad292c208cfabdd7b50bc23989ffe -> 
  custom:container-demuxer-webm: 4f35f7cbe854078d1ac9338744f61a02 -> 
  custom:container-muxer-webm: aa71ff27fc2769a1b78a27578f13a17b -> 
  custom:video-decoder-webm-vp8: 9c59270c3fd7afecdb556c50c9e8de78 -> 
  custom:SearchIndexIgnoredProperties: e643bd26f0fe6173181afceb89e7c659 -> 
  custom:AudioImporter_EditorPlatform: d09bf68614088b80899f8185d706f6e7 -> 
  custom:video-encoder-webm-vp8: eb34c28f22e8b96e1ab97ce403110664 -> 
  custom:audio-decoder-ogg-vorbis: bf7c407c2cedff20999df2af8eb42d56 -> 
  custom:audio-encoder-webm-vorbis: bf7c407c2cedff20999df2af8eb42d56 -> 
========================================================================
Received Import Request.
  Time since last request: 17756.296079 seconds.
  path: Assets/Assets/Images/ㄱ。기본형/Idle.controller
  artifactKey: Guid(ccf9ea549954e6a43b4777ef415ca1ed) Importer(815301076,1909f56bfc062723c751e8b465ee728b)
Start importing Assets/Assets/Images/ㄱ。기본형/Idle.controller using Guid(ccf9ea549954e6a43b4777ef415ca1ed) Importer(815301076,1909f56bfc062723c751e8b465ee728b)  -> (artifact id: '623f83af6d5455ec21c9b3ca3b6eaff8') in 0.014246 seconds
Number of updated asset objects reloaded before import = 0
Number of asset objects unloaded after import = 1
========================================================================
Received Prepare
Begin MonoManager ReloadAssembly
- Loaded All Assemblies, in  0.636 seconds
Refreshing native plugins compatible for Editor in 7.26 ms, found 3 plugins.
Native extension for WindowsStandalone target not found
[Package Manager] Server::EnsureServerProcessIsRunning -- launch failed, reason: Unity was launched with the -noUpm command-line argument
[Package Manager] UpmClient::Send -- Unable to send message (not connected to UPM process).
[Package Manager] Cannot connect to Unity Package Manager local server
Mono: successfully reloaded assembly
- Finished resetting the current domain, in  1.350 seconds
Domain Reload Profiling: 1976ms
	BeginReloadAssembly (198ms)
		ExecutionOrderSort (0ms)
		DisableScriptedObjects (8ms)
		BackupInstance (0ms)
		ReleaseScriptingObjects (0ms)
		CreateAndSetChildDomain (31ms)
	RebuildCommonClasses (37ms)
	RebuildNativeTypeToScriptingClass (13ms)
	initialDomainReloadingComplete (49ms)
	LoadAllAssembliesAndSetupDomain (330ms)
		LoadAssemblies (431ms)
		RebuildTransferFunctionScriptingTraits (0ms)
		AnalyzeDomain (16ms)
			TypeCache.Refresh (7ms)
				TypeCache.ScanAssembly (0ms)
			ScanForSourceGeneratedMonoScriptInfo (0ms)
			ResolveRequiredComponents (7ms)
	FinalizeReload (1350ms)
		ReleaseScriptCaches (0ms)
		RebuildScriptCaches (0ms)
		SetupLoadedEditorAssemblies (531ms)
			LogAssemblyErrors (0ms)
			InitializePlatformSupportModulesInManaged (11ms)
			SetLoadedEditorAssemblies (5ms)
			RefreshPlugins (0ms)
			BeforeProcessingInitializeOnLoad (102ms)
			ProcessInitializeOnLoadAttributes (360ms)
			ProcessInitializeOnLoadMethodAttributes (33ms)
			AfterProcessingInitializeOnLoad (20ms)
			EditorAssembliesLoaded (0ms)
		ExecutionOrderSort2 (0ms)
		AwakeInstancesAfterBackupRestoration (19ms)
Refreshing native plugins compatible for Editor in 7.59 ms, found 3 plugins.
Preloading 0 native plugins for Editor in 0.00 ms.
Unloading 3270 Unused Serialized files (Serialized files now loaded: 0)
Unloading 25 unused Assets / (30.5 KB). Loaded Objects now: 3762.
Memory consumption went from 121.4 MB to 121.3 MB.
Total: 3.553400 ms (FindLiveObjects: 0.412700 ms CreateObjectMapping: 0.102900 ms MarkObjects: 2.928200 ms  DeleteObjects: 0.108600 ms)

Prepare: number of updated asset objects reloaded= 0
AssetImportParameters requested are different than current active one (requested -> active):
  custom:container-demuxer-ogg: 62fdf1f143b41e24485cea50d1cbac27 -> 
  custom:video-decoder-ogg-theora: a1e56fd34408186e4bbccfd4996cb3dc -> 
  custom:framework-win-MediaFoundation: 216162199b28c13a410421893ffa2e32 -> 
  custom:CustomObjectIndexerAttribute: 756ad292c208cfabdd7b50bc23989ffe -> 
  custom:container-demuxer-webm: 4f35f7cbe854078d1ac9338744f61a02 -> 
  custom:container-muxer-webm: aa71ff27fc2769a1b78a27578f13a17b -> 
  custom:video-decoder-webm-vp8: 9c59270c3fd7afecdb556c50c9e8de78 -> 
  custom:SearchIndexIgnoredProperties: e643bd26f0fe6173181afceb89e7c659 -> 
  custom:AudioImporter_EditorPlatform: d09bf68614088b80899f8185d706f6e7 -> 
  custom:video-encoder-webm-vp8: eb34c28f22e8b96e1ab97ce403110664 -> 
  custom:audio-decoder-ogg-vorbis: bf7c407c2cedff20999df2af8eb42d56 -> 
  custom:audio-encoder-webm-vorbis: bf7c407c2cedff20999df2af8eb42d56 -> 
========================================================================
Received Import Request.
  Time since last request: 139.021594 seconds.
  path: Assets/Prefabs/Tower01.prefab
  artifactKey: Guid(3e73adc95c23a404ab5712c6149199c9) Importer(815301076,1909f56bfc062723c751e8b465ee728b)
Start importing Assets/Prefabs/Tower01.prefab using Guid(3e73adc95c23a404ab5712c6149199c9) Importer(815301076,1909f56bfc062723c751e8b465ee728b) The Animator Controller (Idle) you have used is not valid. Animations will not play
UnityEngine.StackTraceUtility:ExtractStackTrace ()
UnityEditor.EditorUtility:Internal_InstantiateRemoveAllNonAnimationComponentsSingle (UnityEngine.Object,UnityEngine.Vector3,UnityEngine.Quaternion)
UnityEditor.EditorUtility:InstantiateRemoveAllNonAnimationComponents (UnityEngine.Object,UnityEngine.Vector3,UnityEngine.Quaternion)
UnityEditor.EditorUtility:InstantiateForAnimatorPreview (UnityEngine.Object)
UnityEditor.GameObjectInspector/PreviewData:UpdateGameObject (UnityEngine.Object)
UnityEditor.GameObjectInspector/PreviewData:.ctor (UnityEngine.Object,bool)
UnityEditor.GameObjectInspector:GetPreviewData (bool)
UnityEditor.GameObjectInspector:RenderStaticPreview (string,UnityEngine.Object[],int,int)
UnityEditor.AssetPreviewUpdater:CreatePreview (UnityEngine.Object,UnityEngine.Object[],string,int,int)
UnityEditor.AssetPreviewUpdater:CreatePreviewForAsset (UnityEngine.Object,UnityEngine.Object[],string)

[C:\build\output\unity\unity\Modules\Animation\Director\AnimatorControllerPlayable.cpp line 333]

 -> (artifact id: '53bb6902288bf2e19aba38e0c2e228da') in 0.122325 seconds
Number of updated asset objects reloaded before import = 0
Number of asset objects unloaded after import = 22
========================================================================
Received Import Request.
  Time since last request: 6.532851 seconds.
  path: Assets/Prefabs/Tower01.prefab
  artifactKey: Guid(3e73adc95c23a404ab5712c6149199c9) Importer(815301076,1909f56bfc062723c751e8b465ee728b)
Start importing Assets/Prefabs/Tower01.prefab using Guid(3e73adc95c23a404ab5712c6149199c9) Importer(815301076,1909f56bfc062723c751e8b465ee728b) The Animator Controller (Idle) you have used is not valid. Animations will not play
UnityEngine.StackTraceUtility:ExtractStackTrace ()
UnityEditor.EditorUtility:Internal_InstantiateRemoveAllNonAnimationComponentsSingle (UnityEngine.Object,UnityEngine.Vector3,UnityEngine.Quaternion)
UnityEditor.EditorUtility:InstantiateRemoveAllNonAnimationComponents (UnityEngine.Object,UnityEngine.Vector3,UnityEngine.Quaternion)
UnityEditor.EditorUtility:InstantiateForAnimatorPreview (UnityEngine.Object)
UnityEditor.GameObjectInspector/PreviewData:UpdateGameObject (UnityEngine.Object)
UnityEditor.GameObjectInspector/PreviewData:.ctor (UnityEngine.Object,bool)
UnityEditor.GameObjectInspector:GetPreviewData (bool)
UnityEditor.GameObjectInspector:RenderStaticPreview (string,UnityEngine.Object[],int,int)
UnityEditor.AssetPreviewUpdater:CreatePreview (UnityEngine.Object,UnityEngine.Object[],string,int,int)
UnityEditor.AssetPreviewUpdater:CreatePreviewForAsset (UnityEngine.Object,UnityEngine.Object[],string)

[C:\build\output\unity\unity\Modules\Animation\Director\AnimatorControllerPlayable.cpp line 333]

 -> (artifact id: '7fa859776770a35d89900dc67bf52bda') in 0.013896 seconds
Number of updated asset objects reloaded before import = 0
Number of asset objects unloaded after import = 22
========================================================================
Received Import Request.
  Time since last request: 13.870725 seconds.
  path: Assets/Prefabs/Tower01.prefab
  artifactKey: Guid(3e73adc95c23a404ab5712c6149199c9) Importer(815301076,1909f56bfc062723c751e8b465ee728b)
Start importing Assets/Prefabs/Tower01.prefab using Guid(3e73adc95c23a404ab5712c6149199c9) Importer(815301076,1909f56bfc062723c751e8b465ee728b) The Animator Controller (Idle) you have used is not valid. Animations will not play
UnityEngine.StackTraceUtility:ExtractStackTrace ()
UnityEditor.EditorUtility:Internal_InstantiateRemoveAllNonAnimationComponentsSingle (UnityEngine.Object,UnityEngine.Vector3,UnityEngine.Quaternion)
UnityEditor.EditorUtility:InstantiateRemoveAllNonAnimationComponents (UnityEngine.Object,UnityEngine.Vector3,UnityEngine.Quaternion)
UnityEditor.EditorUtility:InstantiateForAnimatorPreview (UnityEngine.Object)
UnityEditor.GameObjectInspector/PreviewData:UpdateGameObject (UnityEngine.Object)
UnityEditor.GameObjectInspector/PreviewData:.ctor (UnityEngine.Object,bool)
UnityEditor.GameObjectInspector:GetPreviewData (bool)
UnityEditor.GameObjectInspector:RenderStaticPreview (string,UnityEngine.Object[],int,int)
UnityEditor.AssetPreviewUpdater:CreatePreview (UnityEngine.Object,UnityEngine.Object[],string,int,int)
UnityEditor.AssetPreviewUpdater:CreatePreviewForAsset (UnityEngine.Object,UnityEngine.Object[],string)

[C:\build\output\unity\unity\Modules\Animation\Director\AnimatorControllerPlayable.cpp line 333]

 -> (artifact id: '6f7f1e76f5a65529f4274ff27d59ece1') in 0.009708 seconds
Number of updated asset objects reloaded before import = 0
Number of asset objects unloaded after import = 22
========================================================================
Received Import Request.
  Time since last request: 5.243949 seconds.
  path: Assets/Prefabs/Tower01.prefab
  artifactKey: Guid(3e73adc95c23a404ab5712c6149199c9) Importer(815301076,1909f56bfc062723c751e8b465ee728b)
Start importing Assets/Prefabs/Tower01.prefab using Guid(3e73adc95c23a404ab5712c6149199c9) Importer(815301076,1909f56bfc062723c751e8b465ee728b) The Animator Controller (Idle) you have used is not valid. Animations will not play
UnityEngine.StackTraceUtility:ExtractStackTrace ()
UnityEditor.EditorUtility:Internal_InstantiateRemoveAllNonAnimationComponentsSingle (UnityEngine.Object,UnityEngine.Vector3,UnityEngine.Quaternion)
UnityEditor.EditorUtility:InstantiateRemoveAllNonAnimationComponents (UnityEngine.Object,UnityEngine.Vector3,UnityEngine.Quaternion)
UnityEditor.EditorUtility:InstantiateForAnimatorPreview (UnityEngine.Object)
UnityEditor.GameObjectInspector/PreviewData:UpdateGameObject (UnityEngine.Object)
UnityEditor.GameObjectInspector/PreviewData:.ctor (UnityEngine.Object,bool)
UnityEditor.GameObjectInspector:GetPreviewData (bool)
UnityEditor.GameObjectInspector:RenderStaticPreview (string,UnityEngine.Object[],int,int)
UnityEditor.AssetPreviewUpdater:CreatePreview (UnityEngine.Object,UnityEngine.Object[],string,int,int)
UnityEditor.AssetPreviewUpdater:CreatePreviewForAsset (UnityEngine.Object,UnityEngine.Object[],string)

[C:\build\output\unity\unity\Modules\Animation\Director\AnimatorControllerPlayable.cpp line 333]

 -> (artifact id: 'fb8ac6fc3c1d1b82eba1df8444911d4b') in 0.013763 seconds
Number of updated asset objects reloaded before import = 0
Number of asset objects unloaded after import = 22
========================================================================
Received Import Request.
  Time since last request: 4.417334 seconds.
  path: Assets/Prefabs/Tower01.prefab
  artifactKey: Guid(3e73adc95c23a404ab5712c6149199c9) Importer(815301076,1909f56bfc062723c751e8b465ee728b)
Start importing Assets/Prefabs/Tower01.prefab using Guid(3e73adc95c23a404ab5712c6149199c9) Importer(815301076,1909f56bfc062723c751e8b465ee728b) The Animator Controller (Idle) you have used is not valid. Animations will not play
UnityEngine.StackTraceUtility:ExtractStackTrace ()
UnityEditor.EditorUtility:Internal_InstantiateRemoveAllNonAnimationComponentsSingle (UnityEngine.Object,UnityEngine.Vector3,UnityEngine.Quaternion)
UnityEditor.EditorUtility:InstantiateRemoveAllNonAnimationComponents (UnityEngine.Object,UnityEngine.Vector3,UnityEngine.Quaternion)
UnityEditor.EditorUtility:InstantiateForAnimatorPreview (UnityEngine.Object)
UnityEditor.GameObjectInspector/PreviewData:UpdateGameObject (UnityEngine.Object)
UnityEditor.GameObjectInspector/PreviewData:.ctor (UnityEngine.Object,bool)
UnityEditor.GameObjectInspector:GetPreviewData (bool)
UnityEditor.GameObjectInspector:RenderStaticPreview (string,UnityEngine.Object[],int,int)
UnityEditor.AssetPreviewUpdater:CreatePreview (UnityEngine.Object,UnityEngine.Object[],string,int,int)
UnityEditor.AssetPreviewUpdater:CreatePreviewForAsset (UnityEngine.Object,UnityEngine.Object[],string)

[C:\build\output\unity\unity\Modules\Animation\Director\AnimatorControllerPlayable.cpp line 333]

 -> (artifact id: '788943378f34a01ef5d744ecebda12b9') in 0.015240 seconds
Number of updated asset objects reloaded before import = 0
Number of asset objects unloaded after import = 22
========================================================================
Received Prepare
Begin MonoManager ReloadAssembly
- Loaded All Assemblies, in  0.650 seconds
Refreshing native plugins compatible for Editor in 10.07 ms, found 3 plugins.
Native extension for WindowsStandalone target not found
[Package Manager] Server::EnsureServerProcessIsRunning -- launch failed, reason: Unity was launched with the -noUpm command-line argument
[Package Manager] UpmClient::Send -- Unable to send message (not connected to UPM process).
[Package Manager] Cannot connect to Unity Package Manager local server
Mono: successfully reloaded assembly
- Finished resetting the current domain, in  1.464 seconds
Domain Reload Profiling: 2104ms
	BeginReloadAssembly (196ms)
		ExecutionOrderSort (0ms)
		DisableScriptedObjects (7ms)
		BackupInstance (0ms)
		ReleaseScriptingObjects (0ms)
		CreateAndSetChildDomain (31ms)
	RebuildCommonClasses (37ms)
	RebuildNativeTypeToScriptingClass (13ms)
	initialDomainReloadingComplete (46ms)
	LoadAllAssembliesAndSetupDomain (348ms)
		LoadAssemblies (452ms)
		RebuildTransferFunctionScriptingTraits (0ms)
		AnalyzeDomain (15ms)
			TypeCache.Refresh (7ms)
				TypeCache.ScanAssembly (0ms)
			ScanForSourceGeneratedMonoScriptInfo (0ms)
			ResolveRequiredComponents (6ms)
	FinalizeReload (1465ms)
		ReleaseScriptCaches (0ms)
		RebuildScriptCaches (0ms)
		SetupLoadedEditorAssemblies (511ms)
			LogAssemblyErrors (0ms)
			InitializePlatformSupportModulesInManaged (12ms)
			SetLoadedEditorAssemblies (6ms)
			RefreshPlugins (0ms)
			BeforeProcessingInitializeOnLoad (102ms)
			ProcessInitializeOnLoadAttributes (339ms)
			ProcessInitializeOnLoadMethodAttributes (32ms)
			AfterProcessingInitializeOnLoad (21ms)
			EditorAssembliesLoaded (0ms)
		ExecutionOrderSort2 (0ms)
		AwakeInstancesAfterBackupRestoration (19ms)
Refreshing native plugins compatible for Editor in 7.02 ms, found 3 plugins.
Preloading 0 native plugins for Editor in 0.00 ms.
Unloading 3270 Unused Serialized files (Serialized files now loaded: 0)
Unloading 25 unused Assets / (30.5 KB). Loaded Objects now: 3773.
Memory consumption went from 126.1 MB to 126.0 MB.
Total: 3.193100 ms (FindLiveObjects: 0.457700 ms CreateObjectMapping: 0.131400 ms MarkObjects: 2.558100 ms  DeleteObjects: 0.044500 ms)

Prepare: number of updated asset objects reloaded= 0
AssetImportParameters requested are different than current active one (requested -> active):
  custom:container-demuxer-ogg: 62fdf1f143b41e24485cea50d1cbac27 -> 
  custom:video-decoder-ogg-theora: a1e56fd34408186e4bbccfd4996cb3dc -> 
  custom:framework-win-MediaFoundation: 216162199b28c13a410421893ffa2e32 -> 
  custom:CustomObjectIndexerAttribute: 756ad292c208cfabdd7b50bc23989ffe -> 
  custom:container-demuxer-webm: 4f35f7cbe854078d1ac9338744f61a02 -> 
  custom:container-muxer-webm: aa71ff27fc2769a1b78a27578f13a17b -> 
  custom:video-decoder-webm-vp8: 9c59270c3fd7afecdb556c50c9e8de78 -> 
  custom:SearchIndexIgnoredProperties: e643bd26f0fe6173181afceb89e7c659 -> 
  custom:AudioImporter_EditorPlatform: d09bf68614088b80899f8185d706f6e7 -> 
  custom:video-encoder-webm-vp8: eb34c28f22e8b96e1ab97ce403110664 -> 
  custom:audio-decoder-ogg-vorbis: bf7c407c2cedff20999df2af8eb42d56 -> 
  custom:audio-encoder-webm-vorbis: bf7c407c2cedff20999df2af8eb42d56 -> 
========================================================================
Received Import Request.
  Time since last request: 47.189290 seconds.
  path: Assets/Assets/Images/ㄱ。기본형/Down.anim
  artifactKey: Guid(f3408476ea8ab6045a64f9f0297781cf) Importer(815301076,1909f56bfc062723c751e8b465ee728b)
Start importing Assets/Assets/Images/ㄱ。기본형/Down.anim using Guid(f3408476ea8ab6045a64f9f0297781cf) Importer(815301076,1909f56bfc062723c751e8b465ee728b)  -> (artifact id: '9aef0e71e3432d5fdf10d0419f505d48') in 0.013435 seconds
Number of updated asset objects reloaded before import = 0
Number of asset objects unloaded after import = 1
========================================================================
Received Prepare
Begin MonoManager ReloadAssembly
- Loaded All Assemblies, in  0.664 seconds
Refreshing native plugins compatible for Editor in 8.76 ms, found 3 plugins.
Native extension for WindowsStandalone target not found
[Package Manager] Server::EnsureServerProcessIsRunning -- launch failed, reason: Unity was launched with the -noUpm command-line argument
[Package Manager] UpmClient::Send -- Unable to send message (not connected to UPM process).
[Package Manager] Cannot connect to Unity Package Manager local server
Mono: successfully reloaded assembly
- Finished resetting the current domain, in  1.457 seconds
Domain Reload Profiling: 2111ms
	BeginReloadAssembly (206ms)
		ExecutionOrderSort (0ms)
		DisableScriptedObjects (9ms)
		BackupInstance (0ms)
		ReleaseScriptingObjects (0ms)
		CreateAndSetChildDomain (31ms)
	RebuildCommonClasses (37ms)
	RebuildNativeTypeToScriptingClass (13ms)
	initialDomainReloadingComplete (44ms)
	LoadAllAssembliesAndSetupDomain (354ms)
		LoadAssemblies (462ms)
		RebuildTransferFunctionScriptingTraits (0ms)
		AnalyzeDomain (15ms)
			TypeCache.Refresh (7ms)
				TypeCache.ScanAssembly (0ms)
			ScanForSourceGeneratedMonoScriptInfo (0ms)
			ResolveRequiredComponents (6ms)
	FinalizeReload (1458ms)
		ReleaseScriptCaches (0ms)
		RebuildScriptCaches (0ms)
		SetupLoadedEditorAssemblies (508ms)
			LogAssemblyErrors (0ms)
			InitializePlatformSupportModulesInManaged (12ms)
			SetLoadedEditorAssemblies (6ms)
			RefreshPlugins (0ms)
			BeforeProcessingInitializeOnLoad (102ms)
			ProcessInitializeOnLoadAttributes (335ms)
			ProcessInitializeOnLoadMethodAttributes (32ms)
			AfterProcessingInitializeOnLoad (21ms)
			EditorAssembliesLoaded (0ms)
		ExecutionOrderSort2 (0ms)
		AwakeInstancesAfterBackupRestoration (18ms)
Refreshing native plugins compatible for Editor in 6.94 ms, found 3 plugins.
Preloading 0 native plugins for Editor in 0.00 ms.
Unloading 3270 Unused Serialized files (Serialized files now loaded: 0)
Unloading 25 unused Assets / (30.5 KB). Loaded Objects now: 3776.
Memory consumption went from 126.1 MB to 126.1 MB.
Total: 3.226100 ms (FindLiveObjects: 0.481500 ms CreateObjectMapping: 0.102100 ms MarkObjects: 2.596900 ms  DeleteObjects: 0.044700 ms)

Prepare: number of updated asset objects reloaded= 0
AssetImportParameters requested are different than current active one (requested -> active):
  custom:container-demuxer-ogg: 62fdf1f143b41e24485cea50d1cbac27 -> 
  custom:video-decoder-ogg-theora: a1e56fd34408186e4bbccfd4996cb3dc -> 
  custom:framework-win-MediaFoundation: 216162199b28c13a410421893ffa2e32 -> 
  custom:CustomObjectIndexerAttribute: 756ad292c208cfabdd7b50bc23989ffe -> 
  custom:container-demuxer-webm: 4f35f7cbe854078d1ac9338744f61a02 -> 
  custom:container-muxer-webm: aa71ff27fc2769a1b78a27578f13a17b -> 
  custom:video-decoder-webm-vp8: 9c59270c3fd7afecdb556c50c9e8de78 -> 
  custom:SearchIndexIgnoredProperties: e643bd26f0fe6173181afceb89e7c659 -> 
  custom:AudioImporter_EditorPlatform: d09bf68614088b80899f8185d706f6e7 -> 
  custom:video-encoder-webm-vp8: eb34c28f22e8b96e1ab97ce403110664 -> 
  custom:audio-decoder-ogg-vorbis: bf7c407c2cedff20999df2af8eb42d56 -> 
  custom:audio-encoder-webm-vorbis: bf7c407c2cedff20999df2af8eb42d56 -> 
========================================================================
Received Import Request.
  Time since last request: 200.209411 seconds.
  path: Assets/Scripts/Su
  artifactKey: Guid(9f2cf735c1834e9438cfee56b0deb20a) Importer(815301076,1909f56bfc062723c751e8b465ee728b)
Start importing Assets/Scripts/Su using Guid(9f2cf735c1834e9438cfee56b0deb20a) Importer(815301076,1909f56bfc062723c751e8b465ee728b)  -> (artifact id: '9c8631ae85162e080ff0008a62c8d644') in 0.002907 seconds
Number of updated asset objects reloaded before import = 0
Number of asset objects unloaded after import = 0
========================================================================
Received Import Request.
  Time since last request: 20.933658 seconds.
  path: Assets/Scripts/Su/TowerWeapon.cs
  artifactKey: Guid(7c13f57693d4fe245b85a3f7dd3c1fd1) Importer(815301076,1909f56bfc062723c751e8b465ee728b)
Start importing Assets/Scripts/Su/TowerWeapon.cs using Guid(7c13f57693d4fe245b85a3f7dd3c1fd1) Importer(815301076,1909f56bfc062723c751e8b465ee728b)  -> (artifact id: '3118d253f238462992cc4b0f0daa4909') in 0.000597 seconds
Number of updated asset objects reloaded before import = 0
Number of asset objects unloaded after import = 0
========================================================================
Received Prepare
Begin MonoManager ReloadAssembly
- Loaded All Assemblies, in  0.629 seconds
Refreshing native plugins compatible for Editor in 7.06 ms, found 3 plugins.
Native extension for WindowsStandalone target not found
[Package Manager] Server::EnsureServerProcessIsRunning -- launch failed, reason: Unity was launched with the -noUpm command-line argument
[Package Manager] UpmClient::Send -- Unable to send message (not connected to UPM process).
[Package Manager] Cannot connect to Unity Package Manager local server
Mono: successfully reloaded assembly
- Finished resetting the current domain, in  1.250 seconds
Domain Reload Profiling: 1869ms
	BeginReloadAssembly (201ms)
		ExecutionOrderSort (0ms)
		DisableScriptedObjects (8ms)
		BackupInstance (0ms)
		ReleaseScriptingObjects (0ms)
		CreateAndSetChildDomain (30ms)
	RebuildCommonClasses (36ms)
	RebuildNativeTypeToScriptingClass (12ms)
	initialDomainReloadingComplete (44ms)
	LoadAllAssembliesAndSetupDomain (325ms)
		LoadAssemblies (422ms)
		RebuildTransferFunctionScriptingTraits (0ms)
		AnalyzeDomain (27ms)
			TypeCache.Refresh (20ms)
				TypeCache.ScanAssembly (0ms)
			ScanForSourceGeneratedMonoScriptInfo (0ms)
			ResolveRequiredComponents (6ms)
	FinalizeReload (1251ms)
		ReleaseScriptCaches (0ms)
		RebuildScriptCaches (0ms)
		SetupLoadedEditorAssemblies (440ms)
			LogAssemblyErrors (0ms)
			InitializePlatformSupportModulesInManaged (10ms)
			SetLoadedEditorAssemblies (5ms)
			RefreshPlugins (0ms)
			BeforeProcessingInitializeOnLoad (92ms)
			ProcessInitializeOnLoadAttributes (288ms)
			ProcessInitializeOnLoadMethodAttributes (27ms)
			AfterProcessingInitializeOnLoad (18ms)
			EditorAssembliesLoaded (0ms)
		ExecutionOrderSort2 (0ms)
		AwakeInstancesAfterBackupRestoration (16ms)
Refreshing native plugins compatible for Editor in 6.27 ms, found 3 plugins.
Preloading 0 native plugins for Editor in 0.00 ms.
Unloading 3270 Unused Serialized files (Serialized files now loaded: 0)
Unloading 25 unused Assets / (30.5 KB). Loaded Objects now: 3779.
Memory consumption went from 126.1 MB to 126.1 MB.
Total: 3.161600 ms (FindLiveObjects: 0.410800 ms CreateObjectMapping: 0.134000 ms MarkObjects: 2.569200 ms  DeleteObjects: 0.046700 ms)

Prepare: number of updated asset objects reloaded= 0
AssetImportParameters requested are different than current active one (requested -> active):
  custom:container-demuxer-ogg: 62fdf1f143b41e24485cea50d1cbac27 -> 
  custom:video-decoder-ogg-theora: a1e56fd34408186e4bbccfd4996cb3dc -> 
  custom:framework-win-MediaFoundation: 216162199b28c13a410421893ffa2e32 -> 
  custom:CustomObjectIndexerAttribute: 756ad292c208cfabdd7b50bc23989ffe -> 
  custom:container-demuxer-webm: 4f35f7cbe854078d1ac9338744f61a02 -> 
  custom:container-muxer-webm: aa71ff27fc2769a1b78a27578f13a17b -> 
  custom:video-decoder-webm-vp8: 9c59270c3fd7afecdb556c50c9e8de78 -> 
  custom:SearchIndexIgnoredProperties: e643bd26f0fe6173181afceb89e7c659 -> 
  custom:AudioImporter_EditorPlatform: d09bf68614088b80899f8185d706f6e7 -> 
  custom:video-encoder-webm-vp8: eb34c28f22e8b96e1ab97ce403110664 -> 
  custom:audio-decoder-ogg-vorbis: bf7c407c2cedff20999df2af8eb42d56 -> 
  custom:audio-encoder-webm-vorbis: bf7c407c2cedff20999df2af8eb42d56 -> 
========================================================================
Received Import Request.
  Time since last request: 464.410205 seconds.
  path: Assets/Scripts/Jin/TowerWeapon.cs
  artifactKey: Guid(6747f89d07a070242b812dd47cb05da9) Importer(815301076,1909f56bfc062723c751e8b465ee728b)
Start importing Assets/Scripts/Jin/TowerWeapon.cs using Guid(6747f89d07a070242b812dd47cb05da9) Importer(815301076,1909f56bfc062723c751e8b465ee728b)  -> (artifact id: '2eb013060067d013de40e196b3039168') in 0.002713 seconds
Number of updated asset objects reloaded before import = 0
Number of asset objects unloaded after import = 0
========================================================================
Received Prepare
Begin MonoManager ReloadAssembly
- Loaded All Assemblies, in  0.589 seconds
Refreshing native plugins compatible for Editor in 6.54 ms, found 3 plugins.
Native extension for WindowsStandalone target not found
[Package Manager] Server::EnsureServerProcessIsRunning -- launch failed, reason: Unity was launched with the -noUpm command-line argument
[Package Manager] UpmClient::Send -- Unable to send message (not connected to UPM process).
[Package Manager] Cannot connect to Unity Package Manager local server
Mono: successfully reloaded assembly
- Finished resetting the current domain, in  1.262 seconds
Domain Reload Profiling: 1843ms
	BeginReloadAssembly (199ms)
		ExecutionOrderSort (0ms)
		DisableScriptedObjects (8ms)
		BackupInstance (0ms)
		ReleaseScriptingObjects (0ms)
		CreateAndSetChildDomain (31ms)
	RebuildCommonClasses (36ms)
	RebuildNativeTypeToScriptingClass (13ms)
	initialDomainReloadingComplete (43ms)
	LoadAllAssembliesAndSetupDomain (290ms)
		LoadAssemblies (389ms)
		RebuildTransferFunctionScriptingTraits (0ms)
		AnalyzeDomain (23ms)
			TypeCache.Refresh (10ms)
				TypeCache.ScanAssembly (1ms)
			ScanForSourceGeneratedMonoScriptInfo (7ms)
			ResolveRequiredComponents (5ms)
	FinalizeReload (1262ms)
		ReleaseScriptCaches (0ms)
		RebuildScriptCaches (0ms)
		SetupLoadedEditorAssemblies (441ms)
			LogAssemblyErrors (0ms)
			InitializePlatformSupportModulesInManaged (9ms)
			SetLoadedEditorAssemblies (5ms)
			RefreshPlugins (0ms)
			BeforeProcessingInitializeOnLoad (87ms)
			ProcessInitializeOnLoadAttributes (293ms)
			ProcessInitializeOnLoadMethodAttributes (28ms)
			AfterProcessingInitializeOnLoad (19ms)
			EditorAssembliesLoaded (0ms)
		ExecutionOrderSort2 (0ms)
		AwakeInstancesAfterBackupRestoration (17ms)
Refreshing native plugins compatible for Editor in 5.78 ms, found 3 plugins.
Preloading 0 native plugins for Editor in 0.00 ms.
Unloading 3270 Unused Serialized files (Serialized files now loaded: 0)
Unloading 25 unused Assets / (30.5 KB). Loaded Objects now: 3782.
Memory consumption went from 126.1 MB to 126.1 MB.
Total: 2.911200 ms (FindLiveObjects: 0.383900 ms CreateObjectMapping: 0.099600 ms MarkObjects: 2.379100 ms  DeleteObjects: 0.047300 ms)

Prepare: number of updated asset objects reloaded= 0
AssetImportParameters requested are different than current active one (requested -> active):
  custom:container-demuxer-ogg: 62fdf1f143b41e24485cea50d1cbac27 -> 
  custom:video-decoder-ogg-theora: a1e56fd34408186e4bbccfd4996cb3dc -> 
  custom:framework-win-MediaFoundation: 216162199b28c13a410421893ffa2e32 -> 
  custom:CustomObjectIndexerAttribute: 756ad292c208cfabdd7b50bc23989ffe -> 
  custom:container-demuxer-webm: 4f35f7cbe854078d1ac9338744f61a02 -> 
  custom:container-muxer-webm: aa71ff27fc2769a1b78a27578f13a17b -> 
  custom:video-decoder-webm-vp8: 9c59270c3fd7afecdb556c50c9e8de78 -> 
  custom:SearchIndexIgnoredProperties: e643bd26f0fe6173181afceb89e7c659 -> 
  custom:AudioImporter_EditorPlatform: d09bf68614088b80899f8185d706f6e7 -> 
  custom:video-encoder-webm-vp8: eb34c28f22e8b96e1ab97ce403110664 -> 
  custom:audio-decoder-ogg-vorbis: bf7c407c2cedff20999df2af8eb42d56 -> 
  custom:audio-encoder-webm-vorbis: bf7c407c2cedff20999df2af8eb42d56 -> 
========================================================================
Received Import Request.
  Time since last request: 16.581350 seconds.
  path: Assets/Assets/Images/ㄱ。기본형/치토기본형 측면 모션(우)/치토기본형 측면(우)_00004.png
  artifactKey: Guid(0e26ed988f42d8a4ea45146309c63481) Importer(815301076,1909f56bfc062723c751e8b465ee728b)
Start importing Assets/Assets/Images/ㄱ。기본형/치토기본형 측면 모션(우)/치토기본형 측면(우)_00004.png using Guid(0e26ed988f42d8a4ea45146309c63481) Importer(815301076,1909f56bfc062723c751e8b465ee728b)  -> (artifact id: 'd152768800b32f5a4b6b271f2d7ee752') in 0.106560 seconds
Number of updated asset objects reloaded before import = 0
Number of asset objects unloaded after import = 3
========================================================================
Received Import Request.
  Time since last request: 0.000063 seconds.
  path: Assets/Assets/Images/ㄱ。기본형/치토기본형 측면 모션(우)/치토기본형 측면(우)_00005.png
  artifactKey: Guid(e8e6057dc655ec04fb7508c2d282f7c2) Importer(815301076,1909f56bfc062723c751e8b465ee728b)
Start importing Assets/Assets/Images/ㄱ。기본형/치토기본형 측면 모션(우)/치토기본형 측면(우)_00005.png using Guid(e8e6057dc655ec04fb7508c2d282f7c2) Importer(815301076,1909f56bfc062723c751e8b465ee728b)  -> (artifact id: '997325c5bfd74eab3126e3fc109a9ca9') in 0.034360 seconds
Number of updated asset objects reloaded before import = 0
Number of asset objects unloaded after import = 3
========================================================================
Received Import Request.
  Time since last request: 0.000014 seconds.
  path: Assets/Assets/Images/ㄱ。기본형/치토기본형 측면 모션(우)/치토기본형 측면(우)_00015.png
  artifactKey: Guid(c0c38b994d7a8134cba355ea177d8c3b) Importer(815301076,1909f56bfc062723c751e8b465ee728b)
Start importing Assets/Assets/Images/ㄱ。기본형/치토기본형 측면 모션(우)/치토기본형 측면(우)_00015.png using Guid(c0c38b994d7a8134cba355ea177d8c3b) Importer(815301076,1909f56bfc062723c751e8b465ee728b)  -> (artifact id: '9aefe5787097f6a64a0936ca62ec3d45') in 0.049280 seconds
Number of updated asset objects reloaded before import = 0
Number of asset objects unloaded after import = 3
========================================================================
Received Import Request.
  Time since last request: 0.000112 seconds.
  path: Assets/Assets/Images/ㄱ。기본형/치토기본형 측면 모션(우)/치토기본형 측면(우)_00001.png
  artifactKey: Guid(305138e306cb45148b456c4b9056f608) Importer(815301076,1909f56bfc062723c751e8b465ee728b)
Start importing Assets/Assets/Images/ㄱ。기본형/치토기본형 측면 모션(우)/치토기본형 측면(우)_00001.png using Guid(305138e306cb45148b456c4b9056f608) Importer(815301076,1909f56bfc062723c751e8b465ee728b)  -> (artifact id: '10cc7115832993fe24fffc25d1181c47') in 0.030777 seconds
Number of updated asset objects reloaded before import = 0
Number of asset objects unloaded after import = 3
========================================================================
Received Import Request.
  Time since last request: 0.000014 seconds.
  path: Assets/Assets/Images/ㄱ。기본형/치토기본형 측면 모션(우)/치토기본형 측면(우)_00010.png
  artifactKey: Guid(2334b41fa77628d4f972745cbbf2a936) Importer(815301076,1909f56bfc062723c751e8b465ee728b)
Start importing Assets/Assets/Images/ㄱ。기본형/치토기본형 측면 모션(우)/치토기본형 측면(우)_00010.png using Guid(2334b41fa77628d4f972745cbbf2a936) Importer(815301076,1909f56bfc062723c751e8b465ee728b)  -> (artifact id: '336105f078da6d32e45da07e15fde0ad') in 0.023858 seconds
Number of updated asset objects reloaded before import = 0
Number of asset objects unloaded after import = 3
========================================================================
Received Import Request.
  Time since last request: 0.000021 seconds.
  path: Assets/Assets/Images/ㄱ。기본형/치토기본형 측면 모션(우)/치토기본형 측면(우)_00002.png
  artifactKey: Guid(f29731d4cc426924f83531337db4481f) Importer(815301076,1909f56bfc062723c751e8b465ee728b)
Start importing Assets/Assets/Images/ㄱ。기본형/치토기본형 측면 모션(우)/치토기본형 측면(우)_00002.png using Guid(f29731d4cc426924f83531337db4481f) Importer(815301076,1909f56bfc062723c751e8b465ee728b)  -> (artifact id: '782a58b83453894ba0f53b5f5be46173') in 0.027809 seconds
Number of updated asset objects reloaded before import = 0
Number of asset objects unloaded after import = 3
========================================================================
Received Import Request.
  Time since last request: 0.000014 seconds.
  path: Assets/Assets/Images/ㄱ。기본형/치토기본형 측면 모션(우)/치토기본형 측면(우)_00017.png
  artifactKey: Guid(6e52563fec1902b4991c745bce5b2219) Importer(815301076,1909f56bfc062723c751e8b465ee728b)
Start importing Assets/Assets/Images/ㄱ。기본형/치토기본형 측면 모션(우)/치토기본형 측면(우)_00017.png using Guid(6e52563fec1902b4991c745bce5b2219) Importer(815301076,1909f56bfc062723c751e8b465ee728b)  -> (artifact id: 'a012dd3c1d234ca75dd5af1ecc910429') in 0.024221 seconds
Number of updated asset objects reloaded before import = 0
Number of asset objects unloaded after import = 3
========================================================================
Received Import Request.
  Time since last request: 0.000019 seconds.
  path: Assets/Assets/Images/ㄱ。기본형/치토기본형 측면 모션(우)/치토기본형 측면(우)_00019.png
  artifactKey: Guid(1cbc4453c9328e64fa42d998ab6dc120) Importer(815301076,1909f56bfc062723c751e8b465ee728b)
Start importing Assets/Assets/Images/ㄱ。기본형/치토기본형 측면 모션(우)/치토기본형 측면(우)_00019.png using Guid(1cbc4453c9328e64fa42d998ab6dc120) Importer(815301076,1909f56bfc062723c751e8b465ee728b)  -> (artifact id: '6d3b9bc0a6c6b8246ce1a64bff45caf7') in 0.021507 seconds
Number of updated asset objects reloaded before import = 0
Number of asset objects unloaded after import = 3
========================================================================
Received Import Request.
  Time since last request: 0.000017 seconds.
  path: Assets/Assets/Images/ㄱ。기본형/치토기본형 측면 모션(우)/치토기본형 측면(우)_00012.png
  artifactKey: Guid(0b6d617e9b6322d479d5039d62da7bcf) Importer(815301076,1909f56bfc062723c751e8b465ee728b)
Start importing Assets/Assets/Images/ㄱ。기본형/치토기본형 측면 모션(우)/치토기본형 측면(우)_00012.png using Guid(0b6d617e9b6322d479d5039d62da7bcf) Importer(815301076,1909f56bfc062723c751e8b465ee728b)  -> (artifact id: '5e84ee970781b1a8535d57f5468444d1') in 0.022243 seconds
Number of updated asset objects reloaded before import = 0
Number of asset objects unloaded after import = 3
========================================================================
Received Import Request.
  Time since last request: 0.000028 seconds.
  path: Assets/Assets/Images/ㄱ。기본형/치토기본형 측면 모션(우)/치토기본형 측면(우)_00003.png
  artifactKey: Guid(e9a27454a4f242d419930283e14512c0) Importer(815301076,1909f56bfc062723c751e8b465ee728b)
Start importing Assets/Assets/Images/ㄱ。기본형/치토기본형 측면 모션(우)/치토기본형 측면(우)_00003.png using Guid(e9a27454a4f242d419930283e14512c0) Importer(815301076,1909f56bfc062723c751e8b465ee728b)  -> (artifact id: 'd0e75175344b91db8c2c22c0ade2e36d') in 0.023304 seconds
Number of updated asset objects reloaded before import = 0
Number of asset objects unloaded after import = 3
========================================================================
Received Import Request.
  Time since last request: 1.351691 seconds.
  path: Assets/Assets/Images/ㄱ。기본형/치토기본형 측면 모션(좌)/치토기본형 측면(좌)_00000.png
  artifactKey: Guid(c88a1192389a90441a34cadb364aba53) Importer(815301076,1909f56bfc062723c751e8b465ee728b)
Start importing Assets/Assets/Images/ㄱ。기본형/치토기본형 측면 모션(좌)/치토기본형 측면(좌)_00000.png using Guid(c88a1192389a90441a34cadb364aba53) Importer(815301076,1909f56bfc062723c751e8b465ee728b)  -> (artifact id: 'b4f0cd365f2d73bad84f8ccf483f9832') in 0.021434 seconds
Number of updated asset objects reloaded before import = 0
Number of asset objects unloaded after import = 2
========================================================================
Received Import Request.
  Time since last request: 0.000016 seconds.
  path: Assets/Assets/Images/ㄱ。기본형/치토기본형 측면 모션(좌)/치토기본형 측면(좌)_00019.png
  artifactKey: Guid(beb7b14df2327e647a61595827431249) Importer(815301076,1909f56bfc062723c751e8b465ee728b)
Start importing Assets/Assets/Images/ㄱ。기본형/치토기본형 측면 모션(좌)/치토기본형 측면(좌)_00019.png using Guid(beb7b14df2327e647a61595827431249) Importer(815301076,1909f56bfc062723c751e8b465ee728b)  -> (artifact id: 'deb3e36ebadf3baf0ba78fdc7541bb1c') in 0.021268 seconds
Number of updated asset objects reloaded before import = 0
Number of asset objects unloaded after import = 2
========================================================================
Received Import Request.
  Time since last request: 0.000017 seconds.
  path: Assets/Assets/Images/ㄱ。기본형/치토기본형 측면 모션(좌)/치토기본형 측면(좌)_00013.png
  artifactKey: Guid(06357da63675be04099f656e00f8aa65) Importer(815301076,1909f56bfc062723c751e8b465ee728b)
Start importing Assets/Assets/Images/ㄱ。기본형/치토기본형 측면 모션(좌)/치토기본형 측면(좌)_00013.png using Guid(06357da63675be04099f656e00f8aa65) Importer(815301076,1909f56bfc062723c751e8b465ee728b)  -> (artifact id: '52f25fe244ba4700acfbfbf80f19642e') in 0.021402 seconds
Number of updated asset objects reloaded before import = 0
Number of asset objects unloaded after import = 2
========================================================================
Received Import Request.
  Time since last request: 0.000121 seconds.
  path: Assets/Assets/Images/ㄱ。기본형/치토기본형 측면 모션(좌)/치토기본형 측면(좌)_00009.png
  artifactKey: Guid(418a395adaf98384284513dc6b2e9038) Importer(815301076,1909f56bfc062723c751e8b465ee728b)
Start importing Assets/Assets/Images/ㄱ。기본형/치토기본형 측면 모션(좌)/치토기본형 측면(좌)_00009.png using Guid(418a395adaf98384284513dc6b2e9038) Importer(815301076,1909f56bfc062723c751e8b465ee728b)  -> (artifact id: '6cf4119170158ae7038858806f9fce1e') in 0.020448 seconds
Number of updated asset objects reloaded before import = 0
Number of asset objects unloaded after import = 2
========================================================================
Received Import Request.
  Time since last request: 0.000015 seconds.
  path: Assets/Assets/Images/ㄱ。기본형/치토기본형 측면 모션(좌)/치토기본형 측면(좌)_00002.png
  artifactKey: Guid(fd7dedc97ddcb2a42906b29410eb3a16) Importer(815301076,1909f56bfc062723c751e8b465ee728b)
Start importing Assets/Assets/Images/ㄱ。기본형/치토기본형 측면 모션(좌)/치토기본형 측면(좌)_00002.png using Guid(fd7dedc97ddcb2a42906b29410eb3a16) Importer(815301076,1909f56bfc062723c751e8b465ee728b)  -> (artifact id: '4dd22ad23aed6fd1f9a141fd3d681d57') in 0.021497 seconds
Number of updated asset objects reloaded before import = 0
Number of asset objects unloaded after import = 2
========================================================================
Received Import Request.
  Time since last request: 0.000305 seconds.
  path: Assets/Assets/Images/ㄱ。기본형/치토기본형 측면 모션(좌)/치토기본형 측면(좌)_00007.png
  artifactKey: Guid(daba6c954ec68cb4abbe253e598551c2) Importer(815301076,1909f56bfc062723c751e8b465ee728b)
Start importing Assets/Assets/Images/ㄱ。기본형/치토기본형 측면 모션(좌)/치토기본형 측면(좌)_00007.png using Guid(daba6c954ec68cb4abbe253e598551c2) Importer(815301076,1909f56bfc062723c751e8b465ee728b)  -> (artifact id: '4b5ffcddbfc45c41afd4e7391d1afe73') in 0.020941 seconds
Number of updated asset objects reloaded before import = 0
Number of asset objects unloaded after import = 2
========================================================================
Received Import Request.
  Time since last request: 0.000016 seconds.
  path: Assets/Assets/Images/ㄱ。기본형/치토기본형 측면 모션(좌)/치토기본형 측면(좌)_00015.png
  artifactKey: Guid(633159846ff7fae41a7657370ed1b22f) Importer(815301076,1909f56bfc062723c751e8b465ee728b)
Start importing Assets/Assets/Images/ㄱ。기본형/치토기본형 측면 모션(좌)/치토기본형 측면(좌)_00015.png using Guid(633159846ff7fae41a7657370ed1b22f) Importer(815301076,1909f56bfc062723c751e8b465ee728b)  -> (artifact id: '2dae06911181e4c9cf1ce894a445b968') in 0.020761 seconds
Number of updated asset objects reloaded before import = 0
Number of asset objects unloaded after import = 2
========================================================================
Received Import Request.
  Time since last request: 0.000016 seconds.
  path: Assets/Assets/Images/ㄱ。기본형/치토기본형 측면 모션(좌)/치토기본형 측면(좌)_00018.png
  artifactKey: Guid(d5c494e6edb7e314a91b59ad40d54035) Importer(815301076,1909f56bfc062723c751e8b465ee728b)
Start importing Assets/Assets/Images/ㄱ。기본형/치토기본형 측면 모션(좌)/치토기본형 측면(좌)_00018.png using Guid(d5c494e6edb7e314a91b59ad40d54035) Importer(815301076,1909f56bfc062723c751e8b465ee728b)  -> (artifact id: 'e6d6b9d97beba86d5e14dce3b69ef15e') in 0.020357 seconds
Number of updated asset objects reloaded before import = 0
Number of asset objects unloaded after import = 2
========================================================================
Received Import Request.
  Time since last request: 0.000016 seconds.
  path: Assets/Assets/Images/ㄱ。기본형/치토기본형 측면 모션(좌)/치토기본형 측면(좌)_00014.png
  artifactKey: Guid(d8a74a8bdea729744a30d74c51b7f451) Importer(815301076,1909f56bfc062723c751e8b465ee728b)
Start importing Assets/Assets/Images/ㄱ。기본형/치토기본형 측면 모션(좌)/치토기본형 측면(좌)_00014.png using Guid(d8a74a8bdea729744a30d74c51b7f451) Importer(815301076,1909f56bfc062723c751e8b465ee728b)  -> (artifact id: '3c9ce4ac698ce8c21198d2daaca00708') in 0.019844 seconds
Number of updated asset objects reloaded before import = 0
Number of asset objects unloaded after import = 2
========================================================================
Received Import Request.
  Time since last request: 0.000016 seconds.
  path: Assets/Assets/Images/ㄱ。기본형/치토기본형 측면 모션(좌)/치토기본형 측면(좌)_00010.png
  artifactKey: Guid(821014cf280497b49a0ccde0275d0889) Importer(815301076,1909f56bfc062723c751e8b465ee728b)
Start importing Assets/Assets/Images/ㄱ。기본형/치토기본형 측면 모션(좌)/치토기본형 측면(좌)_00010.png using Guid(821014cf280497b49a0ccde0275d0889) Importer(815301076,1909f56bfc062723c751e8b465ee728b)  -> (artifact id: '7e7241c65b44455a9a8dfaeb5280e295') in 0.019333 seconds
Number of updated asset objects reloaded before import = 0
Number of asset objects unloaded after import = 2
========================================================================
Received Import Request.
  Time since last request: 8.635931 seconds.
  path: Assets/Assets/Images/ㄱ。기본형/치토기본형 측면 모션(좌)/치토기본형 측면(좌)_00009.png
  artifactKey: Guid(418a395adaf98384284513dc6b2e9038) Importer(815301076,1909f56bfc062723c751e8b465ee728b)
Start importing Assets/Assets/Images/ㄱ。기본형/치토기본형 측면 모션(좌)/치토기본형 측면(좌)_00009.png using Guid(418a395adaf98384284513dc6b2e9038) Importer(815301076,1909f56bfc062723c751e8b465ee728b)  -> (artifact id: '7e7b2e3945990e2e5f5500d3d7a1783a') in 0.036835 seconds
Number of updated asset objects reloaded before import = 0
Number of asset objects unloaded after import = 3
========================================================================
Received Import Request.
  Time since last request: 0.000019 seconds.
  path: Assets/Assets/Images/ㄱ。기본형/치토기본형 측면 모션(좌)/치토기본형 측면(좌)_00003.png
  artifactKey: Guid(1ae4fc600ae2bc34db7239cb9ce6b14e) Importer(815301076,1909f56bfc062723c751e8b465ee728b)
Start importing Assets/Assets/Images/ㄱ。기본형/치토기본형 측면 모션(좌)/치토기본형 측면(좌)_00003.png using Guid(1ae4fc600ae2bc34db7239cb9ce6b14e) Importer(815301076,1909f56bfc062723c751e8b465ee728b)  -> (artifact id: 'b8282f46b69d98334cb29b83bdf0de79') in 0.030267 seconds
Number of updated asset objects reloaded before import = 0
Number of asset objects unloaded after import = 3
========================================================================
Received Import Request.
  Time since last request: 0.000106 seconds.
  path: Assets/Assets/Images/ㄱ。기본형/치토기본형 측면 모션(좌)/치토기본형 측면(좌)_00019.png
  artifactKey: Guid(beb7b14df2327e647a61595827431249) Importer(815301076,1909f56bfc062723c751e8b465ee728b)
Start importing Assets/Assets/Images/ㄱ。기본형/치토기본형 측면 모션(좌)/치토기본형 측면(좌)_00019.png using Guid(beb7b14df2327e647a61595827431249) Importer(815301076,1909f56bfc062723c751e8b465ee728b)  -> (artifact id: '09a9351e70a65dd338e2316e8174044c') in 0.046153 seconds
Number of updated asset objects reloaded before import = 0
Number of asset objects unloaded after import = 3
========================================================================
Received Import Request.
  Time since last request: 0.000016 seconds.
  path: Assets/Assets/Images/ㄱ。기본형/치토기본형 측면 모션(좌)/치토기본형 측면(좌)_00013.png
  artifactKey: Guid(06357da63675be04099f656e00f8aa65) Importer(815301076,1909f56bfc062723c751e8b465ee728b)
Start importing Assets/Assets/Images/ㄱ。기본형/치토기본형 측면 모션(좌)/치토기본형 측면(좌)_00013.png using Guid(06357da63675be04099f656e00f8aa65) Importer(815301076,1909f56bfc062723c751e8b465ee728b)  -> (artifact id: 'f29946c2fab3d4e4ab68093c12a56e73') in 0.096258 seconds
Number of updated asset objects reloaded before import = 0
Number of asset objects unloaded after import = 3
========================================================================
Received Import Request.
  Time since last request: 0.000511 seconds.
  path: Assets/Assets/Images/ㄱ。기본형/치토기본형 측면 모션(좌)/치토기본형 측면(좌)_00015.png
  artifactKey: Guid(633159846ff7fae41a7657370ed1b22f) Importer(815301076,1909f56bfc062723c751e8b465ee728b)
Start importing Assets/Assets/Images/ㄱ。기본형/치토기본형 측면 모션(좌)/치토기본형 측면(좌)_00015.png using Guid(633159846ff7fae41a7657370ed1b22f) Importer(815301076,1909f56bfc062723c751e8b465ee728b)  -> (artifact id: 'a86a36b29a20834f8dea8931524d3daa') in 0.035343 seconds
Number of updated asset objects reloaded before import = 0
Number of asset objects unloaded after import = 3
========================================================================
Received Import Request.
  Time since last request: 0.000107 seconds.
  path: Assets/Assets/Images/ㄱ。기본형/치토기본형 측면 모션(좌)/치토기본형 측면(좌)_00011.png
  artifactKey: Guid(e84ffe07ec0126e4aa6c6aae86175a2e) Importer(815301076,1909f56bfc062723c751e8b465ee728b)
Start importing Assets/Assets/Images/ㄱ。기본형/치토기본형 측면 모션(좌)/치토기본형 측면(좌)_00011.png using Guid(e84ffe07ec0126e4aa6c6aae86175a2e) Importer(815301076,1909f56bfc062723c751e8b465ee728b)  -> (artifact id: '727d8993f8d5c32e40921e9e0daa3fdc') in 0.034333 seconds
Number of updated asset objects reloaded before import = 0
Number of asset objects unloaded after import = 3
========================================================================
Received Import Request.
  Time since last request: 0.000014 seconds.
  path: Assets/Assets/Images/ㄱ。기본형/치토기본형 측면 모션(좌)/치토기본형 측면(좌)_00010.png
  artifactKey: Guid(821014cf280497b49a0ccde0275d0889) Importer(815301076,1909f56bfc062723c751e8b465ee728b)
Start importing Assets/Assets/Images/ㄱ。기본형/치토기본형 측면 모션(좌)/치토기본형 측면(좌)_00010.png using Guid(821014cf280497b49a0ccde0275d0889) Importer(815301076,1909f56bfc062723c751e8b465ee728b)  -> (artifact id: '57686134af6220239b1216bb2e73feeb') in 0.024072 seconds
Number of updated asset objects reloaded before import = 0
Number of asset objects unloaded after import = 3
========================================================================
Received Import Request.
  Time since last request: 0.326871 seconds.
  path: Assets/Assets/Images/ㄱ。기본형/치토기본형 후면 모션/치토기본형 후면_00000.png
  artifactKey: Guid(80b4b2622cc86824d9254235ae624da9) Importer(815301076,1909f56bfc062723c751e8b465ee728b)
Start importing Assets/Assets/Images/ㄱ。기본형/치토기본형 후면 모션/치토기본형 후면_00000.png using Guid(80b4b2622cc86824d9254235ae624da9) Importer(815301076,1909f56bfc062723c751e8b465ee728b)  -> (artifact id: '8a3121ab8173f246d6255b96a2604ac2') in 0.040636 seconds
Number of updated asset objects reloaded before import = 0
Number of asset objects unloaded after import = 2
========================================================================
Received Import Request.
  Time since last request: 0.000011 seconds.
  path: Assets/Assets/Images/ㄱ。기본형/치토기본형 후면 모션/치토기본형 후면_00011.png
  artifactKey: Guid(8600995926b586849b30ae950b98e763) Importer(815301076,1909f56bfc062723c751e8b465ee728b)
Start importing Assets/Assets/Images/ㄱ。기본형/치토기본형 후면 모션/치토기본형 후면_00011.png using Guid(8600995926b586849b30ae950b98e763) Importer(815301076,1909f56bfc062723c751e8b465ee728b)  -> (artifact id: '3be141eb58d0ae8da7b558ff21288a3c') in 0.022407 seconds
Number of updated asset objects reloaded before import = 0
Number of asset objects unloaded after import = 2
========================================================================
Received Import Request.
  Time since last request: 0.000015 seconds.
  path: Assets/Assets/Images/ㄱ。기본형/치토기본형 후면 모션/치토기본형 후면_00013.png
  artifactKey: Guid(7e9e006e9073ba841ba686dabec7041e) Importer(815301076,1909f56bfc062723c751e8b465ee728b)
Start importing Assets/Assets/Images/ㄱ。기본형/치토기본형 후면 모션/치토기본형 후면_00013.png using Guid(7e9e006e9073ba841ba686dabec7041e) Importer(815301076,1909f56bfc062723c751e8b465ee728b)  -> (artifact id: '09bf24259bd720c00081ecc8fb89fdd2') in 0.022974 seconds
Number of updated asset objects reloaded before import = 0
Number of asset objects unloaded after import = 2
========================================================================
Received Import Request.
  Time since last request: 0.000013 seconds.
  path: Assets/Assets/Images/ㄱ。기본형/치토기본형 후면 모션/치토기본형 후면_00010.png
  artifactKey: Guid(26000b0e9dc3cde49bbd39510db67c4e) Importer(815301076,1909f56bfc062723c751e8b465ee728b)
Start importing Assets/Assets/Images/ㄱ。기본형/치토기본형 후면 모션/치토기본형 후면_00010.png using Guid(26000b0e9dc3cde49bbd39510db67c4e) Importer(815301076,1909f56bfc062723c751e8b465ee728b)  -> (artifact id: 'ac3a2bffdb0d289bc7a22857144b07c7') in 0.022579 seconds
Number of updated asset objects reloaded before import = 0
Number of asset objects unloaded after import = 2
========================================================================
Received Import Request.
  Time since last request: 0.000015 seconds.
  path: Assets/Assets/Images/ㄱ。기본형/치토기본형 후면 모션/치토기본형 후면_00009.png
  artifactKey: Guid(6c9711604c3a2f4409bc67656e723849) Importer(815301076,1909f56bfc062723c751e8b465ee728b)
Start importing Assets/Assets/Images/ㄱ。기본형/치토기본형 후면 모션/치토기본형 후면_00009.png using Guid(6c9711604c3a2f4409bc67656e723849) Importer(815301076,1909f56bfc062723c751e8b465ee728b)  -> (artifact id: '15d75e32650e67f9beb72180f8e4eb9b') in 0.023197 seconds
Number of updated asset objects reloaded before import = 0
Number of asset objects unloaded after import = 2
========================================================================
Received Import Request.
  Time since last request: 9.877825 seconds.
  path: Assets/Assets/Images/ㄱ。기본형/치토기본형 후면 모션/치토기본형 후면_00007.png
  artifactKey: Guid(1f76b4312edf014458c656db066f8e50) Importer(815301076,1909f56bfc062723c751e8b465ee728b)
Start importing Assets/Assets/Images/ㄱ。기본형/치토기본형 후면 모션/치토기본형 후면_00007.png using Guid(1f76b4312edf014458c656db066f8e50) Importer(815301076,1909f56bfc062723c751e8b465ee728b)  -> (artifact id: '395f25899b9d51c34bf7d2a6f2aa0322') in 0.025736 seconds
Number of updated asset objects reloaded before import = 0
Number of asset objects unloaded after import = 3
========================================================================
Received Import Request.
  Time since last request: 0.000076 seconds.
  path: Assets/Assets/Images/ㄱ。기본형/치토기본형 후면 모션/치토기본형 후면_00012.png
  artifactKey: Guid(3b98e40602cab004a8d8d0c794b7292f) Importer(815301076,1909f56bfc062723c751e8b465ee728b)
Start importing Assets/Assets/Images/ㄱ。기본형/치토기본형 후면 모션/치토기본형 후면_00012.png using Guid(3b98e40602cab004a8d8d0c794b7292f) Importer(815301076,1909f56bfc062723c751e8b465ee728b)  -> (artifact id: 'f579ea5afa9e472f05f71de88b964e7b') in 0.032190 seconds
Number of updated asset objects reloaded before import = 0
Number of asset objects unloaded after import = 3
========================================================================
Received Import Request.
  Time since last request: 0.000015 seconds.
  path: Assets/Assets/Images/ㄱ。기본형/치토기본형 후면 모션/치토기본형 후면_00014.png
  artifactKey: Guid(d899eb106f37bca4fad766830a2e3871) Importer(815301076,1909f56bfc062723c751e8b465ee728b)
Start importing Assets/Assets/Images/ㄱ。기본형/치토기본형 후면 모션/치토기본형 후면_00014.png using Guid(d899eb106f37bca4fad766830a2e3871) Importer(815301076,1909f56bfc062723c751e8b465ee728b)  -> (artifact id: '3d54abdd697adf0376152613162779ea') in 0.113658 seconds
Number of updated asset objects reloaded before import = 0
Number of asset objects unloaded after import = 3
========================================================================
Received Import Request.
  Time since last request: 0.000015 seconds.
  path: Assets/Assets/Images/ㄱ。기본형/치토기본형 후면 모션/치토기본형 후면_00013.png
  artifactKey: Guid(7e9e006e9073ba841ba686dabec7041e) Importer(815301076,1909f56bfc062723c751e8b465ee728b)
Start importing Assets/Assets/Images/ㄱ。기본형/치토기본형 후면 모션/치토기본형 후면_00013.png using Guid(7e9e006e9073ba841ba686dabec7041e) Importer(815301076,1909f56bfc062723c751e8b465ee728b)  -> (artifact id: 'b5383d5e8c63555ec0b7302c8fc07420') in 0.083307 seconds
Number of updated asset objects reloaded before import = 0
Number of asset objects unloaded after import = 3
========================================================================
Received Import Request.
  Time since last request: 0.000023 seconds.
  path: Assets/Assets/Images/ㄱ。기본형/치토기본형 후면 모션/치토기본형 후면_00010.png
  artifactKey: Guid(26000b0e9dc3cde49bbd39510db67c4e) Importer(815301076,1909f56bfc062723c751e8b465ee728b)
Start importing Assets/Assets/Images/ㄱ。기본형/치토기본형 후면 모션/치토기본형 후면_00010.png using Guid(26000b0e9dc3cde49bbd39510db67c4e) Importer(815301076,1909f56bfc062723c751e8b465ee728b)  -> (artifact id: '9f255db5bfaa3fab686de1a97e1f4c5a') in 0.023751 seconds
Number of updated asset objects reloaded before import = 0
Number of asset objects unloaded after import = 3
========================================================================
Received Import Request.
  Time since last request: 0.000013 seconds.
  path: Assets/Assets/Images/ㄱ。기본형/치토기본형 후면 모션/치토기본형 후면_00004.png
  artifactKey: Guid(28d611c3c6ed9dd46a98e44945e0cca8) Importer(815301076,1909f56bfc062723c751e8b465ee728b)
Start importing Assets/Assets/Images/ㄱ。기본형/치토기본형 후면 모션/치토기본형 후면_00004.png using Guid(28d611c3c6ed9dd46a98e44945e0cca8) Importer(815301076,1909f56bfc062723c751e8b465ee728b)  -> (artifact id: '8eccbcee0652b20d7308f833a5a24346') in 0.024343 seconds
Number of updated asset objects reloaded before import = 0
Number of asset objects unloaded after import = 3
========================================================================
Received Import Request.
  Time since last request: 51.634305 seconds.
  path: Assets/Assets/Images/ㄱ。기본형/Right.anim
  artifactKey: Guid(73423a53d4dbcc542b6f68e24576e2fe) Importer(815301076,1909f56bfc062723c751e8b465ee728b)
Start importing Assets/Assets/Images/ㄱ。기본형/Right.anim using Guid(73423a53d4dbcc542b6f68e24576e2fe) Importer(815301076,1909f56bfc062723c751e8b465ee728b)  -> (artifact id: 'ea31249174cb4a618ee8858beca4b3f1') in 0.001646 seconds
Number of updated asset objects reloaded before import = 0
Number of asset objects unloaded after import = 1
========================================================================
Received Import Request.
  Time since last request: 10.209259 seconds.
  path: Assets/Assets/Images/ㄱ。기본형/Left.anim
  artifactKey: Guid(04697255257c67043965abf975ad3559) Importer(815301076,1909f56bfc062723c751e8b465ee728b)
Start importing Assets/Assets/Images/ㄱ。기본형/Left.anim using Guid(04697255257c67043965abf975ad3559) Importer(815301076,1909f56bfc062723c751e8b465ee728b)  -> (artifact id: '7dcb8ca12a53d1f5e61208341615738e') in 0.001425 seconds
Number of updated asset objects reloaded before import = 0
Number of asset objects unloaded after import = 1
========================================================================
Received Import Request.
  Time since last request: 7.215651 seconds.
  path: Assets/Assets/Images/ㄱ。기본형/Up.anim
  artifactKey: Guid(ff74024f4abed81499a2e8483bee5421) Importer(815301076,1909f56bfc062723c751e8b465ee728b)
Start importing Assets/Assets/Images/ㄱ。기본형/Up.anim using Guid(ff74024f4abed81499a2e8483bee5421) Importer(815301076,1909f56bfc062723c751e8b465ee728b)  -> (artifact id: 'f302619602ca4cc176cbe14b608d1b27') in 0.001355 seconds
Number of updated asset objects reloaded before import = 0
Number of asset objects unloaded after import = 1
========================================================================
Received Import Request.
  Time since last request: 0.809438 seconds.
  path: Assets/Assets/Images/ㄱ。기본형/Idle.controller
  artifactKey: Guid(ccf9ea549954e6a43b4777ef415ca1ed) Importer(815301076,1909f56bfc062723c751e8b465ee728b)
Start importing Assets/Assets/Images/ㄱ。기본형/Idle.controller using Guid(ccf9ea549954e6a43b4777ef415ca1ed) Importer(815301076,1909f56bfc062723c751e8b465ee728b)  -> (artifact id: '54b1cc9933a3d0d68dc592906abf3f16') in 0.003148 seconds
Number of updated asset objects reloaded before import = 0
Number of asset objects unloaded after import = 4
========================================================================
Received Import Request.
  Time since last request: 129.998497 seconds.
  path: Assets/Assets/Images/ㄱ。기본형/Down.anim
  artifactKey: Guid(f3408476ea8ab6045a64f9f0297781cf) Importer(815301076,1909f56bfc062723c751e8b465ee728b)
Start importing Assets/Assets/Images/ㄱ。기본형/Down.anim using Guid(f3408476ea8ab6045a64f9f0297781cf) Importer(815301076,1909f56bfc062723c751e8b465ee728b)  -> (artifact id: 'cf44e788aadfae3f2bec436533583ae0') in 0.001622 seconds
Number of updated asset objects reloaded before import = 0
Number of asset objects unloaded after import = 1
========================================================================
Received Prepare
Begin MonoManager ReloadAssembly
- Loaded All Assemblies, in  2.417 seconds
Refreshing native plugins compatible for Editor in 6.81 ms, found 3 plugins.
Native extension for WindowsStandalone target not found
[Package Manager] Server::EnsureServerProcessIsRunning -- launch failed, reason: Unity was launched with the -noUpm command-line argument
[Package Manager] UpmClient::Send -- Unable to send message (not connected to UPM process).
[Package Manager] Cannot connect to Unity Package Manager local server
Mono: successfully reloaded assembly
- Finished resetting the current domain, in  2.361 seconds
Domain Reload Profiling: 4772ms
	BeginReloadAssembly (583ms)
		ExecutionOrderSort (0ms)
		DisableScriptedObjects (50ms)
		BackupInstance (0ms)
		ReleaseScriptingObjects (0ms)
		CreateAndSetChildDomain (236ms)
	RebuildCommonClasses (42ms)
	RebuildNativeTypeToScriptingClass (13ms)
	initialDomainReloadingComplete (53ms)
	LoadAllAssembliesAndSetupDomain (1719ms)
		LoadAssemblies (1852ms)
		RebuildTransferFunctionScriptingTraits (0ms)
		AnalyzeDomain (58ms)
			TypeCache.Refresh (18ms)
				TypeCache.ScanAssembly (1ms)
			ScanForSourceGeneratedMonoScriptInfo (31ms)
			ResolveRequiredComponents (8ms)
	FinalizeReload (2362ms)
		ReleaseScriptCaches (0ms)
		RebuildScriptCaches (0ms)
		SetupLoadedEditorAssemblies (541ms)
			LogAssemblyErrors (0ms)
			InitializePlatformSupportModulesInManaged (13ms)
			SetLoadedEditorAssemblies (7ms)
			RefreshPlugins (0ms)
			BeforeProcessingInitializeOnLoad (113ms)
			ProcessInitializeOnLoadAttributes (351ms)
			ProcessInitializeOnLoadMethodAttributes (35ms)
			AfterProcessingInitializeOnLoad (22ms)
			EditorAssembliesLoaded (0ms)
		ExecutionOrderSort2 (0ms)
		AwakeInstancesAfterBackupRestoration (18ms)
Refreshing native plugins compatible for Editor in 8.70 ms, found 3 plugins.
Preloading 0 native plugins for Editor in 0.00 ms.
Unloading 3270 Unused Serialized files (Serialized files now loaded: 0)
Unloading 25 unused Assets / (30.6 KB). Loaded Objects now: 3792.
Memory consumption went from 126.1 MB to 126.1 MB.
Total: 4.797600 ms (FindLiveObjects: 0.438600 ms CreateObjectMapping: 0.109500 ms MarkObjects: 4.135200 ms  DeleteObjects: 0.112900 ms)

Prepare: number of updated asset objects reloaded= 0
AssetImportParameters requested are different than current active one (requested -> active):
  custom:container-demuxer-ogg: 62fdf1f143b41e24485cea50d1cbac27 -> 
  custom:video-decoder-ogg-theora: a1e56fd34408186e4bbccfd4996cb3dc -> 
  custom:framework-win-MediaFoundation: 216162199b28c13a410421893ffa2e32 -> 
  custom:CustomObjectIndexerAttribute: 756ad292c208cfabdd7b50bc23989ffe -> 
  custom:container-demuxer-webm: 4f35f7cbe854078d1ac9338744f61a02 -> 
  custom:container-muxer-webm: aa71ff27fc2769a1b78a27578f13a17b -> 
  custom:video-decoder-webm-vp8: 9c59270c3fd7afecdb556c50c9e8de78 -> 
  custom:SearchIndexIgnoredProperties: e643bd26f0fe6173181afceb89e7c659 -> 
  custom:AudioImporter_EditorPlatform: d09bf68614088b80899f8185d706f6e7 -> 
  custom:video-encoder-webm-vp8: eb34c28f22e8b96e1ab97ce403110664 -> 
  custom:audio-decoder-ogg-vorbis: bf7c407c2cedff20999df2af8eb42d56 -> 
  custom:audio-encoder-webm-vorbis: bf7c407c2cedff20999df2af8eb42d56 -> 
========================================================================
Received Prepare
Begin MonoManager ReloadAssembly
- Loaded All Assemblies, in  2.265 seconds
Refreshing native plugins compatible for Editor in 5.97 ms, found 3 plugins.
Native extension for WindowsStandalone target not found
[Package Manager] Server::EnsureServerProcessIsRunning -- launch failed, reason: Unity was launched with the -noUpm command-line argument
[Package Manager] UpmClient::Send -- Unable to send message (not connected to UPM process).
[Package Manager] Cannot connect to Unity Package Manager local server
Mono: successfully reloaded assembly
- Finished resetting the current domain, in  1.322 seconds
Domain Reload Profiling: 3578ms
	BeginReloadAssembly (237ms)
		ExecutionOrderSort (0ms)
		DisableScriptedObjects (9ms)
		BackupInstance (0ms)
		ReleaseScriptingObjects (0ms)
		CreateAndSetChildDomain (36ms)
	RebuildCommonClasses (43ms)
	RebuildNativeTypeToScriptingClass (14ms)
	initialDomainReloadingComplete (50ms)
	LoadAllAssembliesAndSetupDomain (1912ms)
		LoadAssemblies (2045ms)
		RebuildTransferFunctionScriptingTraits (0ms)
		AnalyzeDomain (15ms)
			TypeCache.Refresh (7ms)
				TypeCache.ScanAssembly (0ms)
			ScanForSourceGeneratedMonoScriptInfo (0ms)
			ResolveRequiredComponents (6ms)
	FinalizeReload (1323ms)
		ReleaseScriptCaches (0ms)
		RebuildScriptCaches (0ms)
		SetupLoadedEditorAssemblies (482ms)
			LogAssemblyErrors (0ms)
			InitializePlatformSupportModulesInManaged (11ms)
			SetLoadedEditorAssemblies (6ms)
			RefreshPlugins (0ms)
			BeforeProcessingInitializeOnLoad (98ms)
			ProcessInitializeOnLoadAttributes (321ms)
			ProcessInitializeOnLoadMethodAttributes (29ms)
			AfterProcessingInitializeOnLoad (18ms)
			EditorAssembliesLoaded (0ms)
		ExecutionOrderSort2 (0ms)
		AwakeInstancesAfterBackupRestoration (18ms)
Refreshing native plugins compatible for Editor in 6.61 ms, found 3 plugins.
Preloading 0 native plugins for Editor in 0.00 ms.
Unloading 3271 Unused Serialized files (Serialized files now loaded: 0)
Unloading 25 unused Assets / (30.6 KB). Loaded Objects now: 3795.
Memory consumption went from 126.4 MB to 126.4 MB.
Total: 3.285200 ms (FindLiveObjects: 0.410200 ms CreateObjectMapping: 0.111800 ms MarkObjects: 2.632000 ms  DeleteObjects: 0.129500 ms)

Prepare: number of updated asset objects reloaded= 0
AssetImportParameters requested are different than current active one (requested -> active):
  custom:container-demuxer-ogg: 62fdf1f143b41e24485cea50d1cbac27 -> 
  custom:video-decoder-ogg-theora: a1e56fd34408186e4bbccfd4996cb3dc -> 
  custom:framework-win-MediaFoundation: 216162199b28c13a410421893ffa2e32 -> 
  custom:CustomObjectIndexerAttribute: 756ad292c208cfabdd7b50bc23989ffe -> 
  custom:container-demuxer-webm: 4f35f7cbe854078d1ac9338744f61a02 -> 
  custom:container-muxer-webm: aa71ff27fc2769a1b78a27578f13a17b -> 
  custom:video-decoder-webm-vp8: 9c59270c3fd7afecdb556c50c9e8de78 -> 
  custom:SearchIndexIgnoredProperties: e643bd26f0fe6173181afceb89e7c659 -> 
  custom:AudioImporter_EditorPlatform: d09bf68614088b80899f8185d706f6e7 -> 
  custom:video-encoder-webm-vp8: eb34c28f22e8b96e1ab97ce403110664 -> 
  custom:audio-decoder-ogg-vorbis: bf7c407c2cedff20999df2af8eb42d56 -> 
  custom:audio-encoder-webm-vorbis: bf7c407c2cedff20999df2af8eb42d56 -> 
========================================================================
Received Prepare
Begin MonoManager ReloadAssembly
- Loaded All Assemblies, in  0.661 seconds
Refreshing native plugins compatible for Editor in 5.94 ms, found 3 plugins.
Native extension for WindowsStandalone target not found
[Package Manager] Server::EnsureServerProcessIsRunning -- launch failed, reason: Unity was launched with the -noUpm command-line argument
[Package Manager] UpmClient::Send -- Unable to send message (not connected to UPM process).
[Package Manager] Cannot connect to Unity Package Manager local server
Mono: successfully reloaded assembly
- Finished resetting the current domain, in  1.290 seconds
Domain Reload Profiling: 1941ms
	BeginReloadAssembly (216ms)
		ExecutionOrderSort (0ms)
		DisableScriptedObjects (9ms)
		BackupInstance (0ms)
		ReleaseScriptingObjects (0ms)
		CreateAndSetChildDomain (34ms)
	RebuildCommonClasses (38ms)
	RebuildNativeTypeToScriptingClass (13ms)
	initialDomainReloadingComplete (46ms)
	LoadAllAssembliesAndSetupDomain (337ms)
		LoadAssemblies (445ms)
		RebuildTransferFunctionScriptingTraits (0ms)
		AnalyzeDomain (25ms)
			TypeCache.Refresh (11ms)
				TypeCache.ScanAssembly (2ms)
			ScanForSourceGeneratedMonoScriptInfo (7ms)
			ResolveRequiredComponents (6ms)
	FinalizeReload (1291ms)
		ReleaseScriptCaches (0ms)
		RebuildScriptCaches (0ms)
		SetupLoadedEditorAssemblies (459ms)
			LogAssemblyErrors (0ms)
			InitializePlatformSupportModulesInManaged (10ms)
			SetLoadedEditorAssemblies (5ms)
			RefreshPlugins (0ms)
			BeforeProcessingInitializeOnLoad (93ms)
			ProcessInitializeOnLoadAttributes (305ms)
			ProcessInitializeOnLoadMethodAttributes (29ms)
			AfterProcessingInitializeOnLoad (18ms)
			EditorAssembliesLoaded (0ms)
		ExecutionOrderSort2 (0ms)
		AwakeInstancesAfterBackupRestoration (16ms)
Refreshing native plugins compatible for Editor in 6.08 ms, found 3 plugins.
Preloading 0 native plugins for Editor in 0.00 ms.
Unloading 3271 Unused Serialized files (Serialized files now loaded: 0)
Unloading 25 unused Assets / (30.6 KB). Loaded Objects now: 3798.
Memory consumption went from 126.4 MB to 126.4 MB.
Total: 3.232500 ms (FindLiveObjects: 0.398100 ms CreateObjectMapping: 0.093900 ms MarkObjects: 2.681400 ms  DeleteObjects: 0.057700 ms)

Prepare: number of updated asset objects reloaded= 0
AssetImportParameters requested are different than current active one (requested -> active):
  custom:container-demuxer-ogg: 62fdf1f143b41e24485cea50d1cbac27 -> 
  custom:video-decoder-ogg-theora: a1e56fd34408186e4bbccfd4996cb3dc -> 
  custom:framework-win-MediaFoundation: 216162199b28c13a410421893ffa2e32 -> 
  custom:CustomObjectIndexerAttribute: 756ad292c208cfabdd7b50bc23989ffe -> 
  custom:container-demuxer-webm: 4f35f7cbe854078d1ac9338744f61a02 -> 
  custom:container-muxer-webm: aa71ff27fc2769a1b78a27578f13a17b -> 
  custom:video-decoder-webm-vp8: 9c59270c3fd7afecdb556c50c9e8de78 -> 
  custom:SearchIndexIgnoredProperties: e643bd26f0fe6173181afceb89e7c659 -> 
  custom:AudioImporter_EditorPlatform: d09bf68614088b80899f8185d706f6e7 -> 
  custom:video-encoder-webm-vp8: eb34c28f22e8b96e1ab97ce403110664 -> 
  custom:audio-decoder-ogg-vorbis: bf7c407c2cedff20999df2af8eb42d56 -> 
  custom:audio-encoder-webm-vorbis: bf7c407c2cedff20999df2af8eb42d56 -> 
========================================================================
Received Prepare
Begin MonoManager ReloadAssembly
- Loaded All Assemblies, in  0.685 seconds
Refreshing native plugins compatible for Editor in 6.76 ms, found 3 plugins.
Native extension for WindowsStandalone target not found
[Package Manager] Server::EnsureServerProcessIsRunning -- launch failed, reason: Unity was launched with the -noUpm command-line argument
[Package Manager] UpmClient::Send -- Unable to send message (not connected to UPM process).
[Package Manager] Cannot connect to Unity Package Manager local server
Mono: successfully reloaded assembly
- Finished resetting the current domain, in  1.452 seconds
Domain Reload Profiling: 2127ms
	BeginReloadAssembly (216ms)
		ExecutionOrderSort (0ms)
		DisableScriptedObjects (8ms)
		BackupInstance (0ms)
		ReleaseScriptingObjects (0ms)
		CreateAndSetChildDomain (34ms)
	RebuildCommonClasses (41ms)
	RebuildNativeTypeToScriptingClass (14ms)
	initialDomainReloadingComplete (48ms)
	LoadAllAssembliesAndSetupDomain (356ms)
		LoadAssemblies (476ms)
		RebuildTransferFunctionScriptingTraits (0ms)
		AnalyzeDomain (15ms)
			TypeCache.Refresh (7ms)
				TypeCache.ScanAssembly (0ms)
			ScanForSourceGeneratedMonoScriptInfo (0ms)
			ResolveRequiredComponents (6ms)
	FinalizeReload (1453ms)
		ReleaseScriptCaches (0ms)
		RebuildScriptCaches (0ms)
		SetupLoadedEditorAssemblies (506ms)
			LogAssemblyErrors (0ms)
			InitializePlatformSupportModulesInManaged (12ms)
			SetLoadedEditorAssemblies (5ms)
			RefreshPlugins (0ms)
			BeforeProcessingInitializeOnLoad (101ms)
			ProcessInitializeOnLoadAttributes (335ms)
			ProcessInitializeOnLoadMethodAttributes (31ms)
			AfterProcessingInitializeOnLoad (21ms)
			EditorAssembliesLoaded (0ms)
		ExecutionOrderSort2 (0ms)
		AwakeInstancesAfterBackupRestoration (18ms)
Refreshing native plugins compatible for Editor in 6.98 ms, found 3 plugins.
Preloading 0 native plugins for Editor in 0.00 ms.
Unloading 3271 Unused Serialized files (Serialized files now loaded: 0)
Unloading 25 unused Assets / (30.6 KB). Loaded Objects now: 3801.
Memory consumption went from 126.4 MB to 126.4 MB.
Total: 3.403800 ms (FindLiveObjects: 0.407300 ms CreateObjectMapping: 0.099500 ms MarkObjects: 2.842700 ms  DeleteObjects: 0.053200 ms)

Prepare: number of updated asset objects reloaded= 0
AssetImportParameters requested are different than current active one (requested -> active):
  custom:container-demuxer-ogg: 62fdf1f143b41e24485cea50d1cbac27 -> 
  custom:video-decoder-ogg-theora: a1e56fd34408186e4bbccfd4996cb3dc -> 
  custom:framework-win-MediaFoundation: 216162199b28c13a410421893ffa2e32 -> 
  custom:CustomObjectIndexerAttribute: 756ad292c208cfabdd7b50bc23989ffe -> 
  custom:container-demuxer-webm: 4f35f7cbe854078d1ac9338744f61a02 -> 
  custom:container-muxer-webm: aa71ff27fc2769a1b78a27578f13a17b -> 
  custom:video-decoder-webm-vp8: 9c59270c3fd7afecdb556c50c9e8de78 -> 
  custom:SearchIndexIgnoredProperties: e643bd26f0fe6173181afceb89e7c659 -> 
  custom:AudioImporter_EditorPlatform: d09bf68614088b80899f8185d706f6e7 -> 
  custom:video-encoder-webm-vp8: eb34c28f22e8b96e1ab97ce403110664 -> 
  custom:audio-decoder-ogg-vorbis: bf7c407c2cedff20999df2af8eb42d56 -> 
  custom:audio-encoder-webm-vorbis: bf7c407c2cedff20999df2af8eb42d56 -> 
========================================================================
Received Prepare
Begin MonoManager ReloadAssembly
- Loaded All Assemblies, in  0.665 seconds
Refreshing native plugins compatible for Editor in 7.80 ms, found 3 plugins.
Native extension for WindowsStandalone target not found
[Package Manager] Server::EnsureServerProcessIsRunning -- launch failed, reason: Unity was launched with the -noUpm command-line argument
[Package Manager] UpmClient::Send -- Unable to send message (not connected to UPM process).
[Package Manager] Cannot connect to Unity Package Manager local server
Mono: successfully reloaded assembly
- Finished resetting the current domain, in  1.456 seconds
Domain Reload Profiling: 2111ms
	BeginReloadAssembly (203ms)
		ExecutionOrderSort (0ms)
		DisableScriptedObjects (8ms)
		BackupInstance (0ms)
		ReleaseScriptingObjects (0ms)
		CreateAndSetChildDomain (32ms)
	RebuildCommonClasses (37ms)
	RebuildNativeTypeToScriptingClass (13ms)
	initialDomainReloadingComplete (47ms)
	LoadAllAssembliesAndSetupDomain (354ms)
		LoadAssemblies (465ms)
		RebuildTransferFunctionScriptingTraits (0ms)
		AnalyzeDomain (15ms)
			TypeCache.Refresh (7ms)
				TypeCache.ScanAssembly (0ms)
			ScanForSourceGeneratedMonoScriptInfo (0ms)
			ResolveRequiredComponents (6ms)
	FinalizeReload (1456ms)
		ReleaseScriptCaches (0ms)
		RebuildScriptCaches (0ms)
		SetupLoadedEditorAssemblies (515ms)
			LogAssemblyErrors (0ms)
			InitializePlatformSupportModulesInManaged (11ms)
			SetLoadedEditorAssemblies (5ms)
			RefreshPlugins (0ms)
			BeforeProcessingInitializeOnLoad (106ms)
			ProcessInitializeOnLoadAttributes (343ms)
			ProcessInitializeOnLoadMethodAttributes (31ms)
			AfterProcessingInitializeOnLoad (19ms)
			EditorAssembliesLoaded (0ms)
		ExecutionOrderSort2 (0ms)
		AwakeInstancesAfterBackupRestoration (18ms)
Refreshing native plugins compatible for Editor in 7.29 ms, found 3 plugins.
Preloading 0 native plugins for Editor in 0.00 ms.
Unloading 3271 Unused Serialized files (Serialized files now loaded: 0)
Unloading 25 unused Assets / (30.6 KB). Loaded Objects now: 3804.
Memory consumption went from 126.4 MB to 126.4 MB.
Total: 3.249000 ms (FindLiveObjects: 0.429800 ms CreateObjectMapping: 0.101700 ms MarkObjects: 2.670200 ms  DeleteObjects: 0.046400 ms)

Prepare: number of updated asset objects reloaded= 0
AssetImportParameters requested are different than current active one (requested -> active):
  custom:container-demuxer-ogg: 62fdf1f143b41e24485cea50d1cbac27 -> 
  custom:video-decoder-ogg-theora: a1e56fd34408186e4bbccfd4996cb3dc -> 
  custom:framework-win-MediaFoundation: 216162199b28c13a410421893ffa2e32 -> 
  custom:CustomObjectIndexerAttribute: 756ad292c208cfabdd7b50bc23989ffe -> 
  custom:container-demuxer-webm: 4f35f7cbe854078d1ac9338744f61a02 -> 
  custom:container-muxer-webm: aa71ff27fc2769a1b78a27578f13a17b -> 
  custom:video-decoder-webm-vp8: 9c59270c3fd7afecdb556c50c9e8de78 -> 
  custom:SearchIndexIgnoredProperties: e643bd26f0fe6173181afceb89e7c659 -> 
  custom:AudioImporter_EditorPlatform: d09bf68614088b80899f8185d706f6e7 -> 
  custom:video-encoder-webm-vp8: eb34c28f22e8b96e1ab97ce403110664 -> 
  custom:audio-decoder-ogg-vorbis: bf7c407c2cedff20999df2af8eb42d56 -> 
  custom:audio-encoder-webm-vorbis: bf7c407c2cedff20999df2af8eb42d56 -> 
========================================================================
Received Prepare
Begin MonoManager ReloadAssembly
- Loaded All Assemblies, in  0.686 seconds
Refreshing native plugins compatible for Editor in 6.95 ms, found 3 plugins.
Native extension for WindowsStandalone target not found
[Package Manager] Server::EnsureServerProcessIsRunning -- launch failed, reason: Unity was launched with the -noUpm command-line argument
[Package Manager] UpmClient::Send -- Unable to send message (not connected to UPM process).
[Package Manager] Cannot connect to Unity Package Manager local server
Mono: successfully reloaded assembly
- Finished resetting the current domain, in  1.456 seconds
Domain Reload Profiling: 2131ms
	BeginReloadAssembly (210ms)
		ExecutionOrderSort (0ms)
		DisableScriptedObjects (8ms)
		BackupInstance (0ms)
		ReleaseScriptingObjects (0ms)
		CreateAndSetChildDomain (32ms)
	RebuildCommonClasses (39ms)
	RebuildNativeTypeToScriptingClass (13ms)
	initialDomainReloadingComplete (53ms)
	LoadAllAssembliesAndSetupDomain (359ms)
		LoadAssemblies (473ms)
		RebuildTransferFunctionScriptingTraits (0ms)
		AnalyzeDomain (15ms)
			TypeCache.Refresh (7ms)
				TypeCache.ScanAssembly (0ms)
			ScanForSourceGeneratedMonoScriptInfo (0ms)
			ResolveRequiredComponents (6ms)
	FinalizeReload (1457ms)
		ReleaseScriptCaches (0ms)
		RebuildScriptCaches (0ms)
		SetupLoadedEditorAssemblies (511ms)
			LogAssemblyErrors (0ms)
			InitializePlatformSupportModulesInManaged (11ms)
			SetLoadedEditorAssemblies (5ms)
			RefreshPlugins (0ms)
			BeforeProcessingInitializeOnLoad (101ms)
			ProcessInitializeOnLoadAttributes (340ms)
			ProcessInitializeOnLoadMethodAttributes (32ms)
			AfterProcessingInitializeOnLoad (21ms)
			EditorAssembliesLoaded (0ms)
		ExecutionOrderSort2 (0ms)
		AwakeInstancesAfterBackupRestoration (18ms)
Refreshing native plugins compatible for Editor in 6.62 ms, found 3 plugins.
Preloading 0 native plugins for Editor in 0.00 ms.
Unloading 3271 Unused Serialized files (Serialized files now loaded: 0)
Unloading 25 unused Assets / (30.6 KB). Loaded Objects now: 3807.
Memory consumption went from 126.4 MB to 126.4 MB.
Total: 3.194400 ms (FindLiveObjects: 0.588500 ms CreateObjectMapping: 0.120300 ms MarkObjects: 2.441700 ms  DeleteObjects: 0.042400 ms)

Prepare: number of updated asset objects reloaded= 0
AssetImportParameters requested are different than current active one (requested -> active):
  custom:container-demuxer-ogg: 62fdf1f143b41e24485cea50d1cbac27 -> 
  custom:video-decoder-ogg-theora: a1e56fd34408186e4bbccfd4996cb3dc -> 
  custom:framework-win-MediaFoundation: 216162199b28c13a410421893ffa2e32 -> 
  custom:CustomObjectIndexerAttribute: 756ad292c208cfabdd7b50bc23989ffe -> 
  custom:container-demuxer-webm: 4f35f7cbe854078d1ac9338744f61a02 -> 
  custom:container-muxer-webm: aa71ff27fc2769a1b78a27578f13a17b -> 
  custom:video-decoder-webm-vp8: 9c59270c3fd7afecdb556c50c9e8de78 -> 
  custom:SearchIndexIgnoredProperties: e643bd26f0fe6173181afceb89e7c659 -> 
  custom:AudioImporter_EditorPlatform: d09bf68614088b80899f8185d706f6e7 -> 
  custom:video-encoder-webm-vp8: eb34c28f22e8b96e1ab97ce403110664 -> 
  custom:audio-decoder-ogg-vorbis: bf7c407c2cedff20999df2af8eb42d56 -> 
  custom:audio-encoder-webm-vorbis: bf7c407c2cedff20999df2af8eb42d56 -> 
========================================================================
Received Import Request.
  Time since last request: 5499.196607 seconds.
  path: Assets/Prefabs/Tower01.prefab
  artifactKey: Guid(3e73adc95c23a404ab5712c6149199c9) Importer(815301076,1909f56bfc062723c751e8b465ee728b)
Start importing Assets/Prefabs/Tower01.prefab using Guid(3e73adc95c23a404ab5712c6149199c9) Importer(815301076,1909f56bfc062723c751e8b465ee728b)  -> (artifact id: '25f96b66b812dcee6cbb852751019581') in 0.139031 seconds
Number of updated asset objects reloaded before import = 0
Number of asset objects unloaded after import = 63
========================================================================
Received Import Request.
  Time since last request: 4.188960 seconds.
  path: Assets/Prefabs/Tower01.prefab
  artifactKey: Guid(3e73adc95c23a404ab5712c6149199c9) Importer(815301076,1909f56bfc062723c751e8b465ee728b)
Start importing Assets/Prefabs/Tower01.prefab using Guid(3e73adc95c23a404ab5712c6149199c9) Importer(815301076,1909f56bfc062723c751e8b465ee728b)  -> (artifact id: '3e12358b8428a89126b853f3f23319da') in 0.023993 seconds
Number of updated asset objects reloaded before import = 0
Number of asset objects unloaded after import = 63
========================================================================
Received Prepare
Begin MonoManager ReloadAssembly
- Loaded All Assemblies, in  0.645 seconds
Refreshing native plugins compatible for Editor in 8.39 ms, found 3 plugins.
Native extension for WindowsStandalone target not found
[Package Manager] Server::EnsureServerProcessIsRunning -- launch failed, reason: Unity was launched with the -noUpm command-line argument
[Package Manager] UpmClient::Send -- Unable to send message (not connected to UPM process).
[Package Manager] Cannot connect to Unity Package Manager local server
Mono: successfully reloaded assembly
- Finished resetting the current domain, in  1.450 seconds
Domain Reload Profiling: 2086ms
	BeginReloadAssembly (204ms)
		ExecutionOrderSort (0ms)
		DisableScriptedObjects (7ms)
		BackupInstance (0ms)
		ReleaseScriptingObjects (0ms)
		CreateAndSetChildDomain (34ms)
	RebuildCommonClasses (37ms)
	RebuildNativeTypeToScriptingClass (13ms)
	initialDomainReloadingComplete (44ms)
	LoadAllAssembliesAndSetupDomain (338ms)
		LoadAssemblies (445ms)
		RebuildTransferFunctionScriptingTraits (0ms)
		AnalyzeDomain (15ms)
			TypeCache.Refresh (7ms)
				TypeCache.ScanAssembly (0ms)
			ScanForSourceGeneratedMonoScriptInfo (0ms)
			ResolveRequiredComponents (6ms)
	FinalizeReload (1450ms)
		ReleaseScriptCaches (0ms)
		RebuildScriptCaches (0ms)
		SetupLoadedEditorAssemblies (505ms)
			LogAssemblyErrors (0ms)
			InitializePlatformSupportModulesInManaged (11ms)
			SetLoadedEditorAssemblies (5ms)
			RefreshPlugins (0ms)
			BeforeProcessingInitializeOnLoad (111ms)
			ProcessInitializeOnLoadAttributes (327ms)
			ProcessInitializeOnLoadMethodAttributes (31ms)
			AfterProcessingInitializeOnLoad (19ms)
			EditorAssembliesLoaded (0ms)
		ExecutionOrderSort2 (0ms)
		AwakeInstancesAfterBackupRestoration (18ms)
Refreshing native plugins compatible for Editor in 6.98 ms, found 3 plugins.
Preloading 0 native plugins for Editor in 0.00 ms.
Unloading 3270 Unused Serialized files (Serialized files now loaded: 0)
Unloading 25 unused Assets / (30.6 KB). Loaded Objects now: 3810.
Memory consumption went from 126.2 MB to 126.1 MB.
Total: 3.359600 ms (FindLiveObjects: 0.468300 ms CreateObjectMapping: 0.121300 ms MarkObjects: 2.719200 ms  DeleteObjects: 0.049300 ms)

Prepare: number of updated asset objects reloaded= 0
AssetImportParameters requested are different than current active one (requested -> active):
  custom:container-demuxer-ogg: 62fdf1f143b41e24485cea50d1cbac27 -> 
  custom:video-decoder-ogg-theora: a1e56fd34408186e4bbccfd4996cb3dc -> 
  custom:framework-win-MediaFoundation: 216162199b28c13a410421893ffa2e32 -> 
  custom:CustomObjectIndexerAttribute: 756ad292c208cfabdd7b50bc23989ffe -> 
  custom:container-demuxer-webm: 4f35f7cbe854078d1ac9338744f61a02 -> 
  custom:container-muxer-webm: aa71ff27fc2769a1b78a27578f13a17b -> 
  custom:video-decoder-webm-vp8: 9c59270c3fd7afecdb556c50c9e8de78 -> 
  custom:SearchIndexIgnoredProperties: e643bd26f0fe6173181afceb89e7c659 -> 
  custom:AudioImporter_EditorPlatform: d09bf68614088b80899f8185d706f6e7 -> 
  custom:video-encoder-webm-vp8: eb34c28f22e8b96e1ab97ce403110664 -> 
  custom:audio-decoder-ogg-vorbis: bf7c407c2cedff20999df2af8eb42d56 -> 
  custom:audio-encoder-webm-vorbis: bf7c407c2cedff20999df2af8eb42d56 -> 
========================================================================
Received Prepare
Begin MonoManager ReloadAssembly
- Loaded All Assemblies, in  0.635 seconds
Refreshing native plugins compatible for Editor in 6.49 ms, found 3 plugins.
Native extension for WindowsStandalone target not found
[Package Manager] Server::EnsureServerProcessIsRunning -- launch failed, reason: Unity was launched with the -noUpm command-line argument
[Package Manager] UpmClient::Send -- Unable to send message (not connected to UPM process).
[Package Manager] Cannot connect to Unity Package Manager local server
Mono: successfully reloaded assembly
- Finished resetting the current domain, in  1.460 seconds
Domain Reload Profiling: 2087ms
	BeginReloadAssembly (208ms)
		ExecutionOrderSort (0ms)
		DisableScriptedObjects (7ms)
		BackupInstance (0ms)
		ReleaseScriptingObjects (0ms)
		CreateAndSetChildDomain (31ms)
	RebuildCommonClasses (38ms)
	RebuildNativeTypeToScriptingClass (13ms)
	initialDomainReloadingComplete (44ms)
	LoadAllAssembliesAndSetupDomain (324ms)
		LoadAssemblies (435ms)
		RebuildTransferFunctionScriptingTraits (0ms)
		AnalyzeDomain (15ms)
			TypeCache.Refresh (7ms)
				TypeCache.ScanAssembly (0ms)
			ScanForSourceGeneratedMonoScriptInfo (0ms)
			ResolveRequiredComponents (6ms)
	FinalizeReload (1461ms)
		ReleaseScriptCaches (0ms)
		RebuildScriptCaches (0ms)
		SetupLoadedEditorAssemblies (654ms)
			LogAssemblyErrors (0ms)
			InitializePlatformSupportModulesInManaged (10ms)
			SetLoadedEditorAssemblies (5ms)
			RefreshPlugins (0ms)
			BeforeProcessingInitializeOnLoad (99ms)
			ProcessInitializeOnLoadAttributes (484ms)
			ProcessInitializeOnLoadMethodAttributes (34ms)
			AfterProcessingInitializeOnLoad (21ms)
			EditorAssembliesLoaded (0ms)
		ExecutionOrderSort2 (0ms)
		AwakeInstancesAfterBackupRestoration (18ms)
Refreshing native plugins compatible for Editor in 6.43 ms, found 3 plugins.
Preloading 0 native plugins for Editor in 0.00 ms.
Unloading 3271 Unused Serialized files (Serialized files now loaded: 0)
Unloading 25 unused Assets / (30.6 KB). Loaded Objects now: 3813.
Memory consumption went from 126.4 MB to 126.4 MB.
Total: 3.305600 ms (FindLiveObjects: 0.399600 ms CreateObjectMapping: 0.106900 ms MarkObjects: 2.754100 ms  DeleteObjects: 0.044200 ms)

Prepare: number of updated asset objects reloaded= 0
AssetImportParameters requested are different than current active one (requested -> active):
  custom:container-demuxer-ogg: 62fdf1f143b41e24485cea50d1cbac27 -> 
  custom:video-decoder-ogg-theora: a1e56fd34408186e4bbccfd4996cb3dc -> 
  custom:framework-win-MediaFoundation: 216162199b28c13a410421893ffa2e32 -> 
  custom:CustomObjectIndexerAttribute: 756ad292c208cfabdd7b50bc23989ffe -> 
  custom:container-demuxer-webm: 4f35f7cbe854078d1ac9338744f61a02 -> 
  custom:container-muxer-webm: aa71ff27fc2769a1b78a27578f13a17b -> 
  custom:video-decoder-webm-vp8: 9c59270c3fd7afecdb556c50c9e8de78 -> 
  custom:SearchIndexIgnoredProperties: e643bd26f0fe6173181afceb89e7c659 -> 
  custom:AudioImporter_EditorPlatform: d09bf68614088b80899f8185d706f6e7 -> 
  custom:video-encoder-webm-vp8: eb34c28f22e8b96e1ab97ce403110664 -> 
  custom:audio-decoder-ogg-vorbis: bf7c407c2cedff20999df2af8eb42d56 -> 
  custom:audio-encoder-webm-vorbis: bf7c407c2cedff20999df2af8eb42d56 -> 
========================================================================
Received Prepare
Begin MonoManager ReloadAssembly
- Loaded All Assemblies, in  0.624 seconds
Refreshing native plugins compatible for Editor in 6.65 ms, found 3 plugins.
Native extension for WindowsStandalone target not found
[Package Manager] Server::EnsureServerProcessIsRunning -- launch failed, reason: Unity was launched with the -noUpm command-line argument
[Package Manager] UpmClient::Send -- Unable to send message (not connected to UPM process).
[Package Manager] Cannot connect to Unity Package Manager local server
Mono: successfully reloaded assembly
- Finished resetting the current domain, in  1.355 seconds
Domain Reload Profiling: 1970ms
	BeginReloadAssembly (204ms)
		ExecutionOrderSort (0ms)
		DisableScriptedObjects (8ms)
		BackupInstance (0ms)
		ReleaseScriptingObjects (0ms)
		CreateAndSetChildDomain (31ms)
	RebuildCommonClasses (38ms)
	RebuildNativeTypeToScriptingClass (13ms)
	initialDomainReloadingComplete (43ms)
	LoadAllAssembliesAndSetupDomain (316ms)
		LoadAssemblies (426ms)
		RebuildTransferFunctionScriptingTraits (0ms)
		AnalyzeDomain (15ms)
			TypeCache.Refresh (7ms)
				TypeCache.ScanAssembly (0ms)
			ScanForSourceGeneratedMonoScriptInfo (0ms)
			ResolveRequiredComponents (6ms)
	FinalizeReload (1356ms)
		ReleaseScriptCaches (0ms)
		RebuildScriptCaches (0ms)
		SetupLoadedEditorAssemblies (503ms)
			LogAssemblyErrors (0ms)
			InitializePlatformSupportModulesInManaged (11ms)
			SetLoadedEditorAssemblies (5ms)
			RefreshPlugins (0ms)
			BeforeProcessingInitializeOnLoad (100ms)
			ProcessInitializeOnLoadAttributes (334ms)
			ProcessInitializeOnLoadMethodAttributes (32ms)
			AfterProcessingInitializeOnLoad (21ms)
			EditorAssembliesLoaded (0ms)
		ExecutionOrderSort2 (0ms)
		AwakeInstancesAfterBackupRestoration (18ms)
Refreshing native plugins compatible for Editor in 6.74 ms, found 3 plugins.
Preloading 0 native plugins for Editor in 0.00 ms.
Unloading 3271 Unused Serialized files (Serialized files now loaded: 0)
Unloading 25 unused Assets / (30.7 KB). Loaded Objects now: 3816.
Memory consumption went from 126.4 MB to 126.4 MB.
Total: 3.308300 ms (FindLiveObjects: 0.486800 ms CreateObjectMapping: 0.114200 ms MarkObjects: 2.662900 ms  DeleteObjects: 0.043400 ms)

Prepare: number of updated asset objects reloaded= 0
AssetImportParameters requested are different than current active one (requested -> active):
  custom:container-demuxer-ogg: 62fdf1f143b41e24485cea50d1cbac27 -> 
  custom:video-decoder-ogg-theora: a1e56fd34408186e4bbccfd4996cb3dc -> 
  custom:framework-win-MediaFoundation: 216162199b28c13a410421893ffa2e32 -> 
  custom:CustomObjectIndexerAttribute: 756ad292c208cfabdd7b50bc23989ffe -> 
  custom:container-demuxer-webm: 4f35f7cbe854078d1ac9338744f61a02 -> 
  custom:container-muxer-webm: aa71ff27fc2769a1b78a27578f13a17b -> 
  custom:video-decoder-webm-vp8: 9c59270c3fd7afecdb556c50c9e8de78 -> 
  custom:SearchIndexIgnoredProperties: e643bd26f0fe6173181afceb89e7c659 -> 
  custom:AudioImporter_EditorPlatform: d09bf68614088b80899f8185d706f6e7 -> 
  custom:video-encoder-webm-vp8: eb34c28f22e8b96e1ab97ce403110664 -> 
  custom:audio-decoder-ogg-vorbis: bf7c407c2cedff20999df2af8eb42d56 -> 
  custom:audio-encoder-webm-vorbis: bf7c407c2cedff20999df2af8eb42d56 -> 
========================================================================
Received Prepare
Begin MonoManager ReloadAssembly
- Loaded All Assemblies, in  0.727 seconds
Refreshing native plugins compatible for Editor in 7.43 ms, found 3 plugins.
Native extension for WindowsStandalone target not found
[Package Manager] Server::EnsureServerProcessIsRunning -- launch failed, reason: Unity was launched with the -noUpm command-line argument
[Package Manager] UpmClient::Send -- Unable to send message (not connected to UPM process).
[Package Manager] Cannot connect to Unity Package Manager local server
Mono: successfully reloaded assembly
- Finished resetting the current domain, in  1.581 seconds
Domain Reload Profiling: 2297ms
	BeginReloadAssembly (216ms)
		ExecutionOrderSort (0ms)
		DisableScriptedObjects (8ms)
		BackupInstance (0ms)
		ReleaseScriptingObjects (0ms)
		CreateAndSetChildDomain (31ms)
	RebuildCommonClasses (45ms)
	RebuildNativeTypeToScriptingClass (15ms)
	initialDomainReloadingComplete (53ms)
	LoadAllAssembliesAndSetupDomain (386ms)
		LoadAssemblies (508ms)
		RebuildTransferFunctionScriptingTraits (0ms)
		AnalyzeDomain (16ms)
			TypeCache.Refresh (8ms)
				TypeCache.ScanAssembly (0ms)
			ScanForSourceGeneratedMonoScriptInfo (0ms)
			ResolveRequiredComponents (7ms)
	FinalizeReload (1581ms)
		ReleaseScriptCaches (0ms)
		RebuildScriptCaches (0ms)
		SetupLoadedEditorAssemblies (563ms)
			LogAssemblyErrors (0ms)
			InitializePlatformSupportModulesInManaged (14ms)
			SetLoadedEditorAssemblies (6ms)
			RefreshPlugins (0ms)
			BeforeProcessingInitializeOnLoad (113ms)
			ProcessInitializeOnLoadAttributes (375ms)
			ProcessInitializeOnLoadMethodAttributes (34ms)
			AfterProcessingInitializeOnLoad (21ms)
			EditorAssembliesLoaded (0ms)
		ExecutionOrderSort2 (0ms)
		AwakeInstancesAfterBackupRestoration (19ms)
Refreshing native plugins compatible for Editor in 7.13 ms, found 3 plugins.
Preloading 0 native plugins for Editor in 0.00 ms.
Unloading 3271 Unused Serialized files (Serialized files now loaded: 0)
Unloading 25 unused Assets / (30.6 KB). Loaded Objects now: 3819.
Memory consumption went from 126.4 MB to 126.4 MB.
Total: 4.147300 ms (FindLiveObjects: 0.789500 ms CreateObjectMapping: 0.136600 ms MarkObjects: 3.163600 ms  DeleteObjects: 0.056600 ms)

Prepare: number of updated asset objects reloaded= 0
AssetImportParameters requested are different than current active one (requested -> active):
  custom:container-demuxer-ogg: 62fdf1f143b41e24485cea50d1cbac27 -> 
  custom:video-decoder-ogg-theora: a1e56fd34408186e4bbccfd4996cb3dc -> 
  custom:framework-win-MediaFoundation: 216162199b28c13a410421893ffa2e32 -> 
  custom:CustomObjectIndexerAttribute: 756ad292c208cfabdd7b50bc23989ffe -> 
  custom:container-demuxer-webm: 4f35f7cbe854078d1ac9338744f61a02 -> 
  custom:container-muxer-webm: aa71ff27fc2769a1b78a27578f13a17b -> 
  custom:video-decoder-webm-vp8: 9c59270c3fd7afecdb556c50c9e8de78 -> 
  custom:SearchIndexIgnoredProperties: e643bd26f0fe6173181afceb89e7c659 -> 
  custom:AudioImporter_EditorPlatform: d09bf68614088b80899f8185d706f6e7 -> 
  custom:video-encoder-webm-vp8: eb34c28f22e8b96e1ab97ce403110664 -> 
  custom:audio-decoder-ogg-vorbis: bf7c407c2cedff20999df2af8eb42d56 -> 
  custom:audio-encoder-webm-vorbis: bf7c407c2cedff20999df2af8eb42d56 -> 
