Using pre-set license
Built from '2022.3/staging' branch; Version is '2022.3.9f1 (ea401c316338) revision 15351836'; Using compiler version '192829333'; Build Type 'Release'
OS: 'Windows 10  (10.0.19043) 64bit Core' Language: 'ko' Physical Memory: 16221 MB
BatchMode: 1, IsHumanControllingUs: 0, StartBugReporterOnCrash: 0, Is64bit: 1, IsPro: 1

COMMAND LINE ARGUMENTS:
C:\Program Files\Unity\Hub\Editor\2022.3.9f1\Editor\Unity.exe
-adb2
-batchMode
-noUpm
-name
AssetImportWorker11
-projectPath
C:/Users/Administrator/Documents/GitHub/2024_TML_team1/TML_project
-logFile
Logs/AssetImportWorker11.log
-srvPort
61170
Successfully changed project path to: C:/Users/Administrator/Documents/GitHub/2024_TML_team1/TML_project
C:/Users/Administrator/Documents/GitHub/2024_TML_team1/TML_project
[UnityMemory] Configuration Parameters - Can be set up in boot.config
    "memorysetup-bucket-allocator-granularity=16"
    "memorysetup-bucket-allocator-bucket-count=8"
    "memorysetup-bucket-allocator-block-size=33554432"
    "memorysetup-bucket-allocator-block-count=8"
    "memorysetup-main-allocator-block-size=16777216"
    "memorysetup-thread-allocator-block-size=16777216"
    "memorysetup-gfx-main-allocator-block-size=16777216"
    "memorysetup-gfx-thread-allocator-block-size=16777216"
    "memorysetup-cache-allocator-block-size=4194304"
    "memorysetup-typetree-allocator-block-size=2097152"
    "memorysetup-profiler-bucket-allocator-granularity=16"
    "memorysetup-profiler-bucket-allocator-bucket-count=8"
    "memorysetup-profiler-bucket-allocator-block-size=33554432"
    "memorysetup-profiler-bucket-allocator-block-count=8"
    "memorysetup-profiler-allocator-block-size=16777216"
    "memorysetup-profiler-editor-allocator-block-size=1048576"
    "memorysetup-temp-allocator-size-main=16777216"
    "memorysetup-job-temp-allocator-block-size=2097152"
    "memorysetup-job-temp-allocator-block-size-background=1048576"
    "memorysetup-job-temp-allocator-reduction-small-platforms=262144"
    "memorysetup-allocator-temp-initial-block-size-main=262144"
    "memorysetup-allocator-temp-initial-block-size-worker=262144"
    "memorysetup-temp-allocator-size-background-worker=32768"
    "memorysetup-temp-allocator-size-job-worker=262144"
    "memorysetup-temp-allocator-size-preload-manager=33554432"
    "memorysetup-temp-allocator-size-nav-mesh-worker=65536"
    "memorysetup-temp-allocator-size-audio-worker=65536"
    "memorysetup-temp-allocator-size-cloud-worker=32768"
    "memorysetup-temp-allocator-size-gi-baking-worker=262144"
    "memorysetup-temp-allocator-size-gfx=262144"
Player connection [14228] Host "[IP] 222.99.139.57 [Port] 0 [Flags] 2 [Guid] 3982347208 [EditorId] 3982347208 [Version] 1048832 [Id] WindowsEditor(7,ONE) [Debug] 1 [PackageName] WindowsEditor [ProjectName] Editor" joined multi-casting on [225.0.0.222:54997]...

Player connection [14228] Host "[IP] 222.99.139.57 [Port] 0 [Flags] 2 [Guid] 3982347208 [EditorId] 3982347208 [Version] 1048832 [Id] WindowsEditor(7,ONE) [Debug] 1 [PackageName] WindowsEditor [ProjectName] Editor" joined alternative multi-casting on [225.0.0.222:34997]...

[Physics::Module] Initialized MultithreadedJobDispatcher with 19 workers.
Refreshing native plugins compatible for Editor in 14.41 ms, found 3 plugins.
Preloading 0 native plugins for Editor in 0.00 ms.
Initialize engine version: 2022.3.9f1 (ea401c316338)
[Subsystems] Discovering subsystems at path C:/Program Files/Unity/Hub/Editor/2022.3.9f1/Editor/Data/Resources/UnitySubsystems
[Subsystems] Discovering subsystems at path C:/Users/Administrator/Documents/GitHub/2024_TML_team1/TML_project/Assets
GfxDevice: creating device client; threaded=0; jobified=0
Direct3D:
    Version:  Direct3D 11.0 [level 11.1]
    Renderer: NVIDIA GeForce RTX 3060 (ID=0x2487)
    Vendor:   NVIDIA
    VRAM:     12110 MB
    Driver:   32.0.15.5612
Initialize mono
Mono path[0] = 'C:/Program Files/Unity/Hub/Editor/2022.3.9f1/Editor/Data/Managed'
Mono path[1] = 'C:/Program Files/Unity/Hub/Editor/2022.3.9f1/Editor/Data/MonoBleedingEdge/lib/mono/unityjit-win32'
Mono config path = 'C:/Program Files/Unity/Hub/Editor/2022.3.9f1/Editor/Data/MonoBleedingEdge/etc'
Using monoOptions --debugger-agent=transport=dt_socket,embedding=1,server=y,suspend=n,address=127.0.0.1:56240
Begin MonoManager ReloadAssembly
Registering precompiled unity dll's ...
Register platform support module: C:/Program Files/Unity/Hub/Editor/2022.3.9f1/Editor/Data/PlaybackEngines/AndroidPlayer/UnityEditor.Android.Extensions.dll
Register platform support module: C:/Program Files/Unity/Hub/Editor/2022.3.9f1/Editor/Data/PlaybackEngines/WindowsStandaloneSupport/UnityEditor.WindowsStandalone.Extensions.dll
Registered in 0.026474 seconds.
- Loaded All Assemblies, in  0.478 seconds
Native extension for WindowsStandalone target not found
Native extension for Android target not found
Android Extension - Scanning For ADB Devices 330 ms
Mono: successfully reloaded assembly
- Finished resetting the current domain, in  0.691 seconds
Domain Reload Profiling: 1163ms
	BeginReloadAssembly (156ms)
		ExecutionOrderSort (0ms)
		DisableScriptedObjects (0ms)
		BackupInstance (0ms)
		ReleaseScriptingObjects (0ms)
		CreateAndSetChildDomain (1ms)
	RebuildCommonClasses (38ms)
	RebuildNativeTypeToScriptingClass (12ms)
	initialDomainReloadingComplete (97ms)
	LoadAllAssembliesAndSetupDomain (168ms)
		LoadAssemblies (152ms)
		RebuildTransferFunctionScriptingTraits (0ms)
		AnalyzeDomain (165ms)
			TypeCache.Refresh (163ms)
				TypeCache.ScanAssembly (148ms)
			ScanForSourceGeneratedMonoScriptInfo (0ms)
			ResolveRequiredComponents (0ms)
	FinalizeReload (691ms)
		ReleaseScriptCaches (0ms)
		RebuildScriptCaches (0ms)
		SetupLoadedEditorAssemblies (629ms)
			LogAssemblyErrors (0ms)
			InitializePlatformSupportModulesInManaged (460ms)
			SetLoadedEditorAssemblies (4ms)
			RefreshPlugins (0ms)
			BeforeProcessingInitializeOnLoad (2ms)
			ProcessInitializeOnLoadAttributes (104ms)
			ProcessInitializeOnLoadMethodAttributes (58ms)
			AfterProcessingInitializeOnLoad (0ms)
			EditorAssembliesLoaded (0ms)
		ExecutionOrderSort2 (0ms)
		AwakeInstancesAfterBackupRestoration (0ms)
========================================================================
Worker process is ready to serve import requests
Begin MonoManager ReloadAssembly
- Loaded All Assemblies, in  0.827 seconds
Refreshing native plugins compatible for Editor in 6.14 ms, found 3 plugins.
Native extension for WindowsStandalone target not found
Native extension for Android target not found
Package Manager log level set to [2]
[Package Manager] Server::EnsureServerProcessIsRunning -- launch failed, reason: Unity was launched with the -noUpm command-line argument
[Package Manager] UpmClient::Send -- Unable to send message (not connected to UPM process).
[Package Manager] Cannot connect to Unity Package Manager local server
Mono: successfully reloaded assembly
- Finished resetting the current domain, in  0.697 seconds
Domain Reload Profiling: 1517ms
	BeginReloadAssembly (191ms)
		ExecutionOrderSort (0ms)
		DisableScriptedObjects (6ms)
		BackupInstance (0ms)
		ReleaseScriptingObjects (0ms)
		CreateAndSetChildDomain (20ms)
	RebuildCommonClasses (42ms)
	RebuildNativeTypeToScriptingClass (12ms)
	initialDomainReloadingComplete (58ms)
	LoadAllAssembliesAndSetupDomain (516ms)
		LoadAssemblies (431ms)
		RebuildTransferFunctionScriptingTraits (0ms)
		AnalyzeDomain (210ms)
			TypeCache.Refresh (187ms)
				TypeCache.ScanAssembly (168ms)
			ScanForSourceGeneratedMonoScriptInfo (17ms)
			ResolveRequiredComponents (5ms)
	FinalizeReload (698ms)
		ReleaseScriptCaches (0ms)
		RebuildScriptCaches (0ms)
		SetupLoadedEditorAssemblies (520ms)
			LogAssemblyErrors (0ms)
			InitializePlatformSupportModulesInManaged (35ms)
			SetLoadedEditorAssemblies (5ms)
			RefreshPlugins (0ms)
			BeforeProcessingInitializeOnLoad (90ms)
			ProcessInitializeOnLoadAttributes (338ms)
			ProcessInitializeOnLoadMethodAttributes (32ms)
			AfterProcessingInitializeOnLoad (20ms)
			EditorAssembliesLoaded (0ms)
		ExecutionOrderSort2 (0ms)
		AwakeInstancesAfterBackupRestoration (15ms)
Launched and connected shader compiler UnityShaderCompiler.exe after 0.06 seconds
Refreshing native plugins compatible for Editor in 2.75 ms, found 3 plugins.
Preloading 0 native plugins for Editor in 0.00 ms.
Unloading 3301 Unused Serialized files (Serialized files now loaded: 0)
Unloading 38 unused Assets / (56.4 KB). Loaded Objects now: 3772.
Memory consumption went from 136.2 MB to 136.1 MB.
Total: 2.171500 ms (FindLiveObjects: 0.149000 ms CreateObjectMapping: 0.066100 ms MarkObjects: 1.883900 ms  DeleteObjects: 0.071800 ms)

AssetImportParameters requested are different than current active one (requested -> active):
  custom:container-demuxer-ogg: 62fdf1f143b41e24485cea50d1cbac27 -> 
  custom:video-decoder-ogg-theora: a1e56fd34408186e4bbccfd4996cb3dc -> 
  custom:framework-win-MediaFoundation: 216162199b28c13a410421893ffa2e32 -> 
  custom:CustomObjectIndexerAttribute: 756ad292c208cfabdd7b50bc23989ffe -> 
  custom:container-demuxer-webm: 4f35f7cbe854078d1ac9338744f61a02 -> 
  custom:container-muxer-webm: aa71ff27fc2769a1b78a27578f13a17b -> 
  custom:video-decoder-webm-vp8: 9c59270c3fd7afecdb556c50c9e8de78 -> 
  custom:SearchIndexIgnoredProperties: e643bd26f0fe6173181afceb89e7c659 -> 
  custom:AudioImporter_EditorPlatform: d09bf68614088b80899f8185d706f6e7 -> 
  custom:video-encoder-webm-vp8: eb34c28f22e8b96e1ab97ce403110664 -> 
  custom:audio-decoder-ogg-vorbis: bf7c407c2cedff20999df2af8eb42d56 -> 
  custom:audio-encoder-webm-vorbis: bf7c407c2cedff20999df2af8eb42d56 -> 
========================================================================
Received Import Request.
  Time since last request: 10146.626155 seconds.
  path: Assets/Prefabs/Towers/Chito_09.prefab
  artifactKey: Guid(b256ec0e6471ce34e836c2676d139d0a) Importer(815301076,1909f56bfc062723c751e8b465ee728b)
Start importing Assets/Prefabs/Towers/Chito_09.prefab using Guid(b256ec0e6471ce34e836c2676d139d0a) Importer(815301076,1909f56bfc062723c751e8b465ee728b)  -> (artifact id: 'ba7ca6b34bcfad7b774718577bebd759') in 0.162187 seconds
Number of updated asset objects reloaded before import = 0
Number of asset objects unloaded after import = 161
========================================================================
Received Import Request.
  Time since last request: 29.088461 seconds.
  path: Assets/Assets/Images/1성/소프트웨어 융합대/치토소융대 측면 모션(우)/치토소융대 측면(우)_00026.png
  artifactKey: Guid(49713b13ccb61824585d72eabf08ba4f) Importer(815301076,1909f56bfc062723c751e8b465ee728b)
Start importing Assets/Assets/Images/1성/소프트웨어 융합대/치토소융대 측면 모션(우)/치토소융대 측면(우)_00026.png using Guid(49713b13ccb61824585d72eabf08ba4f) Importer(815301076,1909f56bfc062723c751e8b465ee728b)  -> (artifact id: 'f1d0c1c1e552b8c2f26289cd8ed763b9') in 0.054373 seconds
Number of updated asset objects reloaded before import = 0
Number of asset objects unloaded after import = 3
========================================================================
Received Import Request.
  Time since last request: 0.015837 seconds.
  path: Assets/Assets/Images/3성/ㄱ.기본형/치토 기본형 측면(좌)2
  artifactKey: Guid(3702ef9ef06036041897ceecde60a667) Importer(815301076,1909f56bfc062723c751e8b465ee728b)
Start importing Assets/Assets/Images/3성/ㄱ.기본형/치토 기본형 측면(좌)2 using Guid(3702ef9ef06036041897ceecde60a667) Importer(815301076,1909f56bfc062723c751e8b465ee728b)  -> (artifact id: 'd3c1bc1ad6cf837ee529ee698e5340af') in 0.000507 seconds
Number of updated asset objects reloaded before import = 0
Number of asset objects unloaded after import = 0
========================================================================
Received Import Request.
  Time since last request: 0.005910 seconds.
  path: Assets/Assets/Images/1성/정통대/치토정통대 측면 모션(좌)/치토정통대 측면(좌)_00007.png
  artifactKey: Guid(685aa2e4ec770e04a83d30907c62801f) Importer(815301076,1909f56bfc062723c751e8b465ee728b)
Start importing Assets/Assets/Images/1성/정통대/치토정통대 측면 모션(좌)/치토정통대 측면(좌)_00007.png using Guid(685aa2e4ec770e04a83d30907c62801f) Importer(815301076,1909f56bfc062723c751e8b465ee728b)  -> (artifact id: '943f688bb215e294908436d76817e776') in 0.030269 seconds
Number of updated asset objects reloaded before import = 0
Number of asset objects unloaded after import = 3
========================================================================
Received Import Request.
  Time since last request: 0.003569 seconds.
  path: Assets/TextMesh Pro/Examples & Extras/Scenes/25 - Sunny Days Example.unity
  artifactKey: Guid(f9b4c22e15cff344ba9fc6542a58dd07) Importer(815301076,1909f56bfc062723c751e8b465ee728b)
Start importing Assets/TextMesh Pro/Examples & Extras/Scenes/25 - Sunny Days Example.unity using Guid(f9b4c22e15cff344ba9fc6542a58dd07) Importer(815301076,1909f56bfc062723c751e8b465ee728b)  -> (artifact id: 'ee8673027ca74f6de8300f554ee816ce') in 0.000514 seconds
Number of updated asset objects reloaded before import = 0
Number of asset objects unloaded after import = 0
========================================================================
Received Import Request.
  Time since last request: 0.066272 seconds.
  path: Assets/Assets/Images/3성/자연과학대/치토자연과학대 정면 2/치토자연과학대 정면 2_00007.png
  artifactKey: Guid(f72ecc3c3bb4c2e4c910c0bda708a32d) Importer(815301076,1909f56bfc062723c751e8b465ee728b)
Start importing Assets/Assets/Images/3성/자연과학대/치토자연과학대 정면 2/치토자연과학대 정면 2_00007.png using Guid(f72ecc3c3bb4c2e4c910c0bda708a32d) Importer(815301076,1909f56bfc062723c751e8b465ee728b)  -> (artifact id: '54a6fa7d4ce2a9a864e1ccea950e285e') in 0.029889 seconds
Number of updated asset objects reloaded before import = 0
Number of asset objects unloaded after import = 3
========================================================================
Received Import Request.
  Time since last request: 0.017834 seconds.
  path: Assets/TextMesh Pro/Resources/LineBreaking Following Characters.txt
  artifactKey: Guid(fade42e8bc714b018fac513c043d323b) Importer(815301076,1909f56bfc062723c751e8b465ee728b)
Start importing Assets/TextMesh Pro/Resources/LineBreaking Following Characters.txt using Guid(fade42e8bc714b018fac513c043d323b) Importer(815301076,1909f56bfc062723c751e8b465ee728b)  -> (artifact id: 'b8365c14771796ff17d339b61ffd2609') in 0.001093 seconds
Number of updated asset objects reloaded before import = 0
Number of asset objects unloaded after import = 1
========================================================================
Received Import Request.
  Time since last request: 0.077461 seconds.
  path: Assets/TextMesh Pro/Examples & Extras/Resources/Fonts & Materials/Roboto-Bold SDF - Drop Shadow.mat
  artifactKey: Guid(b246c4190f4e46ec9352fe15a7b09ce0) Importer(815301076,1909f56bfc062723c751e8b465ee728b)
Start importing Assets/TextMesh Pro/Examples & Extras/Resources/Fonts & Materials/Roboto-Bold SDF - Drop Shadow.mat using Guid(b246c4190f4e46ec9352fe15a7b09ce0) Importer(815301076,1909f56bfc062723c751e8b465ee728b)  -> (artifact id: 'e689c4a4128c14cafc6d7c78cb0738d4') in 0.030485 seconds
Number of updated asset objects reloaded before import = 0
Number of asset objects unloaded after import = 2
========================================================================
Received Import Request.
  Time since last request: 0.000248 seconds.
  path: Assets/Assets/Images/1성/인문대/치토인문대 정면
  artifactKey: Guid(0b373536c2264ad409433b4ca4d74b1a) Importer(815301076,1909f56bfc062723c751e8b465ee728b)
Start importing Assets/Assets/Images/1성/인문대/치토인문대 정면 using Guid(0b373536c2264ad409433b4ca4d74b1a) Importer(815301076,1909f56bfc062723c751e8b465ee728b)  -> (artifact id: 'dc0f9999971bc2420675ddd3905bc17a') in 0.000408 seconds
Number of updated asset objects reloaded before import = 0
Number of asset objects unloaded after import = 0
========================================================================
Received Import Request.
  Time since last request: 0.006425 seconds.
  path: Assets/Assets/Images/3성/미디어/치토미디어 측면(좌) 2/치토미디어 측면(좌) 2_00005.png
  artifactKey: Guid(e5e7d15e3d05ca241b45bf4f821bdd0e) Importer(815301076,1909f56bfc062723c751e8b465ee728b)
Start importing Assets/Assets/Images/3성/미디어/치토미디어 측면(좌) 2/치토미디어 측면(좌) 2_00005.png using Guid(e5e7d15e3d05ca241b45bf4f821bdd0e) Importer(815301076,1909f56bfc062723c751e8b465ee728b)  -> (artifact id: '9266aeac8426ae3e27b8b1e3efe3f0d9') in 0.022047 seconds
Number of updated asset objects reloaded before import = 0
Number of asset objects unloaded after import = 2
========================================================================
Received Import Request.
  Time since last request: 0.016340 seconds.
  path: Assets/Assets/Images/1성/소프트웨어 융합대/치토소융대 측면 모션(우)/치토소융대 측면(우)_00009.png
  artifactKey: Guid(2eeaa78faa7717b469876ad3ab2ca1d8) Importer(815301076,1909f56bfc062723c751e8b465ee728b)
Start importing Assets/Assets/Images/1성/소프트웨어 융합대/치토소융대 측면 모션(우)/치토소융대 측면(우)_00009.png using Guid(2eeaa78faa7717b469876ad3ab2ca1d8) Importer(815301076,1909f56bfc062723c751e8b465ee728b)  -> (artifact id: '18ebec4d6ed21e4f9965c839beae8cf0') in 0.028086 seconds
Number of updated asset objects reloaded before import = 0
Number of asset objects unloaded after import = 3
========================================================================
Received Import Request.
  Time since last request: 0.014976 seconds.
  path: Assets/Assets/Images/2성/자연과학대/치토자연과학대 정면
  artifactKey: Guid(896abb4674b5ad549afeab73ad5e11d3) Importer(815301076,1909f56bfc062723c751e8b465ee728b)
Start importing Assets/Assets/Images/2성/자연과학대/치토자연과학대 정면 using Guid(896abb4674b5ad549afeab73ad5e11d3) Importer(815301076,1909f56bfc062723c751e8b465ee728b)  -> (artifact id: '16f71366794bdf236b90e3001568716a') in 0.000464 seconds
Number of updated asset objects reloaded before import = 0
Number of asset objects unloaded after import = 0
========================================================================
Received Import Request.
  Time since last request: 0.014794 seconds.
  path: Assets/Assets/Images/2성/자연과학대
  artifactKey: Guid(f59a96b339e7e8340b3e57c1b52fa33c) Importer(815301076,1909f56bfc062723c751e8b465ee728b)
Start importing Assets/Assets/Images/2성/자연과학대 using Guid(f59a96b339e7e8340b3e57c1b52fa33c) Importer(815301076,1909f56bfc062723c751e8b465ee728b)  -> (artifact id: '2ea1f379928ac9eeaa9ab010578c04bf') in 0.000443 seconds
Number of updated asset objects reloaded before import = 0
Number of asset objects unloaded after import = 0
========================================================================
Received Import Request.
  Time since last request: 0.028931 seconds.
  path: Assets/TextMesh Pro/Examples & Extras/Scenes/12 - Link Example.unity
  artifactKey: Guid(9747140c28254be2adc582210dfb89b8) Importer(815301076,1909f56bfc062723c751e8b465ee728b)
Start importing Assets/TextMesh Pro/Examples & Extras/Scenes/12 - Link Example.unity using Guid(9747140c28254be2adc582210dfb89b8) Importer(815301076,1909f56bfc062723c751e8b465ee728b)  -> (artifact id: '10eeda541886e816c0f619111f71020a') in 0.000504 seconds
Number of updated asset objects reloaded before import = 0
Number of asset objects unloaded after import = 0
========================================================================
Received Import Request.
  Time since last request: 0.029954 seconds.
  path: Assets/Assets/Images/3성/미디어/치토미디어 후면 2/치토미디어 후면 2_00020.png
  artifactKey: Guid(caa650d5c77586044af7bc58cf86879c) Importer(815301076,1909f56bfc062723c751e8b465ee728b)
Start importing Assets/Assets/Images/3성/미디어/치토미디어 후면 2/치토미디어 후면 2_00020.png using Guid(caa650d5c77586044af7bc58cf86879c) Importer(815301076,1909f56bfc062723c751e8b465ee728b)  -> (artifact id: 'b044fa86f65fd3e2c7299c4d06fd1fb7') in 0.020670 seconds
Number of updated asset objects reloaded before import = 0
Number of asset objects unloaded after import = 2
========================================================================
Received Import Request.
  Time since last request: 0.026395 seconds.
  path: Assets/Assets/Images/3성/자연과학대/치토자연과학대 정면 2/치토자연과학대 정면 2_00015.png
  artifactKey: Guid(dd8e2f352d4e371459c4f4bc0420ffea) Importer(815301076,1909f56bfc062723c751e8b465ee728b)
Start importing Assets/Assets/Images/3성/자연과학대/치토자연과학대 정면 2/치토자연과학대 정면 2_00015.png using Guid(dd8e2f352d4e371459c4f4bc0420ffea) Importer(815301076,1909f56bfc062723c751e8b465ee728b)  -> (artifact id: '990f6b095e082c72e8fafdf19ef01be0') in 0.028484 seconds
Number of updated asset objects reloaded before import = 0
Number of asset objects unloaded after import = 3
========================================================================
Received Import Request.
  Time since last request: 0.027332 seconds.
  path: Assets/Assets/Images/2성/미디어/치토미디어 측면(좌)/치토미디어 측면(좌)_00016.png
  artifactKey: Guid(247129fe39ca8f544906d9d752ae8fbc) Importer(815301076,1909f56bfc062723c751e8b465ee728b)
Start importing Assets/Assets/Images/2성/미디어/치토미디어 측면(좌)/치토미디어 측면(좌)_00016.png using Guid(247129fe39ca8f544906d9d752ae8fbc) Importer(815301076,1909f56bfc062723c751e8b465ee728b)  -> (artifact id: '3df826922bcd1ec810761c60ace146e5') in 0.022007 seconds
Number of updated asset objects reloaded before import = 0
Number of asset objects unloaded after import = 2
========================================================================
Received Import Request.
  Time since last request: 0.011879 seconds.
  path: Assets/Assets/Images/1성/의과/치토의과 측면 모션(좌)/치토의과 측면(좌)_00000.png
  artifactKey: Guid(63aeea34184fd5846add2455babf6adf) Importer(815301076,1909f56bfc062723c751e8b465ee728b)
Start importing Assets/Assets/Images/1성/의과/치토의과 측면 모션(좌)/치토의과 측면(좌)_00000.png using Guid(63aeea34184fd5846add2455babf6adf) Importer(815301076,1909f56bfc062723c751e8b465ee728b)  -> (artifact id: 'a875732c2d93399247ada6b19b75e0b3') in 0.027617 seconds
Number of updated asset objects reloaded before import = 0
Number of asset objects unloaded after import = 3
========================================================================
Received Import Request.
  Time since last request: 0.014752 seconds.
  path: Assets/Assets/Images/2성/미디어/치토미디어 측면(좌)/치토미디어 측면(좌)_00000.png
  artifactKey: Guid(120a05c7db40b164cb26aef0ed0f318b) Importer(815301076,1909f56bfc062723c751e8b465ee728b)
Start importing Assets/Assets/Images/2성/미디어/치토미디어 측면(좌)/치토미디어 측면(좌)_00000.png using Guid(120a05c7db40b164cb26aef0ed0f318b) Importer(815301076,1909f56bfc062723c751e8b465ee728b)  -> (artifact id: 'eed6c76ac5069327c478b3406247fda0') in 0.022086 seconds
Number of updated asset objects reloaded before import = 0
Number of asset objects unloaded after import = 2
========================================================================
Received Import Request.
  Time since last request: 0.005476 seconds.
  path: Assets/TextMesh Pro/Examples & Extras/Scripts
  artifactKey: Guid(3979ce59e55144c89a2b3b3f8dcf7fd3) Importer(815301076,1909f56bfc062723c751e8b465ee728b)
Start importing Assets/TextMesh Pro/Examples & Extras/Scripts using Guid(3979ce59e55144c89a2b3b3f8dcf7fd3) Importer(815301076,1909f56bfc062723c751e8b465ee728b)  -> (artifact id: '12bc6d6ad16a589407f2dc54fc5be5c6') in 0.000449 seconds
Number of updated asset objects reloaded before import = 0
Number of asset objects unloaded after import = 0
========================================================================
Received Import Request.
  Time since last request: 0.023894 seconds.
  path: Assets/Assets/Images/1성/소프트웨어 융합대/치토소융대 측면 모션(좌)/치토소융대 측면(좌)_00014.png
  artifactKey: Guid(9e068ba41d325674da00cfec1465bb12) Importer(815301076,1909f56bfc062723c751e8b465ee728b)
Start importing Assets/Assets/Images/1성/소프트웨어 융합대/치토소융대 측면 모션(좌)/치토소융대 측면(좌)_00014.png using Guid(9e068ba41d325674da00cfec1465bb12) Importer(815301076,1909f56bfc062723c751e8b465ee728b)  -> (artifact id: 'efe2b1d81adf0da7d68f28e1c244ea00') in 0.028029 seconds
Number of updated asset objects reloaded before import = 0
Number of asset objects unloaded after import = 3
========================================================================
Received Import Request.
  Time since last request: 0.017991 seconds.
  path: Assets/Assets/Images/3성/미디어/치토미디어 후면 2/치토미디어 후면 2_00013.png
  artifactKey: Guid(b4a3920ad6318194b8557715d949c3fa) Importer(815301076,1909f56bfc062723c751e8b465ee728b)
Start importing Assets/Assets/Images/3성/미디어/치토미디어 후면 2/치토미디어 후면 2_00013.png using Guid(b4a3920ad6318194b8557715d949c3fa) Importer(815301076,1909f56bfc062723c751e8b465ee728b)  -> (artifact id: '6ac6d32eeb6fba4efe84a7f0c251cd00') in 0.021893 seconds
Number of updated asset objects reloaded before import = 0
Number of asset objects unloaded after import = 2
========================================================================
Received Import Request.
  Time since last request: 0.012437 seconds.
  path: Assets/Assets/Images/3성/약학대/Mdown3.anim
  artifactKey: Guid(50ad5b4e0f5d1084fac0ad19877c478a) Importer(815301076,1909f56bfc062723c751e8b465ee728b)
Start importing Assets/Assets/Images/3성/약학대/Mdown3.anim using Guid(50ad5b4e0f5d1084fac0ad19877c478a) Importer(815301076,1909f56bfc062723c751e8b465ee728b)  -> (artifact id: '37dea81d89317dbb50fcf4b81b7b8445') in 0.001295 seconds
Number of updated asset objects reloaded before import = 0
Number of asset objects unloaded after import = 1
========================================================================
Received Import Request.
  Time since last request: 0.015159 seconds.
  path: Assets/TextMesh Pro/Examples & Extras/Scenes/03 - Line Justification.unity
  artifactKey: Guid(21a509e1d3cd49978623fa564adb6f02) Importer(815301076,1909f56bfc062723c751e8b465ee728b)
Start importing Assets/TextMesh Pro/Examples & Extras/Scenes/03 - Line Justification.unity using Guid(21a509e1d3cd49978623fa564adb6f02) Importer(815301076,1909f56bfc062723c751e8b465ee728b)  -> (artifact id: '11c385f50ed4e39133aa340523227a33') in 0.000502 seconds
Number of updated asset objects reloaded before import = 0
Number of asset objects unloaded after import = 0
========================================================================
Received Import Request.
  Time since last request: 0.009549 seconds.
  path: Assets/TextMesh Pro/Examples & Extras/Prefabs
  artifactKey: Guid(5bff2544887143f5807c7d5059d07f79) Importer(815301076,1909f56bfc062723c751e8b465ee728b)
Start importing Assets/TextMesh Pro/Examples & Extras/Prefabs using Guid(5bff2544887143f5807c7d5059d07f79) Importer(815301076,1909f56bfc062723c751e8b465ee728b)  -> (artifact id: '963c60e6ba0737002ffab506510e2dad') in 0.000398 seconds
Number of updated asset objects reloaded before import = 0
Number of asset objects unloaded after import = 0
========================================================================
Received Import Request.
  Time since last request: 0.032592 seconds.
  path: Assets/TextMesh Pro/Examples & Extras/Textures/Small Crate_normal.jpg
  artifactKey: Guid(8878a782f4334ecbbcf683b3ac780966) Importer(815301076,1909f56bfc062723c751e8b465ee728b)
Start importing Assets/TextMesh Pro/Examples & Extras/Textures/Small Crate_normal.jpg using Guid(8878a782f4334ecbbcf683b3ac780966) Importer(815301076,1909f56bfc062723c751e8b465ee728b)  -> (artifact id: '1ab1c19ed883dd158d13b9a3dd83e8dc') in 0.028084 seconds
Number of updated asset objects reloaded before import = 0
Number of asset objects unloaded after import = 2
========================================================================
Received Import Request.
  Time since last request: 0.009490 seconds.
  path: Assets/TextMesh Pro/Examples & Extras/Resources/Fonts & Materials/LiberationSans SDF - Overlay.mat
  artifactKey: Guid(9ad269c99dcf42b7aedefd83dd5a7b9d) Importer(815301076,1909f56bfc062723c751e8b465ee728b)
Start importing Assets/TextMesh Pro/Examples & Extras/Resources/Fonts & Materials/LiberationSans SDF - Overlay.mat using Guid(9ad269c99dcf42b7aedefd83dd5a7b9d) Importer(815301076,1909f56bfc062723c751e8b465ee728b)  -> (artifact id: '49c892e36d682aa05eda0c7ea315f174') in 0.020036 seconds
Number of updated asset objects reloaded before import = 0
Number of asset objects unloaded after import = 2
========================================================================
Received Import Request.
  Time since last request: 0.002193 seconds.
  path: Assets/TextMesh Pro/Examples & Extras/Scripts/SkewTextExample.cs
  artifactKey: Guid(d412675cfb3441efa3bf8dcd9b7624dc) Importer(815301076,1909f56bfc062723c751e8b465ee728b)
Start importing Assets/TextMesh Pro/Examples & Extras/Scripts/SkewTextExample.cs using Guid(d412675cfb3441efa3bf8dcd9b7624dc) Importer(815301076,1909f56bfc062723c751e8b465ee728b)  -> (artifact id: '686ffb5f7edb9887aca7f8294323cce9') in 0.000509 seconds
Number of updated asset objects reloaded before import = 0
Number of asset objects unloaded after import = 0
========================================================================
Received Import Request.
  Time since last request: 0.008913 seconds.
  path: Assets/TextMesh Pro/Examples & Extras/Scenes/04 - Word Wrapping.unity
  artifactKey: Guid(8f7137eacd7042d5b17ef0efe5e744f5) Importer(815301076,1909f56bfc062723c751e8b465ee728b)
Start importing Assets/TextMesh Pro/Examples & Extras/Scenes/04 - Word Wrapping.unity using Guid(8f7137eacd7042d5b17ef0efe5e744f5) Importer(815301076,1909f56bfc062723c751e8b465ee728b)  -> (artifact id: '25025da0ae23705759e7aa4fed131475') in 0.000548 seconds
Number of updated asset objects reloaded before import = 0
Number of asset objects unloaded after import = 0
========================================================================
Received Import Request.
  Time since last request: 0.024122 seconds.
  path: Assets/Assets/Images/1성/소프트웨어 융합대/치토소융대 측면 모션(우)/치토소융대 측면(우)_00030.png
  artifactKey: Guid(3e9ac151c45dfa0438935cc78c63b15d) Importer(815301076,1909f56bfc062723c751e8b465ee728b)
Start importing Assets/Assets/Images/1성/소프트웨어 융합대/치토소융대 측면 모션(우)/치토소융대 측면(우)_00030.png using Guid(3e9ac151c45dfa0438935cc78c63b15d) Importer(815301076,1909f56bfc062723c751e8b465ee728b)  -> (artifact id: '0f7c82c5df5a2966e7d06ade44167ebc') in 0.028193 seconds
Number of updated asset objects reloaded before import = 0
Number of asset objects unloaded after import = 3
========================================================================
Received Import Request.
  Time since last request: 0.018683 seconds.
  path: Assets/Assets/Images/1성/소프트웨어 융합대/치토소융대 측면 모션(우)/치토소융대 측면(우)_00008.png
  artifactKey: Guid(9f587ef873c3e424f958b7d93fa5ec4e) Importer(815301076,1909f56bfc062723c751e8b465ee728b)
Start importing Assets/Assets/Images/1성/소프트웨어 융합대/치토소융대 측면 모션(우)/치토소융대 측면(우)_00008.png using Guid(9f587ef873c3e424f958b7d93fa5ec4e) Importer(815301076,1909f56bfc062723c751e8b465ee728b)  -> (artifact id: '644f2eedd9772d81dcccc0eae3937d04') in 0.027919 seconds
Number of updated asset objects reloaded before import = 0
Number of asset objects unloaded after import = 3
========================================================================
Received Import Request.
  Time since last request: 0.076660 seconds.
  path: Assets/Assets/Images/3성/인문대/치토인문대 후면 2
  artifactKey: Guid(fa2dc6dc46a6d634184ef52fbaae18f5) Importer(815301076,1909f56bfc062723c751e8b465ee728b)
Start importing Assets/Assets/Images/3성/인문대/치토인문대 후면 2 using Guid(fa2dc6dc46a6d634184ef52fbaae18f5) Importer(815301076,1909f56bfc062723c751e8b465ee728b)  -> (artifact id: 'bdfa97d699364504cabf2b735f0374ff') in 0.000554 seconds
Number of updated asset objects reloaded before import = 0
Number of asset objects unloaded after import = 0
========================================================================
Received Import Request.
  Time since last request: 0.016323 seconds.
  path: Assets/Assets/Images/1성/자연과학대/치토자연과학대 측면 모션(좌)/치토자연과학대 측면(좌)_00006.png
  artifactKey: Guid(9a70ce3c87ba0164e8f5f74551c67f10) Importer(815301076,1909f56bfc062723c751e8b465ee728b)
Start importing Assets/Assets/Images/1성/자연과학대/치토자연과학대 측면 모션(좌)/치토자연과학대 측면(좌)_00006.png using Guid(9a70ce3c87ba0164e8f5f74551c67f10) Importer(815301076,1909f56bfc062723c751e8b465ee728b)  -> (artifact id: '00e7d1f909d6ff5bf2c456be34fc7856') in 0.028050 seconds
Number of updated asset objects reloaded before import = 0
Number of asset objects unloaded after import = 3
========================================================================
Received Import Request.
  Time since last request: 0.014504 seconds.
  path: Assets/TextMesh Pro/Examples & Extras/Scripts/SimpleScript.cs
  artifactKey: Guid(9eff140b25d64601aabc6ba32245d099) Importer(815301076,1909f56bfc062723c751e8b465ee728b)
Start importing Assets/TextMesh Pro/Examples & Extras/Scripts/SimpleScript.cs using Guid(9eff140b25d64601aabc6ba32245d099) Importer(815301076,1909f56bfc062723c751e8b465ee728b)  -> (artifact id: '313b00b1e01528f95ba5a782cb7e04ac') in 0.000541 seconds
Number of updated asset objects reloaded before import = 0
Number of asset objects unloaded after import = 0
========================================================================
Received Import Request.
  Time since last request: 0.001192 seconds.
  path: Assets/Assets/Images/3성/미디어
  artifactKey: Guid(f68dca32c5e7a9d49be7f95b81139c58) Importer(815301076,1909f56bfc062723c751e8b465ee728b)
Start importing Assets/Assets/Images/3성/미디어 using Guid(f68dca32c5e7a9d49be7f95b81139c58) Importer(815301076,1909f56bfc062723c751e8b465ee728b)  -> (artifact id: 'd81d0a33fb625a99c259b21fd86db858') in 0.000384 seconds
Number of updated asset objects reloaded before import = 0
Number of asset objects unloaded after import = 0
========================================================================
Received Import Request.
  Time since last request: 0.010319 seconds.
  path: Assets/TextMesh Pro/Examples & Extras/Scenes/20 - Input Field with Scrollbar.unity
  artifactKey: Guid(337f92480dd24675aae9e79210fb1ad9) Importer(815301076,1909f56bfc062723c751e8b465ee728b)
Start importing Assets/TextMesh Pro/Examples & Extras/Scenes/20 - Input Field with Scrollbar.unity using Guid(337f92480dd24675aae9e79210fb1ad9) Importer(815301076,1909f56bfc062723c751e8b465ee728b)  -> (artifact id: '16aaa63b96b8eabff57feeb993c79a6c') in 0.000478 seconds
Number of updated asset objects reloaded before import = 0
Number of asset objects unloaded after import = 0
========================================================================
Received Import Request.
  Time since last request: 0.014689 seconds.
  path: Assets/Assets/Images/3성/공대/치토공대 측면(좌) 2
  artifactKey: Guid(4730dd0bcffc82e43b962bf5a5654f83) Importer(815301076,1909f56bfc062723c751e8b465ee728b)
Start importing Assets/Assets/Images/3성/공대/치토공대 측면(좌) 2 using Guid(4730dd0bcffc82e43b962bf5a5654f83) Importer(815301076,1909f56bfc062723c751e8b465ee728b)  -> (artifact id: '3d5f37a6a17433716c0b270ed2f8f3ba') in 0.000411 seconds
Number of updated asset objects reloaded before import = 0
Number of asset objects unloaded after import = 0
========================================================================
Received Import Request.
  Time since last request: 0.005983 seconds.
  path: Assets/TextMesh Pro/Shaders/TMPro_Mobile.cginc
  artifactKey: Guid(c334973cef89a9840b0b0c507e0377ab) Importer(815301076,1909f56bfc062723c751e8b465ee728b)
Start importing Assets/TextMesh Pro/Shaders/TMPro_Mobile.cginc using Guid(c334973cef89a9840b0b0c507e0377ab) Importer(815301076,1909f56bfc062723c751e8b465ee728b)  -> (artifact id: 'ed4948e3d3b156c358d774882348c13a') in 0.000994 seconds
Number of updated asset objects reloaded before import = 0
Number of asset objects unloaded after import = 1
========================================================================
Received Import Request.
  Time since last request: 0.006256 seconds.
  path: Assets/Assets/Images/3성/인문대/인문대 측면(우)2/치토인문대 측면(우) 2_00006.png
  artifactKey: Guid(3b68898c0746d1b479f47b68c2140ab8) Importer(815301076,1909f56bfc062723c751e8b465ee728b)
Start importing Assets/Assets/Images/3성/인문대/인문대 측면(우)2/치토인문대 측면(우) 2_00006.png using Guid(3b68898c0746d1b479f47b68c2140ab8) Importer(815301076,1909f56bfc062723c751e8b465ee728b)  -> (artifact id: 'f11edabd4baace803fd1d8fca5be8b4f') in 0.028567 seconds
Number of updated asset objects reloaded before import = 0
Number of asset objects unloaded after import = 3
========================================================================
Received Import Request.
  Time since last request: 0.002267 seconds.
  path: Assets/TextMesh Pro/Resources/Fonts & Materials/LiberationSans SDF - Fallback.asset
  artifactKey: Guid(2e498d1c8094910479dc3e1b768306a4) Importer(815301076,1909f56bfc062723c751e8b465ee728b)
Start importing Assets/TextMesh Pro/Resources/Fonts & Materials/LiberationSans SDF - Fallback.asset using Guid(2e498d1c8094910479dc3e1b768306a4) Importer(815301076,1909f56bfc062723c751e8b465ee728b)  -> (artifact id: 'dc685769aca6f57e70cf2c68a0db1a46') in 0.024936 seconds
Number of updated asset objects reloaded before import = 0
Number of asset objects unloaded after import = 6
========================================================================
Received Import Request.
  Time since last request: 0.012328 seconds.
  path: Assets/Scripts/Jin/Tile.cs
  artifactKey: Guid(a396a3e074ba0b646a72549ebe15ae6d) Importer(815301076,1909f56bfc062723c751e8b465ee728b)
Start importing Assets/Scripts/Jin/Tile.cs using Guid(a396a3e074ba0b646a72549ebe15ae6d) Importer(815301076,1909f56bfc062723c751e8b465ee728b)  -> (artifact id: '932d27b86cc4380c37ea7edab5977ba9') in 0.000501 seconds
Number of updated asset objects reloaded before import = 0
Number of asset objects unloaded after import = 0
========================================================================
Received Import Request.
  Time since last request: 0.003907 seconds.
  path: Assets/Assets/Images/1성/약학대/치토약학대 측면 모션(좌)/치토약학대 측면(좌)_00004.png
  artifactKey: Guid(feea27f181b0e7c459c459ddc08bc245) Importer(815301076,1909f56bfc062723c751e8b465ee728b)
Start importing Assets/Assets/Images/1성/약학대/치토약학대 측면 모션(좌)/치토약학대 측면(좌)_00004.png using Guid(feea27f181b0e7c459c459ddc08bc245) Importer(815301076,1909f56bfc062723c751e8b465ee728b)  -> (artifact id: '748870a03610a254a8e755ea781224ba') in 0.027847 seconds
Number of updated asset objects reloaded before import = 0
Number of asset objects unloaded after import = 3
========================================================================
Received Import Request.
  Time since last request: 0.036069 seconds.
  path: Assets/Assets/Images/3성/간호대/Nleft3.anim
  artifactKey: Guid(2cd05dbd4f259504eba0db76c265fb26) Importer(815301076,1909f56bfc062723c751e8b465ee728b)
Start importing Assets/Assets/Images/3성/간호대/Nleft3.anim using Guid(2cd05dbd4f259504eba0db76c265fb26) Importer(815301076,1909f56bfc062723c751e8b465ee728b)  -> (artifact id: '3304de6c93462b7b8b35ff558318d479') in 0.001345 seconds
Number of updated asset objects reloaded before import = 0
Number of asset objects unloaded after import = 1
========================================================================
Received Import Request.
  Time since last request: 0.014729 seconds.
  path: Assets/Assets/Images/1성/약학대/치토약학대 측면 모션(좌)/치토약학대 측면(좌)_00001.png
  artifactKey: Guid(a0048a19333e95b40bd46dc3ff13d8e1) Importer(815301076,1909f56bfc062723c751e8b465ee728b)
Start importing Assets/Assets/Images/1성/약학대/치토약학대 측면 모션(좌)/치토약학대 측면(좌)_00001.png using Guid(a0048a19333e95b40bd46dc3ff13d8e1) Importer(815301076,1909f56bfc062723c751e8b465ee728b)  -> (artifact id: 'bb852c3c8ed832acfbdb7f86f94cf1d6') in 0.025994 seconds
Number of updated asset objects reloaded before import = 0
Number of asset objects unloaded after import = 3
========================================================================
Received Import Request.
  Time since last request: 0.005148 seconds.
  path: Assets/Assets/Images/1성/소프트웨어 융합대/치토소융대 측면 모션(우)/치토소융대 측면(우)_00037.png
  artifactKey: Guid(f2cb10d70c86ad34fa76f96a4b6a2306) Importer(815301076,1909f56bfc062723c751e8b465ee728b)
Start importing Assets/Assets/Images/1성/소프트웨어 융합대/치토소융대 측면 모션(우)/치토소융대 측면(우)_00037.png using Guid(f2cb10d70c86ad34fa76f96a4b6a2306) Importer(815301076,1909f56bfc062723c751e8b465ee728b)  -> (artifact id: '1be32f80e5386b64947fdfc9078f0293') in 0.027696 seconds
Number of updated asset objects reloaded before import = 0
Number of asset objects unloaded after import = 3
========================================================================
Received Import Request.
  Time since last request: 0.014278 seconds.
  path: Assets/Assets/Images/3성/미디어/치토미디어 측면(좌) 2/치토미디어 측면(좌) 2_00003.png
  artifactKey: Guid(45a87106b99d72b429337718f89b057a) Importer(815301076,1909f56bfc062723c751e8b465ee728b)
Start importing Assets/Assets/Images/3성/미디어/치토미디어 측면(좌) 2/치토미디어 측면(좌) 2_00003.png using Guid(45a87106b99d72b429337718f89b057a) Importer(815301076,1909f56bfc062723c751e8b465ee728b)  -> (artifact id: '97fd0240c7550769ccdcb3ae2d0fb371') in 0.021905 seconds
Number of updated asset objects reloaded before import = 0
Number of asset objects unloaded after import = 2
========================================================================
Received Import Request.
  Time since last request: 0.020245 seconds.
  path: Assets/Assets/Images/3성/인문대/인문대 측면(우)2/치토인문대 측면(우) 2_00002.png
  artifactKey: Guid(0c6dd5f42c1c6504184484e842258fe5) Importer(815301076,1909f56bfc062723c751e8b465ee728b)
Start importing Assets/Assets/Images/3성/인문대/인문대 측면(우)2/치토인문대 측면(우) 2_00002.png using Guid(0c6dd5f42c1c6504184484e842258fe5) Importer(815301076,1909f56bfc062723c751e8b465ee728b)  -> (artifact id: '4e375b4436acef301e0e9d41cc951850') in 0.028554 seconds
Number of updated asset objects reloaded before import = 0
Number of asset objects unloaded after import = 3
========================================================================
Received Import Request.
  Time since last request: 0.004841 seconds.
  path: Assets/Assets/Images/3성/정통대/치토정통대 정면 2/치토정통대 정면 2_00002.png
  artifactKey: Guid(fcbc08c65995aed47a2884331e2dfd71) Importer(815301076,1909f56bfc062723c751e8b465ee728b)
Start importing Assets/Assets/Images/3성/정통대/치토정통대 정면 2/치토정통대 정면 2_00002.png using Guid(fcbc08c65995aed47a2884331e2dfd71) Importer(815301076,1909f56bfc062723c751e8b465ee728b)  -> (artifact id: 'f9b00d1f3aa72df34a8b875c42dbb89b') in 0.028912 seconds
Number of updated asset objects reloaded before import = 0
Number of asset objects unloaded after import = 3
========================================================================
Received Import Request.
  Time since last request: 0.016757 seconds.
  path: Assets/Assets/Images/1성/소프트웨어 융합대/치토소융대 측면 모션(좌)/치토소융대 측면(좌)_00000.png
  artifactKey: Guid(586d94ec1a6876d468e6585b629c71b2) Importer(815301076,1909f56bfc062723c751e8b465ee728b)
Start importing Assets/Assets/Images/1성/소프트웨어 융합대/치토소융대 측면 모션(좌)/치토소융대 측면(좌)_00000.png using Guid(586d94ec1a6876d468e6585b629c71b2) Importer(815301076,1909f56bfc062723c751e8b465ee728b)  -> (artifact id: '4f3a474c55b7e5f5c5169e84f208a7e6') in 0.027874 seconds
Number of updated asset objects reloaded before import = 0
Number of asset objects unloaded after import = 3
========================================================================
Received Import Request.
  Time since last request: 0.012996 seconds.
  path: Assets/Assets/Images/3성/미디어/치토미디어 후면 2/치토미디어 후면 2_00000.png
  artifactKey: Guid(514ec6e9950077446b1c83f37d134856) Importer(815301076,1909f56bfc062723c751e8b465ee728b)
Start importing Assets/Assets/Images/3성/미디어/치토미디어 후면 2/치토미디어 후면 2_00000.png using Guid(514ec6e9950077446b1c83f37d134856) Importer(815301076,1909f56bfc062723c751e8b465ee728b)  -> (artifact id: 'c9d9e1bb9f9fcee04ac1d8903eb0a5f4') in 0.021896 seconds
Number of updated asset objects reloaded before import = 0
Number of asset objects unloaded after import = 2
========================================================================
Received Import Request.
  Time since last request: 0.010242 seconds.
  path: Assets/Assets/Images/1성/소프트웨어 융합대/치토소융대 측면 모션(좌)/치토소융대 측면(좌)_00015.png
  artifactKey: Guid(0fd4a432a669a3541bdffd28cfa618fb) Importer(815301076,1909f56bfc062723c751e8b465ee728b)
Start importing Assets/Assets/Images/1성/소프트웨어 융합대/치토소융대 측면 모션(좌)/치토소융대 측면(좌)_00015.png using Guid(0fd4a432a669a3541bdffd28cfa618fb) Importer(815301076,1909f56bfc062723c751e8b465ee728b)  -> (artifact id: 'a3e3307cc0a202cb5fa35c7acd5f45c0') in 0.027492 seconds
Number of updated asset objects reloaded before import = 0
Number of asset objects unloaded after import = 3
========================================================================
Received Import Request.
  Time since last request: 0.035141 seconds.
  path: Assets/Assets/Images/1성/정통대/치토정통대 측면 모션(우)/치토정통대 측면(우)_00005.png
  artifactKey: Guid(01167427e45d92e478d99ed08a1de26b) Importer(815301076,1909f56bfc062723c751e8b465ee728b)
Start importing Assets/Assets/Images/1성/정통대/치토정통대 측면 모션(우)/치토정통대 측면(우)_00005.png using Guid(01167427e45d92e478d99ed08a1de26b) Importer(815301076,1909f56bfc062723c751e8b465ee728b)  -> (artifact id: 'd59b2d98247bd9c80e3a560640df06b6') in 0.027880 seconds
Number of updated asset objects reloaded before import = 0
Number of asset objects unloaded after import = 3
========================================================================
Received Import Request.
  Time since last request: 0.008586 seconds.
  path: Assets/Assets/Images/1성/소프트웨어 융합대/치토소융대 측면 모션(좌)/치토소융대 측면(좌)_00035.png
  artifactKey: Guid(0a59e0ce5a210504ebf0eb09c7516ccd) Importer(815301076,1909f56bfc062723c751e8b465ee728b)
Start importing Assets/Assets/Images/1성/소프트웨어 융합대/치토소융대 측면 모션(좌)/치토소융대 측면(좌)_00035.png using Guid(0a59e0ce5a210504ebf0eb09c7516ccd) Importer(815301076,1909f56bfc062723c751e8b465ee728b)  -> (artifact id: '8127db08d2e26ae1fbfd33c208d42ccb') in 0.027337 seconds
Number of updated asset objects reloaded before import = 0
Number of asset objects unloaded after import = 3
========================================================================
Received Import Request.
  Time since last request: 0.097031 seconds.
  path: Assets/TextMesh Pro/Examples & Extras/Resources/Fonts & Materials/Bangers SDF Logo.mat
  artifactKey: Guid(f4e195ac1e204eff960149d1cb34e18c) Importer(815301076,1909f56bfc062723c751e8b465ee728b)
Start importing Assets/TextMesh Pro/Examples & Extras/Resources/Fonts & Materials/Bangers SDF Logo.mat using Guid(f4e195ac1e204eff960149d1cb34e18c) Importer(815301076,1909f56bfc062723c751e8b465ee728b)  -> (artifact id: 'dc1bb18e0e1b4b0bab7b3cebb7c107f6') in 0.020913 seconds
Number of updated asset objects reloaded before import = 0
Number of asset objects unloaded after import = 4
========================================================================
Received Import Request.
  Time since last request: 0.009983 seconds.
  path: Assets/Assets/Images/3성/미디어/미디어 측면(우)2
  artifactKey: Guid(9d68b59a62bae254b806667f8df10a2e) Importer(815301076,1909f56bfc062723c751e8b465ee728b)
Start importing Assets/Assets/Images/3성/미디어/미디어 측면(우)2 using Guid(9d68b59a62bae254b806667f8df10a2e) Importer(815301076,1909f56bfc062723c751e8b465ee728b)  -> (artifact id: '59e96a07bac2eecb1b3c2ae42e4867b1') in 0.000489 seconds
Number of updated asset objects reloaded before import = 0
Number of asset objects unloaded after import = 0
========================================================================
Received Import Request.
  Time since last request: 0.019304 seconds.
  path: Assets/Assets/Images/2성/미디어/미디어 측면(우)/치토미디어 측면(우)_00008.png
  artifactKey: Guid(60d8c53915208b248b0c8b339153ab8f) Importer(815301076,1909f56bfc062723c751e8b465ee728b)
Start importing Assets/Assets/Images/2성/미디어/미디어 측면(우)/치토미디어 측면(우)_00008.png using Guid(60d8c53915208b248b0c8b339153ab8f) Importer(815301076,1909f56bfc062723c751e8b465ee728b)  -> (artifact id: '24dccb5d96aa7349be843a443b32262c') in 0.022357 seconds
Number of updated asset objects reloaded before import = 0
Number of asset objects unloaded after import = 2
========================================================================
Received Import Request.
  Time since last request: 0.072859 seconds.
  path: Assets/TextMesh Pro/Examples & Extras/Materials/Ground - Surface Shader Scene.mat
  artifactKey: Guid(aadd5a709a48466c887296bb5b1b8110) Importer(815301076,1909f56bfc062723c751e8b465ee728b)
Start importing Assets/TextMesh Pro/Examples & Extras/Materials/Ground - Surface Shader Scene.mat using Guid(aadd5a709a48466c887296bb5b1b8110) Importer(815301076,1909f56bfc062723c751e8b465ee728b)  -> (artifact id: '3c4b1878516635ab3bc1164a28082c26') in 0.023570 seconds
Number of updated asset objects reloaded before import = 0
Number of asset objects unloaded after import = 2
========================================================================
Received Import Request.
  Time since last request: 0.031472 seconds.
  path: Assets/Assets/Images/3성/인문대/치토인문대 정면 2/치토인문대 정면 2_00001.png
  artifactKey: Guid(c02f4ecfc53904847aefff8bfc3af908) Importer(815301076,1909f56bfc062723c751e8b465ee728b)
Start importing Assets/Assets/Images/3성/인문대/치토인문대 정면 2/치토인문대 정면 2_00001.png using Guid(c02f4ecfc53904847aefff8bfc3af908) Importer(815301076,1909f56bfc062723c751e8b465ee728b)  -> (artifact id: '9223ce065fdd9717abccb030fd512a01') in 0.029347 seconds
Number of updated asset objects reloaded before import = 0
Number of asset objects unloaded after import = 3
========================================================================
Received Import Request.
  Time since last request: 0.009491 seconds.
  path: Assets/Assets/Images/3성/미디어/치토미디어 정면 2/치토미디어 정면 2_00019.png
  artifactKey: Guid(2f185d277c12aa342b7d165042302a3b) Importer(815301076,1909f56bfc062723c751e8b465ee728b)
Start importing Assets/Assets/Images/3성/미디어/치토미디어 정면 2/치토미디어 정면 2_00019.png using Guid(2f185d277c12aa342b7d165042302a3b) Importer(815301076,1909f56bfc062723c751e8b465ee728b)  -> (artifact id: 'a3564b2a40507d3c66af90246212c667') in 0.021478 seconds
Number of updated asset objects reloaded before import = 0
Number of asset objects unloaded after import = 2
========================================================================
Received Import Request.
  Time since last request: 0.008776 seconds.
  path: Assets/Assets/Images/1성/소프트웨어 융합대/치토소융대 후면 모션/치토소융대 후면_00002.png
  artifactKey: Guid(ec30f238962d9a14c860fe346a040315) Importer(815301076,1909f56bfc062723c751e8b465ee728b)
Start importing Assets/Assets/Images/1성/소프트웨어 융합대/치토소융대 후면 모션/치토소융대 후면_00002.png using Guid(ec30f238962d9a14c860fe346a040315) Importer(815301076,1909f56bfc062723c751e8b465ee728b)  -> (artifact id: '0aa8ba02bc3a65d0c2e8b1471cb29b5a') in 0.027983 seconds
Number of updated asset objects reloaded before import = 0
Number of asset objects unloaded after import = 3
========================================================================
Received Import Request.
  Time since last request: 0.006453 seconds.
  path: Assets/Scripts/Jin/PlayerHP.cs
  artifactKey: Guid(9149978fc3d398e499a9207c9670a727) Importer(815301076,1909f56bfc062723c751e8b465ee728b)
Start importing Assets/Scripts/Jin/PlayerHP.cs using Guid(9149978fc3d398e499a9207c9670a727) Importer(815301076,1909f56bfc062723c751e8b465ee728b)  -> (artifact id: 'bd12777ec6aec3aaaf2619097bb93e68') in 0.000508 seconds
Number of updated asset objects reloaded before import = 0
Number of asset objects unloaded after import = 0
========================================================================
Received Import Request.
  Time since last request: 0.037622 seconds.
  path: Assets/Assets/Images/3성/인문대/인문대 측면(우)2/치토인문대 측면(우) 2_00001.png
  artifactKey: Guid(b67dd73d8c6ea82439e8bf405d4c00d5) Importer(815301076,1909f56bfc062723c751e8b465ee728b)
Start importing Assets/Assets/Images/3성/인문대/인문대 측면(우)2/치토인문대 측면(우) 2_00001.png using Guid(b67dd73d8c6ea82439e8bf405d4c00d5) Importer(815301076,1909f56bfc062723c751e8b465ee728b)  -> (artifact id: '873f18dc5e1fd92c29f3811c57862937') in 0.028350 seconds
Number of updated asset objects reloaded before import = 0
Number of asset objects unloaded after import = 3
========================================================================
Received Import Request.
  Time since last request: 0.082756 seconds.
  path: Assets/Assets/Images/1성/소프트웨어 융합대/치토소융대 측면 모션(우)/치토소융대 측면(우)_00020.png
  artifactKey: Guid(222977f74439c9049ae3be90c232de07) Importer(815301076,1909f56bfc062723c751e8b465ee728b)
Start importing Assets/Assets/Images/1성/소프트웨어 융합대/치토소융대 측면 모션(우)/치토소융대 측면(우)_00020.png using Guid(222977f74439c9049ae3be90c232de07) Importer(815301076,1909f56bfc062723c751e8b465ee728b)  -> (artifact id: 'd5db3e9677fc6883f7b9bf1b1356d5b2') in 0.027168 seconds
Number of updated asset objects reloaded before import = 0
Number of asset objects unloaded after import = 3
========================================================================
Received Import Request.
  Time since last request: 0.013987 seconds.
  path: Assets/Assets/Images/1성/공대/Gright.anim
  artifactKey: Guid(7c0cabfaf66273647aa7fb8e28fad5c4) Importer(815301076,1909f56bfc062723c751e8b465ee728b)
Start importing Assets/Assets/Images/1성/공대/Gright.anim using Guid(7c0cabfaf66273647aa7fb8e28fad5c4) Importer(815301076,1909f56bfc062723c751e8b465ee728b)  -> (artifact id: '9660ef4282344c36b493308f972c4daf') in 0.001256 seconds
Number of updated asset objects reloaded before import = 0
Number of asset objects unloaded after import = 1
========================================================================
Received Import Request.
  Time since last request: 0.020109 seconds.
  path: Assets/Assets/Images/3성/미디어/치토미디어 정면 2/치토미디어 정면 2_00016.png
  artifactKey: Guid(a839c8e15445cb6418d9479125321b92) Importer(815301076,1909f56bfc062723c751e8b465ee728b)
Start importing Assets/Assets/Images/3성/미디어/치토미디어 정면 2/치토미디어 정면 2_00016.png using Guid(a839c8e15445cb6418d9479125321b92) Importer(815301076,1909f56bfc062723c751e8b465ee728b)  -> (artifact id: '348b4339e544b3882b1c22067df4f023') in 0.022848 seconds
Number of updated asset objects reloaded before import = 0
Number of asset objects unloaded after import = 2
========================================================================
Received Import Request.
  Time since last request: 0.002022 seconds.
  path: Assets/TextMesh Pro/Examples & Extras/Resources/Fonts & Materials/Anton SDF - Drop Shadow.mat
  artifactKey: Guid(749b9069dc4742c5bfa5c74644049926) Importer(815301076,1909f56bfc062723c751e8b465ee728b)
Start importing Assets/TextMesh Pro/Examples & Extras/Resources/Fonts & Materials/Anton SDF - Drop Shadow.mat using Guid(749b9069dc4742c5bfa5c74644049926) Importer(815301076,1909f56bfc062723c751e8b465ee728b)  -> (artifact id: 'a97a5c78dea5de9e750b39faae3d71b3') in 0.007151 seconds
Number of updated asset objects reloaded before import = 0
Number of asset objects unloaded after import = 2
========================================================================
Received Import Request.
  Time since last request: 0.004333 seconds.
  path: Assets/Assets/Images/1성/소프트웨어 융합대/치토소융대 후면 모션/치토소융대 후면_00007.png
  artifactKey: Guid(620aa744c8b4e9a40a513f1c91414a3a) Importer(815301076,1909f56bfc062723c751e8b465ee728b)
Start importing Assets/Assets/Images/1성/소프트웨어 융합대/치토소융대 후면 모션/치토소융대 후면_00007.png using Guid(620aa744c8b4e9a40a513f1c91414a3a) Importer(815301076,1909f56bfc062723c751e8b465ee728b)  -> (artifact id: '31adb8956e9f6a3a22fb315fd9b94d80') in 0.027389 seconds
Number of updated asset objects reloaded before import = 0
Number of asset objects unloaded after import = 3
========================================================================
Received Import Request.
  Time since last request: 0.008078 seconds.
  path: Assets/Assets/Images/1성/소프트웨어 융합대/치토소융대 측면 모션(좌)/치토소융대 측면(좌)_00011.png
  artifactKey: Guid(441eb0eb571bd9342853b59d6f7b1a55) Importer(815301076,1909f56bfc062723c751e8b465ee728b)
Start importing Assets/Assets/Images/1성/소프트웨어 융합대/치토소융대 측면 모션(좌)/치토소융대 측면(좌)_00011.png using Guid(441eb0eb571bd9342853b59d6f7b1a55) Importer(815301076,1909f56bfc062723c751e8b465ee728b)  -> (artifact id: 'c3a835cd55a1902bcd3a90030f744c9b') in 0.027610 seconds
Number of updated asset objects reloaded before import = 0
Number of asset objects unloaded after import = 3
========================================================================
Received Import Request.
  Time since last request: 0.027826 seconds.
  path: Assets/Assets/Images/3성/인문대/인문대 측면(우)2/치토인문대 측면(우) 2_00017.png
  artifactKey: Guid(6b8eee4c74474774692c9dc5a95ec28a) Importer(815301076,1909f56bfc062723c751e8b465ee728b)
Start importing Assets/Assets/Images/3성/인문대/인문대 측면(우)2/치토인문대 측면(우) 2_00017.png using Guid(6b8eee4c74474774692c9dc5a95ec28a) Importer(815301076,1909f56bfc062723c751e8b465ee728b)  -> (artifact id: 'c2b9a95d3baf2ffd2d5f055cba12f969') in 0.029185 seconds
Number of updated asset objects reloaded before import = 0
Number of asset objects unloaded after import = 3
========================================================================
Received Import Request.
  Time since last request: 0.029510 seconds.
  path: Assets/Assets/Images/2성/소융대/소융대 측면(우)
  artifactKey: Guid(b09f7fe4e0c6c374b85e8340fb9bf407) Importer(815301076,1909f56bfc062723c751e8b465ee728b)
Start importing Assets/Assets/Images/2성/소융대/소융대 측면(우) using Guid(b09f7fe4e0c6c374b85e8340fb9bf407) Importer(815301076,1909f56bfc062723c751e8b465ee728b)  -> (artifact id: 'ec87d0bcf3e31fe720dc59a765016052') in 0.000523 seconds
Number of updated asset objects reloaded before import = 0
Number of asset objects unloaded after import = 0
========================================================================
Received Import Request.
  Time since last request: 0.032412 seconds.
  path: Assets/Assets/Images/2성/미디어/치토미디어 정면/치토미디어 정면_00008.png
  artifactKey: Guid(a528941b9e54d914ebd35a53d5cd3b58) Importer(815301076,1909f56bfc062723c751e8b465ee728b)
Start importing Assets/Assets/Images/2성/미디어/치토미디어 정면/치토미디어 정면_00008.png using Guid(a528941b9e54d914ebd35a53d5cd3b58) Importer(815301076,1909f56bfc062723c751e8b465ee728b)  -> (artifact id: '43780e43707132345172e6dde4d98ee8') in 0.021903 seconds
Number of updated asset objects reloaded before import = 0
Number of asset objects unloaded after import = 2
========================================================================
Received Import Request.
  Time since last request: 0.003561 seconds.
  path: Assets/TextMesh Pro/Examples & Extras/Textures/Sunny Days - Seamless.jpg
  artifactKey: Guid(17c350171f7a3ca479f830547c66d187) Importer(815301076,1909f56bfc062723c751e8b465ee728b)
Start importing Assets/TextMesh Pro/Examples & Extras/Textures/Sunny Days - Seamless.jpg using Guid(17c350171f7a3ca479f830547c66d187) Importer(815301076,1909f56bfc062723c751e8b465ee728b)  -> (artifact id: '6182d5448dd64d6323ce81eabe76921e') in 0.024670 seconds
Number of updated asset objects reloaded before import = 0
Number of asset objects unloaded after import = 2
========================================================================
Received Import Request.
  Time since last request: 0.016785 seconds.
  path: Assets/Assets/Images/2성/미디어/치토미디어 측면(좌)/치토미디어 측면(좌)_00014.png
  artifactKey: Guid(ed5bcd19e53f70b478ff4c5aca7c30a1) Importer(815301076,1909f56bfc062723c751e8b465ee728b)
Start importing Assets/Assets/Images/2성/미디어/치토미디어 측면(좌)/치토미디어 측면(좌)_00014.png using Guid(ed5bcd19e53f70b478ff4c5aca7c30a1) Importer(815301076,1909f56bfc062723c751e8b465ee728b)  -> (artifact id: '4971272c7651d8bdd00a7932a6017259') in 0.022171 seconds
Number of updated asset objects reloaded before import = 0
Number of asset objects unloaded after import = 2
========================================================================
Received Import Request.
  Time since last request: 0.018924 seconds.
  path: Assets/Assets/Images/3성/미디어/치토미디어 측면(좌) 2/치토미디어 측면(좌) 2_00017.png
  artifactKey: Guid(d943e0e49e4ad7d458fdc43c1cabe37e) Importer(815301076,1909f56bfc062723c751e8b465ee728b)
Start importing Assets/Assets/Images/3성/미디어/치토미디어 측면(좌) 2/치토미디어 측면(좌) 2_00017.png using Guid(d943e0e49e4ad7d458fdc43c1cabe37e) Importer(815301076,1909f56bfc062723c751e8b465ee728b)  -> (artifact id: 'b3422a5d2d24133a8e6b7110b74efb88') in 0.023208 seconds
Number of updated asset objects reloaded before import = 0
Number of asset objects unloaded after import = 2
========================================================================
Received Import Request.
  Time since last request: 0.032928 seconds.
  path: Assets/Assets/Images/3성/약학대/약학 측면(우)2
  artifactKey: Guid(601de5d4c9df0d54a877dcf397967dd1) Importer(815301076,1909f56bfc062723c751e8b465ee728b)
Start importing Assets/Assets/Images/3성/약학대/약학 측면(우)2 using Guid(601de5d4c9df0d54a877dcf397967dd1) Importer(815301076,1909f56bfc062723c751e8b465ee728b)  -> (artifact id: '509cb1a606d0a9ece50ed3165849d3a0') in 0.000536 seconds
Number of updated asset objects reloaded before import = 0
Number of asset objects unloaded after import = 0
========================================================================
Received Import Request.
  Time since last request: 0.007100 seconds.
  path: Assets/TextMesh Pro/Examples & Extras/Scenes/14 - Multi Font & Sprites.unity
  artifactKey: Guid(22a2fba786ad4c40ac0ba09f0b933100) Importer(815301076,1909f56bfc062723c751e8b465ee728b)
Start importing Assets/TextMesh Pro/Examples & Extras/Scenes/14 - Multi Font & Sprites.unity using Guid(22a2fba786ad4c40ac0ba09f0b933100) Importer(815301076,1909f56bfc062723c751e8b465ee728b)  -> (artifact id: '8edd14c2c974235a132c1cb5822ddcea') in 0.000523 seconds
Number of updated asset objects reloaded before import = 0
Number of asset objects unloaded after import = 0
========================================================================
Received Import Request.
  Time since last request: 0.003583 seconds.
  path: Assets/Assets/Images/3성/정통대/치토정통대 정면 2/치토정통대 정면 2_00003.png
  artifactKey: Guid(82bcc445d74ca36409772f07c771ec5e) Importer(815301076,1909f56bfc062723c751e8b465ee728b)
Start importing Assets/Assets/Images/3성/정통대/치토정통대 정면 2/치토정통대 정면 2_00003.png using Guid(82bcc445d74ca36409772f07c771ec5e) Importer(815301076,1909f56bfc062723c751e8b465ee728b)  -> (artifact id: 'cd61f84b9bec403fc74535033aee8691') in 0.028969 seconds
Number of updated asset objects reloaded before import = 0
Number of asset objects unloaded after import = 3
========================================================================
Received Import Request.
  Time since last request: 0.038925 seconds.
  path: Assets/Assets/Images/2성/미디어/치토미디어 정면/치토미디어 정면_00002.png
  artifactKey: Guid(b28213e8e13fdb845adaad3e8b222aaa) Importer(815301076,1909f56bfc062723c751e8b465ee728b)
Start importing Assets/Assets/Images/2성/미디어/치토미디어 정면/치토미디어 정면_00002.png using Guid(b28213e8e13fdb845adaad3e8b222aaa) Importer(815301076,1909f56bfc062723c751e8b465ee728b)  -> (artifact id: 'db8a12254c190436159cc89ba33c0c70') in 0.022224 seconds
Number of updated asset objects reloaded before import = 0
Number of asset objects unloaded after import = 2
========================================================================
Received Import Request.
  Time since last request: 0.005641 seconds.
  path: Assets/Assets/Images/3성/자연과학대/자연과학대 측면(우)2/자연과학대 측면(우)2_00015.png
  artifactKey: Guid(0e2347b74d1dd3b468d98c701b87d624) Importer(815301076,1909f56bfc062723c751e8b465ee728b)
Start importing Assets/Assets/Images/3성/자연과학대/자연과학대 측면(우)2/자연과학대 측면(우)2_00015.png using Guid(0e2347b74d1dd3b468d98c701b87d624) Importer(815301076,1909f56bfc062723c751e8b465ee728b)  -> (artifact id: 'b068fd8d1d78f0fbf122582b8e065fa7') in 0.028078 seconds
Number of updated asset objects reloaded before import = 0
Number of asset objects unloaded after import = 3
========================================================================
Received Import Request.
  Time since last request: 0.039177 seconds.
  path: Assets/Assets/Images/1성/정통대/치토정통대 측면 모션(우)/치토정통대 측면(우)_00019.png
  artifactKey: Guid(5e8a4f8e8d9d2dc45ad722be61fa3607) Importer(815301076,1909f56bfc062723c751e8b465ee728b)
Start importing Assets/Assets/Images/1성/정통대/치토정통대 측면 모션(우)/치토정통대 측면(우)_00019.png using Guid(5e8a4f8e8d9d2dc45ad722be61fa3607) Importer(815301076,1909f56bfc062723c751e8b465ee728b)  -> (artifact id: 'ef91bb02cdd6bb168d9ac4d8ae6189c0') in 0.027328 seconds
Number of updated asset objects reloaded before import = 0
Number of asset objects unloaded after import = 3
========================================================================
Received Import Request.
  Time since last request: 0.015041 seconds.
  path: Assets/Assets/Images/1성/정통대/치토정통대 측면 모션(우)/치토정통대 측면(우)_00013.png
  artifactKey: Guid(5ce9c342475585e4e9a2a51d0e28be86) Importer(815301076,1909f56bfc062723c751e8b465ee728b)
Start importing Assets/Assets/Images/1성/정통대/치토정통대 측면 모션(우)/치토정통대 측면(우)_00013.png using Guid(5ce9c342475585e4e9a2a51d0e28be86) Importer(815301076,1909f56bfc062723c751e8b465ee728b)  -> (artifact id: 'a090b548310f4bbc69c21b75ddc91330') in 0.033607 seconds
Number of updated asset objects reloaded before import = 0
Number of asset objects unloaded after import = 3
========================================================================
Received Import Request.
  Time since last request: 0.055639 seconds.
  path: Assets/Assets/Images/1성/소프트웨어 융합대/치토소융대 측면 모션(우)/치토소융대 측면(우)_00029.png
  artifactKey: Guid(bbceee61805d2de4db4d83965b5f2619) Importer(815301076,1909f56bfc062723c751e8b465ee728b)
Start importing Assets/Assets/Images/1성/소프트웨어 융합대/치토소융대 측면 모션(우)/치토소융대 측면(우)_00029.png using Guid(bbceee61805d2de4db4d83965b5f2619) Importer(815301076,1909f56bfc062723c751e8b465ee728b)  -> (artifact id: '371f4df0c501a2dfa56ebd42a155b98d') in 0.035554 seconds
Number of updated asset objects reloaded before import = 0
Number of asset objects unloaded after import = 3
========================================================================
Received Import Request.
  Time since last request: 0.046294 seconds.
  path: Assets/Assets/Images/1성/소프트웨어 융합대/치토소융대 측면 모션(우)/치토소융대 측면(우)_00006.png
  artifactKey: Guid(8ea0133dc7852bc4faebd0cc2d4f944d) Importer(815301076,1909f56bfc062723c751e8b465ee728b)
Start importing Assets/Assets/Images/1성/소프트웨어 융합대/치토소융대 측면 모션(우)/치토소융대 측면(우)_00006.png using Guid(8ea0133dc7852bc4faebd0cc2d4f944d) Importer(815301076,1909f56bfc062723c751e8b465ee728b)  -> (artifact id: 'b37d56e3f1ca9dc3b84388118caacb4d') in 0.033407 seconds
Number of updated asset objects reloaded before import = 0
Number of asset objects unloaded after import = 3
========================================================================
Received Import Request.
  Time since last request: 0.012116 seconds.
  path: Assets/Assets/Images/3성/인문대/인문대 측면(우)2/치토인문대 측면(우) 2_00016.png
  artifactKey: Guid(ab9da1480c83f7b438e19331a5009f93) Importer(815301076,1909f56bfc062723c751e8b465ee728b)
Start importing Assets/Assets/Images/3성/인문대/인문대 측면(우)2/치토인문대 측면(우) 2_00016.png using Guid(ab9da1480c83f7b438e19331a5009f93) Importer(815301076,1909f56bfc062723c751e8b465ee728b)  -> (artifact id: 'bd4dacfc101417c93a4874f68fb1338d') in 0.034261 seconds
Number of updated asset objects reloaded before import = 0
Number of asset objects unloaded after import = 3
========================================================================
Received Import Request.
  Time since last request: 0.057022 seconds.
  path: Assets/Assets/Images/2성/미디어/치토미디어 정면/치토미디어 정면_00013.png
  artifactKey: Guid(c85bb2dd7ad6af14382c941655ef3e2b) Importer(815301076,1909f56bfc062723c751e8b465ee728b)
Start importing Assets/Assets/Images/2성/미디어/치토미디어 정면/치토미디어 정면_00013.png using Guid(c85bb2dd7ad6af14382c941655ef3e2b) Importer(815301076,1909f56bfc062723c751e8b465ee728b)  -> (artifact id: 'e6cba482a33f95f7af7284dc8b14fc8b') in 0.022447 seconds
Number of updated asset objects reloaded before import = 0
Number of asset objects unloaded after import = 2
========================================================================
Received Import Request.
  Time since last request: 0.011098 seconds.
  path: Assets/Assets/Images/1성/의과/치토의과 측면 모션(우)/치토의과 측면(우)_00017.png
  artifactKey: Guid(9b8b2bc3165f0b84c9a56f87faa8c109) Importer(815301076,1909f56bfc062723c751e8b465ee728b)
Start importing Assets/Assets/Images/1성/의과/치토의과 측면 모션(우)/치토의과 측면(우)_00017.png using Guid(9b8b2bc3165f0b84c9a56f87faa8c109) Importer(815301076,1909f56bfc062723c751e8b465ee728b)  -> (artifact id: '7ec6f671a715efb868439cbc1e6ac2d7') in 0.025867 seconds
Number of updated asset objects reloaded before import = 0
Number of asset objects unloaded after import = 3
========================================================================
Received Import Request.
  Time since last request: 0.004174 seconds.
  path: Assets/Assets/Images/3성/미디어/치토미디어 정면 2/치토미디어 정면 2_00011.png
  artifactKey: Guid(9f4b9da075c5490448075f53fa909555) Importer(815301076,1909f56bfc062723c751e8b465ee728b)
Start importing Assets/Assets/Images/3성/미디어/치토미디어 정면 2/치토미디어 정면 2_00011.png using Guid(9f4b9da075c5490448075f53fa909555) Importer(815301076,1909f56bfc062723c751e8b465ee728b)  -> (artifact id: 'cb8cc2233787d51ea69a384f8a1b0751') in 0.021882 seconds
Number of updated asset objects reloaded before import = 0
Number of asset objects unloaded after import = 2
========================================================================
Received Import Request.
  Time since last request: 0.060803 seconds.
  path: Assets/Assets/Images/3성/공대/치토공대 후면 2
  artifactKey: Guid(94a49e01fcdcb6248a0bd12eca9c3c5a) Importer(815301076,1909f56bfc062723c751e8b465ee728b)
Start importing Assets/Assets/Images/3성/공대/치토공대 후면 2 using Guid(94a49e01fcdcb6248a0bd12eca9c3c5a) Importer(815301076,1909f56bfc062723c751e8b465ee728b)  -> (artifact id: 'dddf97c65893b40c60e0b465dbaddf96') in 0.000560 seconds
Number of updated asset objects reloaded before import = 0
Number of asset objects unloaded after import = 0
========================================================================
Received Import Request.
  Time since last request: 0.015742 seconds.
  path: Assets/Assets/Images/3성/미디어/치토미디어 후면 2
  artifactKey: Guid(acc56865cf496444c9f3a5dc75d34dd4) Importer(815301076,1909f56bfc062723c751e8b465ee728b)
Start importing Assets/Assets/Images/3성/미디어/치토미디어 후면 2 using Guid(acc56865cf496444c9f3a5dc75d34dd4) Importer(815301076,1909f56bfc062723c751e8b465ee728b)  -> (artifact id: '52a4a44e1c39c21fae3effa05eb86937') in 0.000474 seconds
Number of updated asset objects reloaded before import = 0
Number of asset objects unloaded after import = 0
========================================================================
Received Import Request.
  Time since last request: 0.001116 seconds.
  path: Assets/TextMesh Pro/Resources
  artifactKey: Guid(57e162bf9cad22947addbb3385451323) Importer(815301076,1909f56bfc062723c751e8b465ee728b)
Start importing Assets/TextMesh Pro/Resources using Guid(57e162bf9cad22947addbb3385451323) Importer(815301076,1909f56bfc062723c751e8b465ee728b)  -> (artifact id: 'a7c18b2e94403ec4dee142eb1a229f01') in 0.000367 seconds
Number of updated asset objects reloaded before import = 0
Number of asset objects unloaded after import = 0
========================================================================
Received Import Request.
  Time since last request: 0.005215 seconds.
  path: Assets/Assets/Images/1성/자연과학대/치토자연과학대 측면 모션(좌)/치토자연과학대 측면(좌)_00007.png
  artifactKey: Guid(7fd9106272ca65b4792847230cb081f2) Importer(815301076,1909f56bfc062723c751e8b465ee728b)
Start importing Assets/Assets/Images/1성/자연과학대/치토자연과학대 측면 모션(좌)/치토자연과학대 측면(좌)_00007.png using Guid(7fd9106272ca65b4792847230cb081f2) Importer(815301076,1909f56bfc062723c751e8b465ee728b)  -> (artifact id: '5a0a5e20c36638417661afa83be6b01a') in 0.025689 seconds
Number of updated asset objects reloaded before import = 0
Number of asset objects unloaded after import = 3
========================================================================
Received Import Request.
  Time since last request: 0.020983 seconds.
  path: Assets/Assets/Images/1성/자연과학대/치토자연과학대 측면 모션(우)/치토자연과학대 측면(우)_00017.png
  artifactKey: Guid(09c9773713ad8b5449935ca2f0958e8f) Importer(815301076,1909f56bfc062723c751e8b465ee728b)
Start importing Assets/Assets/Images/1성/자연과학대/치토자연과학대 측면 모션(우)/치토자연과학대 측면(우)_00017.png using Guid(09c9773713ad8b5449935ca2f0958e8f) Importer(815301076,1909f56bfc062723c751e8b465ee728b)  -> (artifact id: 'bf44ce40847b50951fef8eed0523be5b') in 0.025678 seconds
Number of updated asset objects reloaded before import = 0
Number of asset objects unloaded after import = 3
========================================================================
Received Import Request.
  Time since last request: 0.006411 seconds.
  path: Assets/Assets/Images/3성/간호대/간호 측면(우)2
  artifactKey: Guid(d9709bf07ca5e6a478275c05068c1efb) Importer(815301076,1909f56bfc062723c751e8b465ee728b)
Start importing Assets/Assets/Images/3성/간호대/간호 측면(우)2 using Guid(d9709bf07ca5e6a478275c05068c1efb) Importer(815301076,1909f56bfc062723c751e8b465ee728b)  -> (artifact id: '22dfff3193c7ad7a50a7c7081b4c2988') in 0.000463 seconds
Number of updated asset objects reloaded before import = 0
Number of asset objects unloaded after import = 0
========================================================================
Received Import Request.
  Time since last request: 0.007571 seconds.
  path: Assets/Assets/Images/1성/정통대/치토정통대 측면 모션(좌)/치토정통대 측면(좌)_00005.png
  artifactKey: Guid(a2182f4121163854dbba35f87efb72ec) Importer(815301076,1909f56bfc062723c751e8b465ee728b)
Start importing Assets/Assets/Images/1성/정통대/치토정통대 측면 모션(좌)/치토정통대 측면(좌)_00005.png using Guid(a2182f4121163854dbba35f87efb72ec) Importer(815301076,1909f56bfc062723c751e8b465ee728b)  -> (artifact id: '41dee50709287b21fee74eed4a48419a') in 0.025401 seconds
Number of updated asset objects reloaded before import = 0
Number of asset objects unloaded after import = 3
========================================================================
Received Import Request.
  Time since last request: 0.041803 seconds.
  path: Assets/Assets/Images/3성/약학대/치토약학대 정면 2
  artifactKey: Guid(85c4624097ce9174f8ca72455d0bba41) Importer(815301076,1909f56bfc062723c751e8b465ee728b)
Start importing Assets/Assets/Images/3성/약학대/치토약학대 정면 2 using Guid(85c4624097ce9174f8ca72455d0bba41) Importer(815301076,1909f56bfc062723c751e8b465ee728b)  -> (artifact id: '16e074e50bedfdeab39dde4b692b1496') in 0.000514 seconds
Number of updated asset objects reloaded before import = 0
Number of asset objects unloaded after import = 0
========================================================================
Received Import Request.
  Time since last request: 0.058246 seconds.
  path: Assets/Assets/Images/3성/자연과학대/치토자연과학대 정면 2/치토자연과학대 정면 2_00019.png
  artifactKey: Guid(34919b34f511c5b4a9f3e70766673022) Importer(815301076,1909f56bfc062723c751e8b465ee728b)
Start importing Assets/Assets/Images/3성/자연과학대/치토자연과학대 정면 2/치토자연과학대 정면 2_00019.png using Guid(34919b34f511c5b4a9f3e70766673022) Importer(815301076,1909f56bfc062723c751e8b465ee728b)  -> (artifact id: 'c932b3a6d874723faf8b3f74248513ec') in 0.027952 seconds
Number of updated asset objects reloaded before import = 0
Number of asset objects unloaded after import = 3
========================================================================
Received Import Request.
  Time since last request: 0.022164 seconds.
  path: Assets/Assets/Images/3성/자연과학대/치토자연과학대 정면 2/치토자연과학대 정면 2_00013.png
  artifactKey: Guid(0c17d0f026d69e046890cb7abb8a1d8a) Importer(815301076,1909f56bfc062723c751e8b465ee728b)
Start importing Assets/Assets/Images/3성/자연과학대/치토자연과학대 정면 2/치토자연과학대 정면 2_00013.png using Guid(0c17d0f026d69e046890cb7abb8a1d8a) Importer(815301076,1909f56bfc062723c751e8b465ee728b)  -> (artifact id: '2bc7d0e18855f4333051d18a94f1f2b4') in 0.031311 seconds
Number of updated asset objects reloaded before import = 0
Number of asset objects unloaded after import = 3
========================================================================
Received Import Request.
  Time since last request: 0.017712 seconds.
  path: Assets/Assets/Images/3성/자연과학대/치토자연과학대 정면 2/치토자연과학대 정면 2_00012.png
  artifactKey: Guid(cf3ef0d897d81fb47bbc9a57721c30db) Importer(815301076,1909f56bfc062723c751e8b465ee728b)
Start importing Assets/Assets/Images/3성/자연과학대/치토자연과학대 정면 2/치토자연과학대 정면 2_00012.png using Guid(cf3ef0d897d81fb47bbc9a57721c30db) Importer(815301076,1909f56bfc062723c751e8b465ee728b)  -> (artifact id: '4729c373673e37e9bce7aa4a84bbf0d4') in 0.027961 seconds
Number of updated asset objects reloaded before import = 0
Number of asset objects unloaded after import = 3
========================================================================
Received Import Request.
  Time since last request: 0.022793 seconds.
  path: Assets/Assets/Images/1성/약학대/치토약학대 측면 모션(좌)/치토약학대 측면(좌)_00006.png
  artifactKey: Guid(2e50e91996fe3394cbb27e35e0f183b9) Importer(815301076,1909f56bfc062723c751e8b465ee728b)
Start importing Assets/Assets/Images/1성/약학대/치토약학대 측면 모션(좌)/치토약학대 측면(좌)_00006.png using Guid(2e50e91996fe3394cbb27e35e0f183b9) Importer(815301076,1909f56bfc062723c751e8b465ee728b)  -> (artifact id: 'cc530aa04539e7e0004c6f37919e438b') in 0.026089 seconds
Number of updated asset objects reloaded before import = 0
Number of asset objects unloaded after import = 3
========================================================================
Received Import Request.
  Time since last request: 0.009994 seconds.
  path: Assets/Assets/Images/2성/미디어/미디어 측면(우)
  artifactKey: Guid(3ea170afa09b64b44b23f94e6cbd2cc3) Importer(815301076,1909f56bfc062723c751e8b465ee728b)
Start importing Assets/Assets/Images/2성/미디어/미디어 측면(우) using Guid(3ea170afa09b64b44b23f94e6cbd2cc3) Importer(815301076,1909f56bfc062723c751e8b465ee728b)  -> (artifact id: 'eebecd828c4ec3960efbd221db19e720') in 0.000490 seconds
Number of updated asset objects reloaded before import = 0
Number of asset objects unloaded after import = 0
========================================================================
Received Import Request.
  Time since last request: 0.034103 seconds.
  path: Assets/Assets/Images/3성/사회과학대/Sright3.anim
  artifactKey: Guid(39677d5d68329ca449c11863ed2218cd) Importer(815301076,1909f56bfc062723c751e8b465ee728b)
Start importing Assets/Assets/Images/3성/사회과학대/Sright3.anim using Guid(39677d5d68329ca449c11863ed2218cd) Importer(815301076,1909f56bfc062723c751e8b465ee728b)  -> (artifact id: '677c8e66852fe23ff7f986d249e5594b') in 0.001337 seconds
Number of updated asset objects reloaded before import = 0
Number of asset objects unloaded after import = 1
========================================================================
Received Import Request.
  Time since last request: 0.023058 seconds.
  path: Assets/TextMesh Pro/Examples & Extras/Scripts/Benchmark01_UGUI.cs
  artifactKey: Guid(8ef7be1c625941f7ba8ed7cc71718c0d) Importer(815301076,1909f56bfc062723c751e8b465ee728b)
Start importing Assets/TextMesh Pro/Examples & Extras/Scripts/Benchmark01_UGUI.cs using Guid(8ef7be1c625941f7ba8ed7cc71718c0d) Importer(815301076,1909f56bfc062723c751e8b465ee728b)  -> (artifact id: 'afbfeb44004adaecc29577b93dc09785') in 0.000540 seconds
Number of updated asset objects reloaded before import = 0
Number of asset objects unloaded after import = 0
========================================================================
Received Import Request.
  Time since last request: 0.011473 seconds.
  path: Assets/Assets/Images/2성/ㄱ.기본형/Right2.anim
  artifactKey: Guid(9791187712a417b4ba5eb06a19161ea6) Importer(815301076,1909f56bfc062723c751e8b465ee728b)
Start importing Assets/Assets/Images/2성/ㄱ.기본형/Right2.anim using Guid(9791187712a417b4ba5eb06a19161ea6) Importer(815301076,1909f56bfc062723c751e8b465ee728b)  -> (artifact id: '5279c07cd624b3edb7ed1fb90d2a9c9a') in 0.001303 seconds
Number of updated asset objects reloaded before import = 0
Number of asset objects unloaded after import = 1
========================================================================
Received Import Request.
  Time since last request: 0.027923 seconds.
  path: Assets/Assets/Images/2성/미디어/미디어 측면(우)/치토미디어 측면(우)_00000.png
  artifactKey: Guid(07151f26f6763be4cbf680ead45e2076) Importer(815301076,1909f56bfc062723c751e8b465ee728b)
Start importing Assets/Assets/Images/2성/미디어/미디어 측면(우)/치토미디어 측면(우)_00000.png using Guid(07151f26f6763be4cbf680ead45e2076) Importer(815301076,1909f56bfc062723c751e8b465ee728b)  -> (artifact id: 'f0c2f235d0789f42d04d3bdc02e68a50') in 0.022279 seconds
Number of updated asset objects reloaded before import = 0
Number of asset objects unloaded after import = 2
========================================================================
Received Import Request.
  Time since last request: 0.004795 seconds.
  path: Assets/Assets/Images/1성/자연과학대/치토자연과학대 측면 모션(좌)/치토자연과학대 측면(좌)_00002.png
  artifactKey: Guid(83fda8700ab60704089496ded5a15249) Importer(815301076,1909f56bfc062723c751e8b465ee728b)
Start importing Assets/Assets/Images/1성/자연과학대/치토자연과학대 측면 모션(좌)/치토자연과학대 측면(좌)_00002.png using Guid(83fda8700ab60704089496ded5a15249) Importer(815301076,1909f56bfc062723c751e8b465ee728b)  -> (artifact id: '3a23eb79944b4e96ccd2c7eb432b45e2') in 0.026990 seconds
Number of updated asset objects reloaded before import = 0
Number of asset objects unloaded after import = 3
========================================================================
Received Import Request.
  Time since last request: 0.024059 seconds.
  path: Assets/Assets/Images/2성/미디어/치토미디어 측면(좌)/치토미디어 측면(좌)_00020.png
  artifactKey: Guid(398db1397a4824047990f9685e32d096) Importer(815301076,1909f56bfc062723c751e8b465ee728b)
Start importing Assets/Assets/Images/2성/미디어/치토미디어 측면(좌)/치토미디어 측면(좌)_00020.png using Guid(398db1397a4824047990f9685e32d096) Importer(815301076,1909f56bfc062723c751e8b465ee728b)  -> (artifact id: '84be4416fa4ab3ccb47a2384bf0b7f87') in 0.020937 seconds
Number of updated asset objects reloaded before import = 0
Number of asset objects unloaded after import = 2
========================================================================
Received Import Request.
  Time since last request: 0.004180 seconds.
  path: Assets/Assets/Images/1성/약학대/치토약학대 측면 모션(좌)/치토약학대 측면(좌)_00008.png
  artifactKey: Guid(1a93abf8b254da94d8cc25846c79be5b) Importer(815301076,1909f56bfc062723c751e8b465ee728b)
Start importing Assets/Assets/Images/1성/약학대/치토약학대 측면 모션(좌)/치토약학대 측면(좌)_00008.png using Guid(1a93abf8b254da94d8cc25846c79be5b) Importer(815301076,1909f56bfc062723c751e8b465ee728b)  -> (artifact id: '0cb1210912ba4637451ca772a08a0f7c') in 0.027245 seconds
Number of updated asset objects reloaded before import = 0
Number of asset objects unloaded after import = 3
========================================================================
Received Import Request.
  Time since last request: 0.035835 seconds.
  path: Assets/TextMesh Pro/Examples & Extras/Scenes/10 - Bullets & Numbered List Example.unity
  artifactKey: Guid(c3f814e1d12c45568daf3dd9a86a0e61) Importer(815301076,1909f56bfc062723c751e8b465ee728b)
Start importing Assets/TextMesh Pro/Examples & Extras/Scenes/10 - Bullets & Numbered List Example.unity using Guid(c3f814e1d12c45568daf3dd9a86a0e61) Importer(815301076,1909f56bfc062723c751e8b465ee728b)  -> (artifact id: '3040d104ccc0dfb8317d2166c2d3a294') in 0.000607 seconds
Number of updated asset objects reloaded before import = 0
Number of asset objects unloaded after import = 0
========================================================================
Received Import Request.
  Time since last request: 0.037910 seconds.
  path: Assets/TextMesh Pro/Examples & Extras/Scenes/22 - Basic Scripting Example.unity
  artifactKey: Guid(6250f98e58fe4abbaada5d84b7ca846d) Importer(815301076,1909f56bfc062723c751e8b465ee728b)
Start importing Assets/TextMesh Pro/Examples & Extras/Scenes/22 - Basic Scripting Example.unity using Guid(6250f98e58fe4abbaada5d84b7ca846d) Importer(815301076,1909f56bfc062723c751e8b465ee728b)  -> (artifact id: '296ab2503117d8874ab03c7077d041c3') in 0.000563 seconds
Number of updated asset objects reloaded before import = 0
Number of asset objects unloaded after import = 0
========================================================================
Received Import Request.
  Time since last request: 0.010242 seconds.
  path: Assets/Assets/Images/1성/사회과학대/Sleft.anim
  artifactKey: Guid(fe19d10e92bd3434c8b186622bcfb764) Importer(815301076,1909f56bfc062723c751e8b465ee728b)
Start importing Assets/Assets/Images/1성/사회과학대/Sleft.anim using Guid(fe19d10e92bd3434c8b186622bcfb764) Importer(815301076,1909f56bfc062723c751e8b465ee728b)  -> (artifact id: 'fa2044b11e38fab93e0d791cbf48f673') in 0.001278 seconds
Number of updated asset objects reloaded before import = 0
Number of asset objects unloaded after import = 1
========================================================================
Received Import Request.
  Time since last request: 0.010264 seconds.
  path: Assets/TextMesh Pro/Examples & Extras/Scripts/TMP_TextSelector_A.cs
  artifactKey: Guid(103e0a6a1d404693b9fb1a5173e0e979) Importer(815301076,1909f56bfc062723c751e8b465ee728b)
Start importing Assets/TextMesh Pro/Examples & Extras/Scripts/TMP_TextSelector_A.cs using Guid(103e0a6a1d404693b9fb1a5173e0e979) Importer(815301076,1909f56bfc062723c751e8b465ee728b)  -> (artifact id: '0be2f0e70825598f94eff881f3bcd7e4') in 0.000470 seconds
Number of updated asset objects reloaded before import = 0
Number of asset objects unloaded after import = 0
========================================================================
Received Import Request.
  Time since last request: 0.001301 seconds.
  path: Assets/TextMesh Pro/Resources/Fonts & Materials
  artifactKey: Guid(ec42e3d62e1ea2d4097b70dd2d495ea2) Importer(815301076,1909f56bfc062723c751e8b465ee728b)
Start importing Assets/TextMesh Pro/Resources/Fonts & Materials using Guid(ec42e3d62e1ea2d4097b70dd2d495ea2) Importer(815301076,1909f56bfc062723c751e8b465ee728b)  -> (artifact id: 'f6379adce9553fafaaa312b45d2f1b2b') in 0.000363 seconds
Number of updated asset objects reloaded before import = 0
Number of asset objects unloaded after import = 0
========================================================================
Received Import Request.
  Time since last request: 0.053146 seconds.
  path: Assets/Assets/Images/1성/정통대/치토정통대 측면 모션(우)/치토정통대 측면(우)_00004.png
  artifactKey: Guid(c3a5b44d914ae1148b0c4f62a66bce9c) Importer(815301076,1909f56bfc062723c751e8b465ee728b)
Start importing Assets/Assets/Images/1성/정통대/치토정통대 측면 모션(우)/치토정통대 측면(우)_00004.png using Guid(c3a5b44d914ae1148b0c4f62a66bce9c) Importer(815301076,1909f56bfc062723c751e8b465ee728b)  -> (artifact id: 'fd74a6889166c92b379976af8c756767') in 0.025436 seconds
Number of updated asset objects reloaded before import = 0
Number of asset objects unloaded after import = 3
========================================================================
Received Import Request.
  Time since last request: 0.012355 seconds.
  path: Assets/Assets/Images/3성/인문대/치토인문대 정면 2/치토인문대 정면 2_00017.png
  artifactKey: Guid(5d22c617d281e5847a61bd31c4ef91ae) Importer(815301076,1909f56bfc062723c751e8b465ee728b)
Start importing Assets/Assets/Images/3성/인문대/치토인문대 정면 2/치토인문대 정면 2_00017.png using Guid(5d22c617d281e5847a61bd31c4ef91ae) Importer(815301076,1909f56bfc062723c751e8b465ee728b)  -> (artifact id: '6f8e84928c28cbe36bf558f1299ebaae') in 0.028275 seconds
Number of updated asset objects reloaded before import = 0
Number of asset objects unloaded after import = 3
========================================================================
Received Import Request.
  Time since last request: 0.035996 seconds.
  path: Assets/Assets/Images/3성/미디어/치토미디어 후면 2/치토미디어 후면 2_00008.png
  artifactKey: Guid(e6b84eb5e42575749bfed02e5724cdda) Importer(815301076,1909f56bfc062723c751e8b465ee728b)
Start importing Assets/Assets/Images/3성/미디어/치토미디어 후면 2/치토미디어 후면 2_00008.png using Guid(e6b84eb5e42575749bfed02e5724cdda) Importer(815301076,1909f56bfc062723c751e8b465ee728b)  -> (artifact id: '74cd3f3a4d487381dc59d7ab567f6c03') in 0.022347 seconds
Number of updated asset objects reloaded before import = 0
Number of asset objects unloaded after import = 2
========================================================================
Received Import Request.
  Time since last request: 0.008476 seconds.
  path: Assets/TextMesh Pro/Examples & Extras/Fonts
  artifactKey: Guid(b63e0053080646b9819789bf3bf9fa17) Importer(815301076,1909f56bfc062723c751e8b465ee728b)
Start importing Assets/TextMesh Pro/Examples & Extras/Fonts using Guid(b63e0053080646b9819789bf3bf9fa17) Importer(815301076,1909f56bfc062723c751e8b465ee728b)  -> (artifact id: 'e000bc7e4b9cd39811b7cd5d94f58491') in 0.000472 seconds
Number of updated asset objects reloaded before import = 0
Number of asset objects unloaded after import = 0
========================================================================
Received Import Request.
  Time since last request: 0.034394 seconds.
  path: Assets/Assets/Images/3성/공대
  artifactKey: Guid(de80b087b74daca409ee1730039a23ba) Importer(815301076,1909f56bfc062723c751e8b465ee728b)
Start importing Assets/Assets/Images/3성/공대 using Guid(de80b087b74daca409ee1730039a23ba) Importer(815301076,1909f56bfc062723c751e8b465ee728b)  -> (artifact id: 'd4b20d011e07f885492ef0486b58fb47') in 0.000516 seconds
Number of updated asset objects reloaded before import = 0
Number of asset objects unloaded after import = 0
========================================================================
Received Import Request.
  Time since last request: 0.015352 seconds.
  path: Assets/Assets/Images/3성/소융대/소융대 측면(우)2
  artifactKey: Guid(a18994e0b1254b440a799c6678ff5527) Importer(815301076,1909f56bfc062723c751e8b465ee728b)
Start importing Assets/Assets/Images/3성/소융대/소융대 측면(우)2 using Guid(a18994e0b1254b440a799c6678ff5527) Importer(815301076,1909f56bfc062723c751e8b465ee728b)  -> (artifact id: 'cba803d594a0dc1e24c64f5d839f860e') in 0.000433 seconds
Number of updated asset objects reloaded before import = 0
Number of asset objects unloaded after import = 0
========================================================================
Received Import Request.
  Time since last request: 0.001166 seconds.
  path: Assets/TextMesh Pro/Examples & Extras
  artifactKey: Guid(ce51c8e33b734b4db6086586558c53a3) Importer(815301076,1909f56bfc062723c751e8b465ee728b)
Start importing Assets/TextMesh Pro/Examples & Extras using Guid(ce51c8e33b734b4db6086586558c53a3) Importer(815301076,1909f56bfc062723c751e8b465ee728b)  -> (artifact id: 'b5b59ce647324de142d2ae9f3d85a410') in 0.000366 seconds
Number of updated asset objects reloaded before import = 0
Number of asset objects unloaded after import = 0
========================================================================
Received Import Request.
  Time since last request: 0.001993 seconds.
  path: Assets/TextMesh Pro/Examples & Extras/Fonts/Bangers.ttf
  artifactKey: Guid(5dd49b3eacc540408c98eee0de38e0f1) Importer(815301076,1909f56bfc062723c751e8b465ee728b)
Start importing Assets/TextMesh Pro/Examples & Extras/Fonts/Bangers.ttf using Guid(5dd49b3eacc540408c98eee0de38e0f1) Importer(815301076,1909f56bfc062723c751e8b465ee728b)  -> (artifact id: '2a2f5a0046fce9b78fb8e074dea88dee') in 0.011398 seconds
Number of updated asset objects reloaded before import = 0
Number of asset objects unloaded after import = 4
========================================================================
Received Import Request.
  Time since last request: 0.020278 seconds.
  path: Assets/Assets/Images/1성/소프트웨어 융합대/치토소융대 측면 모션(좌)/치토소융대 측면(좌)_00021.png
  artifactKey: Guid(e297af32b0b64ce488f37cadd248a5e8) Importer(815301076,1909f56bfc062723c751e8b465ee728b)
Start importing Assets/Assets/Images/1성/소프트웨어 융합대/치토소융대 측면 모션(좌)/치토소융대 측면(좌)_00021.png using Guid(e297af32b0b64ce488f37cadd248a5e8) Importer(815301076,1909f56bfc062723c751e8b465ee728b)  -> (artifact id: '0816a7f3a9f7cd19eb3d796edc996fae') in 0.025670 seconds
Number of updated asset objects reloaded before import = 0
Number of asset objects unloaded after import = 3
========================================================================
Received Import Request.
  Time since last request: 0.060484 seconds.
  path: Assets/Assets/Images/3성/미디어/치토미디어 정면 2/치토미디어 정면 2_00003.png
  artifactKey: Guid(578f3c55151b13c4593d948669a2635f) Importer(815301076,1909f56bfc062723c751e8b465ee728b)
Start importing Assets/Assets/Images/3성/미디어/치토미디어 정면 2/치토미디어 정면 2_00003.png using Guid(578f3c55151b13c4593d948669a2635f) Importer(815301076,1909f56bfc062723c751e8b465ee728b)  -> (artifact id: '1564961534e3ffb3f0e55b88e03f6d83') in 0.022106 seconds
Number of updated asset objects reloaded before import = 0
Number of asset objects unloaded after import = 2
========================================================================
Received Import Request.
  Time since last request: 0.003767 seconds.
  path: Assets/Assets/Images/3성/인문대/인문대 측면(우)2/치토인문대 측면(우) 2_00000.png
  artifactKey: Guid(f982777df80fdfa44b9d8131706a435f) Importer(815301076,1909f56bfc062723c751e8b465ee728b)
Start importing Assets/Assets/Images/3성/인문대/인문대 측면(우)2/치토인문대 측면(우) 2_00000.png using Guid(f982777df80fdfa44b9d8131706a435f) Importer(815301076,1909f56bfc062723c751e8b465ee728b)  -> (artifact id: '96f30fcf8716af07d91b9fa34bd68c38') in 0.029150 seconds
Number of updated asset objects reloaded before import = 0
Number of asset objects unloaded after import = 3
========================================================================
Received Import Request.
  Time since last request: 0.010788 seconds.
  path: Assets/TextMesh Pro/Examples & Extras/Textures
  artifactKey: Guid(6e5c6d5e25574122a7a12dbdbbeed156) Importer(815301076,1909f56bfc062723c751e8b465ee728b)
Start importing Assets/TextMesh Pro/Examples & Extras/Textures using Guid(6e5c6d5e25574122a7a12dbdbbeed156) Importer(815301076,1909f56bfc062723c751e8b465ee728b)  -> (artifact id: 'c9f8bff3802d658f995efd3d44751ccd') in 0.000482 seconds
Number of updated asset objects reloaded before import = 0
Number of asset objects unloaded after import = 0
========================================================================
Received Import Request.
  Time since last request: 0.030593 seconds.
  path: Assets/Assets/Images/3성/미디어/치토미디어 후면 2/치토미디어 후면 2_00002.png
  artifactKey: Guid(29f84b3f4ac1885439db220523965ddd) Importer(815301076,1909f56bfc062723c751e8b465ee728b)
Start importing Assets/Assets/Images/3성/미디어/치토미디어 후면 2/치토미디어 후면 2_00002.png using Guid(29f84b3f4ac1885439db220523965ddd) Importer(815301076,1909f56bfc062723c751e8b465ee728b)  -> (artifact id: '9d3b3950819be7b0f4341bbc2315798f') in 0.022478 seconds
Number of updated asset objects reloaded before import = 0
Number of asset objects unloaded after import = 2
========================================================================
Received Import Request.
  Time since last request: 0.017219 seconds.
  path: Assets/TextMesh Pro/Examples & Extras/Scenes/07 - Superscript & Subscript Example.unity
  artifactKey: Guid(03ec435d4b7140e9b2d87f79136d8374) Importer(815301076,1909f56bfc062723c751e8b465ee728b)
Start importing Assets/TextMesh Pro/Examples & Extras/Scenes/07 - Superscript & Subscript Example.unity using Guid(03ec435d4b7140e9b2d87f79136d8374) Importer(815301076,1909f56bfc062723c751e8b465ee728b)  -> (artifact id: '4abd4691eb05c36670c3ab3dcd94267c') in 0.000572 seconds
Number of updated asset objects reloaded before import = 0
Number of asset objects unloaded after import = 0
========================================================================
Received Import Request.
  Time since last request: 0.007244 seconds.
  path: Assets/Assets/Images/1성/소프트웨어 융합대/치토소융대 측면 모션(좌)/치토소융대 측면(좌)_00030.png
  artifactKey: Guid(8cd775a1aeaaa1642914a06d9beab6af) Importer(815301076,1909f56bfc062723c751e8b465ee728b)
Start importing Assets/Assets/Images/1성/소프트웨어 융합대/치토소융대 측면 모션(좌)/치토소융대 측면(좌)_00030.png using Guid(8cd775a1aeaaa1642914a06d9beab6af) Importer(815301076,1909f56bfc062723c751e8b465ee728b)  -> (artifact id: 'aa21740de3281a7a6a8fe0290807eb8c') in 0.027432 seconds
Number of updated asset objects reloaded before import = 0
Number of asset objects unloaded after import = 3
========================================================================
Received Import Request.
  Time since last request: 0.031315 seconds.
  path: Assets/Assets/Images/1성/의과/치토의과 측면 모션(우)/치토의과 측면(우)_00009.png
  artifactKey: Guid(80425679fe1e80847b6a224c592e8c8b) Importer(815301076,1909f56bfc062723c751e8b465ee728b)
Start importing Assets/Assets/Images/1성/의과/치토의과 측면 모션(우)/치토의과 측면(우)_00009.png using Guid(80425679fe1e80847b6a224c592e8c8b) Importer(815301076,1909f56bfc062723c751e8b465ee728b)  -> (artifact id: '5a8a5a3fdeb1f8e10c1616a182aae1d3') in 0.027472 seconds
Number of updated asset objects reloaded before import = 0
Number of asset objects unloaded after import = 3
========================================================================
Received Import Request.
  Time since last request: 0.083486 seconds.
  path: Assets/Assets/Images/1성/소프트웨어 융합대/치토소융대 측면 모션(우)/치토소융대 측면(우)_00002.png
  artifactKey: Guid(5e52d5d3b3d3fc1468691423aefc2e00) Importer(815301076,1909f56bfc062723c751e8b465ee728b)
Start importing Assets/Assets/Images/1성/소프트웨어 융합대/치토소융대 측면 모션(우)/치토소융대 측면(우)_00002.png using Guid(5e52d5d3b3d3fc1468691423aefc2e00) Importer(815301076,1909f56bfc062723c751e8b465ee728b)  -> (artifact id: '4765d9615eaf1ad4e0e50a709b33c8d0') in 0.026358 seconds
Number of updated asset objects reloaded before import = 0
Number of asset objects unloaded after import = 3
========================================================================
Received Import Request.
  Time since last request: 0.007511 seconds.
  path: Assets/Assets/Images/2성/자연과학대/자연과학대 측면(우)
  artifactKey: Guid(abc92a5154a358a489d7fcc6917f02f8) Importer(815301076,1909f56bfc062723c751e8b465ee728b)
Start importing Assets/Assets/Images/2성/자연과학대/자연과학대 측면(우) using Guid(abc92a5154a358a489d7fcc6917f02f8) Importer(815301076,1909f56bfc062723c751e8b465ee728b)  -> (artifact id: '58e22429fa0d7eb2f7ac669fd97e548d') in 0.000454 seconds
Number of updated asset objects reloaded before import = 0
Number of asset objects unloaded after import = 0
========================================================================
Received Import Request.
  Time since last request: 0.006901 seconds.
  path: Assets/Assets/Images/3성/미디어/치토미디어 정면 2/치토미디어 정면 2_00002.png
  artifactKey: Guid(b432773d9ef5de240b2d448c01130252) Importer(815301076,1909f56bfc062723c751e8b465ee728b)
Start importing Assets/Assets/Images/3성/미디어/치토미디어 정면 2/치토미디어 정면 2_00002.png using Guid(b432773d9ef5de240b2d448c01130252) Importer(815301076,1909f56bfc062723c751e8b465ee728b)  -> (artifact id: '7041a2617c0053c78afc87ba55efe60f') in 0.021754 seconds
Number of updated asset objects reloaded before import = 0
Number of asset objects unloaded after import = 2
========================================================================
Received Import Request.
  Time since last request: 0.010778 seconds.
  path: Assets/TextMesh Pro/Examples & Extras/Resources/Fonts & Materials/Bangers SDF.asset
  artifactKey: Guid(125cb55b44b24c4393181402bc6200e6) Importer(815301076,1909f56bfc062723c751e8b465ee728b)
Start importing Assets/TextMesh Pro/Examples & Extras/Resources/Fonts & Materials/Bangers SDF.asset using Guid(125cb55b44b24c4393181402bc6200e6) Importer(815301076,1909f56bfc062723c751e8b465ee728b)  -> (artifact id: 'df2c9131e666b33d5821a6f9d1c71470') in 0.010800 seconds
Number of updated asset objects reloaded before import = 0
Number of asset objects unloaded after import = 6
========================================================================
Received Import Request.
  Time since last request: 0.020806 seconds.
  path: Assets/Scripts/Jin/WaveSystem.cs
  artifactKey: Guid(72f809d195a6f8a4db9bf7c116d5a004) Importer(815301076,1909f56bfc062723c751e8b465ee728b)
Start importing Assets/Scripts/Jin/WaveSystem.cs using Guid(72f809d195a6f8a4db9bf7c116d5a004) Importer(815301076,1909f56bfc062723c751e8b465ee728b)  -> (artifact id: 'cf051a611ca57e8f2af873ab6fe30658') in 0.000571 seconds
Number of updated asset objects reloaded before import = 0
Number of asset objects unloaded after import = 0
========================================================================
Received Import Request.
  Time since last request: 0.003299 seconds.
  path: Assets/Assets/Images/3성/미디어/치토미디어 후면 2/치토미디어 후면 2_00014.png
  artifactKey: Guid(e152857e20e469441adb74d5818ee547) Importer(815301076,1909f56bfc062723c751e8b465ee728b)
Start importing Assets/Assets/Images/3성/미디어/치토미디어 후면 2/치토미디어 후면 2_00014.png using Guid(e152857e20e469441adb74d5818ee547) Importer(815301076,1909f56bfc062723c751e8b465ee728b)  -> (artifact id: 'd932424a27918bc326f7ba1abf4a31c8') in 0.022069 seconds
Number of updated asset objects reloaded before import = 0
Number of asset objects unloaded after import = 2
========================================================================
Received Import Request.
  Time since last request: 0.003894 seconds.
  path: Assets/Assets/Images/1성/소프트웨어 융합대/치토소융대 측면 모션(좌)/치토소융대 측면(좌)_00016.png
  artifactKey: Guid(d3b5db410898f4043a6a18c478ae735f) Importer(815301076,1909f56bfc062723c751e8b465ee728b)
Start importing Assets/Assets/Images/1성/소프트웨어 융합대/치토소융대 측면 모션(좌)/치토소융대 측면(좌)_00016.png using Guid(d3b5db410898f4043a6a18c478ae735f) Importer(815301076,1909f56bfc062723c751e8b465ee728b)  -> (artifact id: 'd4be4172dab0f19e1b3cf1749abec5f0') in 0.027452 seconds
Number of updated asset objects reloaded before import = 0
Number of asset objects unloaded after import = 3
========================================================================
Received Import Request.
  Time since last request: 0.013593 seconds.
  path: Assets/Scenes/BIn/MainLobby.unity
  artifactKey: Guid(cad81392c127139499bbdf2756ffe7e8) Importer(815301076,1909f56bfc062723c751e8b465ee728b)
Start importing Assets/Scenes/BIn/MainLobby.unity using Guid(cad81392c127139499bbdf2756ffe7e8) Importer(815301076,1909f56bfc062723c751e8b465ee728b)  -> (artifact id: 'eec9a3c57973137d7b92937f48b4006c') in 0.000554 seconds
Number of updated asset objects reloaded before import = 0
Number of asset objects unloaded after import = 0
========================================================================
Received Import Request.
  Time since last request: 0.005851 seconds.
  path: Assets/Assets/Images/3성/정통대/치토정통대 정면 2/치토정통대 정면 2_00015.png
  artifactKey: Guid(f0f6e45ec82241a4a80f322550584147) Importer(815301076,1909f56bfc062723c751e8b465ee728b)
Start importing Assets/Assets/Images/3성/정통대/치토정통대 정면 2/치토정통대 정면 2_00015.png using Guid(f0f6e45ec82241a4a80f322550584147) Importer(815301076,1909f56bfc062723c751e8b465ee728b)  -> (artifact id: '5ff481f1436b20ef3b15b9f395421483') in 0.028126 seconds
Number of updated asset objects reloaded before import = 0
Number of asset objects unloaded after import = 3
========================================================================
Received Import Request.
  Time since last request: 0.042938 seconds.
  path: Assets/Assets/Images/2성/미디어/미디어 측면(우)/치토미디어 측면(우)_00017.png
  artifactKey: Guid(56b518cbebcf80041ba49b5deabc4475) Importer(815301076,1909f56bfc062723c751e8b465ee728b)
Start importing Assets/Assets/Images/2성/미디어/미디어 측면(우)/치토미디어 측면(우)_00017.png using Guid(56b518cbebcf80041ba49b5deabc4475) Importer(815301076,1909f56bfc062723c751e8b465ee728b)  -> (artifact id: '954b632dbd165d6a4b7ddada1ae0e6f6') in 0.022173 seconds
Number of updated asset objects reloaded before import = 0
Number of asset objects unloaded after import = 2
========================================================================
Received Import Request.
  Time since last request: 0.076729 seconds.
  path: Assets/Assets/Images/3성/미디어/치토미디어 정면 2/치토미디어 정면 2_00015.png
  artifactKey: Guid(0d89363ad155f7d4aa7fd6843d41580d) Importer(815301076,1909f56bfc062723c751e8b465ee728b)
Start importing Assets/Assets/Images/3성/미디어/치토미디어 정면 2/치토미디어 정면 2_00015.png using Guid(0d89363ad155f7d4aa7fd6843d41580d) Importer(815301076,1909f56bfc062723c751e8b465ee728b)  -> (artifact id: 'd875eb3dc9ed17eecb9ed41855a27883') in 0.022156 seconds
Number of updated asset objects reloaded before import = 0
Number of asset objects unloaded after import = 2
========================================================================
Received Import Request.
  Time since last request: 0.034864 seconds.
  path: Assets/Assets/Images/3성/정통대/치토정통대 정면 2/치토정통대 정면 2_00010.png
  artifactKey: Guid(f184ed25ab50e5748939dd6527921466) Importer(815301076,1909f56bfc062723c751e8b465ee728b)
Start importing Assets/Assets/Images/3성/정통대/치토정통대 정면 2/치토정통대 정면 2_00010.png using Guid(f184ed25ab50e5748939dd6527921466) Importer(815301076,1909f56bfc062723c751e8b465ee728b)  -> (artifact id: 'df14b667ec0922706ba5d5b0d5eecbbd') in 0.028161 seconds
Number of updated asset objects reloaded before import = 0
Number of asset objects unloaded after import = 3
========================================================================
Received Import Request.
  Time since last request: 0.004512 seconds.
  path: Assets/Assets/Images/3성/미디어/치토미디어 후면 2/치토미디어 후면 2_00010.png
  artifactKey: Guid(8416e227d3dbf7d49aa31ac95c1b6d6a) Importer(815301076,1909f56bfc062723c751e8b465ee728b)
Start importing Assets/Assets/Images/3성/미디어/치토미디어 후면 2/치토미디어 후면 2_00010.png using Guid(8416e227d3dbf7d49aa31ac95c1b6d6a) Importer(815301076,1909f56bfc062723c751e8b465ee728b)  -> (artifact id: '16680a9b29f8cfac1e748b2e9780a491') in 0.021562 seconds
Number of updated asset objects reloaded before import = 0
Number of asset objects unloaded after import = 2
========================================================================
Received Import Request.
  Time since last request: 0.019972 seconds.
  path: Assets/Assets/Images/2성/간호대/Ndown2.anim
  artifactKey: Guid(78fb888d4e4a4ab42972bc18aacc9012) Importer(815301076,1909f56bfc062723c751e8b465ee728b)
Start importing Assets/Assets/Images/2성/간호대/Ndown2.anim using Guid(78fb888d4e4a4ab42972bc18aacc9012) Importer(815301076,1909f56bfc062723c751e8b465ee728b)  -> (artifact id: '6d40844a2d929393b408013dc2c8aa1d') in 0.001313 seconds
Number of updated asset objects reloaded before import = 0
Number of asset objects unloaded after import = 1
========================================================================
Received Import Request.
  Time since last request: 0.025498 seconds.
  path: Assets/TextMesh Pro/Examples & Extras/Scripts/VertexShakeA.cs
  artifactKey: Guid(f7cfa58e417a46ea8889989684c2522e) Importer(815301076,1909f56bfc062723c751e8b465ee728b)
Start importing Assets/TextMesh Pro/Examples & Extras/Scripts/VertexShakeA.cs using Guid(f7cfa58e417a46ea8889989684c2522e) Importer(815301076,1909f56bfc062723c751e8b465ee728b)  -> (artifact id: '6b7221486c70f148bc21c73fc5b050af') in 0.000544 seconds
Number of updated asset objects reloaded before import = 0
Number of asset objects unloaded after import = 0
========================================================================
Received Import Request.
  Time since last request: 0.003417 seconds.
  path: Assets/Assets/Images/1성/소프트웨어 융합대/치토소융대 측면 모션(좌)/치토소융대 측면(좌)_00006.png
  artifactKey: Guid(e52d83eefdf35fd469f021c04c2844b3) Importer(815301076,1909f56bfc062723c751e8b465ee728b)
Start importing Assets/Assets/Images/1성/소프트웨어 융합대/치토소융대 측면 모션(좌)/치토소융대 측면(좌)_00006.png using Guid(e52d83eefdf35fd469f021c04c2844b3) Importer(815301076,1909f56bfc062723c751e8b465ee728b)  -> (artifact id: 'a6f9acb026e4c2b485d9e859717ea1b6') in 0.027608 seconds
Number of updated asset objects reloaded before import = 0
Number of asset objects unloaded after import = 3
========================================================================
Received Import Request.
  Time since last request: 0.004771 seconds.
  path: Assets/Assets/Images/1성/의과/치토의과 측면 모션(우)/치토의과 측면(우)_00004.png
  artifactKey: Guid(c9839ed4a3a27694fa5f40521c9d95cc) Importer(815301076,1909f56bfc062723c751e8b465ee728b)
Start importing Assets/Assets/Images/1성/의과/치토의과 측면 모션(우)/치토의과 측면(우)_00004.png using Guid(c9839ed4a3a27694fa5f40521c9d95cc) Importer(815301076,1909f56bfc062723c751e8b465ee728b)  -> (artifact id: '9895fa72c3a5f457480902b2dde11c0c') in 0.028049 seconds
Number of updated asset objects reloaded before import = 0
Number of asset objects unloaded after import = 3
========================================================================
Received Import Request.
  Time since last request: 0.017830 seconds.
  path: Assets/Assets/Images/1성/소프트웨어 융합대/치토소융대 측면 모션(좌)/치토소융대 측면(좌)_00039.png
  artifactKey: Guid(acf2afd09ace89845a837a3e3b86803a) Importer(815301076,1909f56bfc062723c751e8b465ee728b)
Start importing Assets/Assets/Images/1성/소프트웨어 융합대/치토소융대 측면 모션(좌)/치토소융대 측면(좌)_00039.png using Guid(acf2afd09ace89845a837a3e3b86803a) Importer(815301076,1909f56bfc062723c751e8b465ee728b)  -> (artifact id: '478ce0466cdceb2a1d632ae1dc13da90') in 0.027812 seconds
Number of updated asset objects reloaded before import = 0
Number of asset objects unloaded after import = 3
========================================================================
Received Import Request.
  Time since last request: 0.078863 seconds.
  path: Assets/Assets/Images/2성/미디어/치토미디어 후면/치토미디어 후면_00019.png
  artifactKey: Guid(fa70178657f97864496d5c9ed1a62860) Importer(815301076,1909f56bfc062723c751e8b465ee728b)
Start importing Assets/Assets/Images/2성/미디어/치토미디어 후면/치토미디어 후면_00019.png using Guid(fa70178657f97864496d5c9ed1a62860) Importer(815301076,1909f56bfc062723c751e8b465ee728b)  -> (artifact id: '301d4dce5841f5f61b5b92cd8cac22c3') in 0.022840 seconds
Number of updated asset objects reloaded before import = 0
Number of asset objects unloaded after import = 2
========================================================================
Received Import Request.
  Time since last request: 0.006096 seconds.
  path: Assets/Assets/Images/1성/자연과학대/치토자연과학대 측면 모션(우)/치토자연과학대 측면(우)_00001.png
  artifactKey: Guid(d0003a67036f6854eb4d5711a19270ad) Importer(815301076,1909f56bfc062723c751e8b465ee728b)
Start importing Assets/Assets/Images/1성/자연과학대/치토자연과학대 측면 모션(우)/치토자연과학대 측면(우)_00001.png using Guid(d0003a67036f6854eb4d5711a19270ad) Importer(815301076,1909f56bfc062723c751e8b465ee728b)  -> (artifact id: '068ac59f9d763e584a97220d0ae038fe') in 0.025305 seconds
Number of updated asset objects reloaded before import = 0
Number of asset objects unloaded after import = 3
========================================================================
Received Import Request.
  Time since last request: 0.010331 seconds.
  path: Assets/TextMesh Pro/Examples & Extras/Scripts/Benchmark04.cs
  artifactKey: Guid(dc20866c0d5e413ab7559440e15333ae) Importer(815301076,1909f56bfc062723c751e8b465ee728b)
Start importing Assets/TextMesh Pro/Examples & Extras/Scripts/Benchmark04.cs using Guid(dc20866c0d5e413ab7559440e15333ae) Importer(815301076,1909f56bfc062723c751e8b465ee728b)  -> (artifact id: '27ef0e84448b5f3e03bb4db48bdcab0c') in 0.000518 seconds
Number of updated asset objects reloaded before import = 0
Number of asset objects unloaded after import = 0
========================================================================
Received Import Request.
  Time since last request: 0.011533 seconds.
  path: Assets/Assets/Images/1성/정통대/치토정통대 측면 모션(우)/치토정통대 측면(우)_00002.png
  artifactKey: Guid(adfb451452e4c9c4da26cd5ee7b8eace) Importer(815301076,1909f56bfc062723c751e8b465ee728b)
Start importing Assets/Assets/Images/1성/정통대/치토정통대 측면 모션(우)/치토정통대 측면(우)_00002.png using Guid(adfb451452e4c9c4da26cd5ee7b8eace) Importer(815301076,1909f56bfc062723c751e8b465ee728b)  -> (artifact id: '64f308b785f43e160fd84b457db0090d') in 0.027554 seconds
Number of updated asset objects reloaded before import = 0
Number of asset objects unloaded after import = 3
========================================================================
Received Import Request.
  Time since last request: 0.002303 seconds.
  path: Assets/TextMesh Pro/Examples & Extras/Fonts/Bangers - OFL.txt
  artifactKey: Guid(efe0bf4ac872451e91612d1ae593f480) Importer(815301076,1909f56bfc062723c751e8b465ee728b)
Start importing Assets/TextMesh Pro/Examples & Extras/Fonts/Bangers - OFL.txt using Guid(efe0bf4ac872451e91612d1ae593f480) Importer(815301076,1909f56bfc062723c751e8b465ee728b)  -> (artifact id: '1fa28ba8bf3b0a3e083f4943f784e42e') in 0.000941 seconds
Number of updated asset objects reloaded before import = 0
Number of asset objects unloaded after import = 1
========================================================================
Received Import Request.
  Time since last request: 0.034148 seconds.
  path: Assets/TextMesh Pro/Examples & Extras/Scenes/24 - Surface Shader Example.unity
  artifactKey: Guid(8c4969fd8ba94a68b07cf11f3e7a5137) Importer(815301076,1909f56bfc062723c751e8b465ee728b)
Start importing Assets/TextMesh Pro/Examples & Extras/Scenes/24 - Surface Shader Example.unity using Guid(8c4969fd8ba94a68b07cf11f3e7a5137) Importer(815301076,1909f56bfc062723c751e8b465ee728b)  -> (artifact id: '5e87c3ea1670f251c691128e8c5e9c04') in 0.000566 seconds
Number of updated asset objects reloaded before import = 0
Number of asset objects unloaded after import = 0
========================================================================
Received Import Request.
  Time since last request: 0.010179 seconds.
  path: Assets/Assets/Images/3성/미디어/치토미디어 정면 2/치토미디어 정면 2_00012.png
  artifactKey: Guid(4dc6327f3df3cac499ef34f8da9ed37a) Importer(815301076,1909f56bfc062723c751e8b465ee728b)
Start importing Assets/Assets/Images/3성/미디어/치토미디어 정면 2/치토미디어 정면 2_00012.png using Guid(4dc6327f3df3cac499ef34f8da9ed37a) Importer(815301076,1909f56bfc062723c751e8b465ee728b)  -> (artifact id: '78469c3cfa4f90edcc3704093a607019') in 0.022048 seconds
Number of updated asset objects reloaded before import = 0
Number of asset objects unloaded after import = 2
========================================================================
Received Import Request.
  Time since last request: 0.034662 seconds.
  path: Assets/Assets/Images/3성/미디어/치토미디어 측면(좌) 2/치토미디어 측면(좌) 2_00004.png
  artifactKey: Guid(8371f8a1f533ff848b1de6a919438410) Importer(815301076,1909f56bfc062723c751e8b465ee728b)
Start importing Assets/Assets/Images/3성/미디어/치토미디어 측면(좌) 2/치토미디어 측면(좌) 2_00004.png using Guid(8371f8a1f533ff848b1de6a919438410) Importer(815301076,1909f56bfc062723c751e8b465ee728b)  -> (artifact id: '367c16833b317526474f0e101a58ebd6') in 0.021981 seconds
Number of updated asset objects reloaded before import = 0
Number of asset objects unloaded after import = 2
========================================================================
Received Import Request.
  Time since last request: 0.004135 seconds.
  path: Assets/Assets/Images/3성/자연과학대/치토자연과학대 정면 2/치토자연과학대 정면 2_00002.png
  artifactKey: Guid(2de578dabf202d14fbbb82a8b24f402e) Importer(815301076,1909f56bfc062723c751e8b465ee728b)
Start importing Assets/Assets/Images/3성/자연과학대/치토자연과학대 정면 2/치토자연과학대 정면 2_00002.png using Guid(2de578dabf202d14fbbb82a8b24f402e) Importer(815301076,1909f56bfc062723c751e8b465ee728b)  -> (artifact id: '4346338531f564636ad9f8fa70530d99') in 0.028782 seconds
Number of updated asset objects reloaded before import = 0
Number of asset objects unloaded after import = 3
========================================================================
Received Import Request.
  Time since last request: 0.014829 seconds.
  path: Assets/Assets/Images/2성/미디어/미디어 측면(우)/치토미디어 측면(우)_00019.png
  artifactKey: Guid(b0283b20cdf16fb4fb3695b33a19d64b) Importer(815301076,1909f56bfc062723c751e8b465ee728b)
Start importing Assets/Assets/Images/2성/미디어/미디어 측면(우)/치토미디어 측면(우)_00019.png using Guid(b0283b20cdf16fb4fb3695b33a19d64b) Importer(815301076,1909f56bfc062723c751e8b465ee728b)  -> (artifact id: 'c25aa06808a49108104a1e92ba2a8e12') in 0.021774 seconds
Number of updated asset objects reloaded before import = 0
Number of asset objects unloaded after import = 2
========================================================================
Received Import Request.
  Time since last request: 0.005841 seconds.
  path: Assets/TextMesh Pro/Shaders/TMP_SDF-Surface.shader
  artifactKey: Guid(f7ada0af4f174f0694ca6a487b8f543d) Importer(815301076,1909f56bfc062723c751e8b465ee728b)
Start importing Assets/TextMesh Pro/Shaders/TMP_SDF-Surface.shader using Guid(f7ada0af4f174f0694ca6a487b8f543d) Importer(815301076,1909f56bfc062723c751e8b465ee728b)  -> (artifact id: '92a1efb28867ba7b5b304ea9eaf03cf2') in 0.000723 seconds
Number of updated asset objects reloaded before import = 0
Number of asset objects unloaded after import = 0
========================================================================
Received Import Request.
  Time since last request: 0.003193 seconds.
  path: Assets/Assets/Images/3성/미디어/치토미디어 정면 2/치토미디어 정면 2_00013.png
  artifactKey: Guid(874c42ca021099645909e6d5b7e71cc2) Importer(815301076,1909f56bfc062723c751e8b465ee728b)
Start importing Assets/Assets/Images/3성/미디어/치토미디어 정면 2/치토미디어 정면 2_00013.png using Guid(874c42ca021099645909e6d5b7e71cc2) Importer(815301076,1909f56bfc062723c751e8b465ee728b)  -> (artifact id: '71fd31ac9dce05d6f9405912608faaec') in 0.021990 seconds
Number of updated asset objects reloaded before import = 0
Number of asset objects unloaded after import = 2
========================================================================
Received Import Request.
  Time since last request: 0.022203 seconds.
  path: Assets/TextMesh Pro/Examples & Extras/Resources/Fonts & Materials/Electronic Highway Sign SDF.asset
  artifactKey: Guid(dc36b3fdc14f47ebb36fd484a67e268a) Importer(815301076,1909f56bfc062723c751e8b465ee728b)
Start importing Assets/TextMesh Pro/Examples & Extras/Resources/Fonts & Materials/Electronic Highway Sign SDF.asset using Guid(dc36b3fdc14f47ebb36fd484a67e268a) Importer(815301076,1909f56bfc062723c751e8b465ee728b)  -> (artifact id: '8a28779fff4ee0083a9bc6ac1355b88b') in 0.010617 seconds
Number of updated asset objects reloaded before import = 0
Number of asset objects unloaded after import = 6
========================================================================
Received Import Request.
  Time since last request: 0.003567 seconds.
  path: Assets/Assets/Images/1성/정통대/치토정통대 측면 모션(우)/치토정통대 측면(우)_00014.png
  artifactKey: Guid(b02d4f8cfb03a344788af0b59d555dd7) Importer(815301076,1909f56bfc062723c751e8b465ee728b)
Start importing Assets/Assets/Images/1성/정통대/치토정통대 측면 모션(우)/치토정통대 측면(우)_00014.png using Guid(b02d4f8cfb03a344788af0b59d555dd7) Importer(815301076,1909f56bfc062723c751e8b465ee728b)  -> (artifact id: '5c4ee6d9c221955867620f59e70d362a') in 0.025451 seconds
Number of updated asset objects reloaded before import = 0
Number of asset objects unloaded after import = 3
========================================================================
Received Import Request.
  Time since last request: 0.004281 seconds.
  path: Assets/Assets/Images/1성/정통대/치토정통대 측면 모션(좌)/치토정통대 측면(좌)_00003.png
  artifactKey: Guid(1aa9d7b759072bd46a52bae65710eeda) Importer(815301076,1909f56bfc062723c751e8b465ee728b)
Start importing Assets/Assets/Images/1성/정통대/치토정통대 측면 모션(좌)/치토정통대 측면(좌)_00003.png using Guid(1aa9d7b759072bd46a52bae65710eeda) Importer(815301076,1909f56bfc062723c751e8b465ee728b)  -> (artifact id: 'c91da792c95a920b3106812c271202a1') in 0.026331 seconds
Number of updated asset objects reloaded before import = 0
Number of asset objects unloaded after import = 3
========================================================================
Received Import Request.
  Time since last request: 0.001886 seconds.
  path: Assets/Assets/Images/2성/정통대/치토정통대 측면(좌)
  artifactKey: Guid(d2d358101ae21d84499ea152283c865e) Importer(815301076,1909f56bfc062723c751e8b465ee728b)
Start importing Assets/Assets/Images/2성/정통대/치토정통대 측면(좌) using Guid(d2d358101ae21d84499ea152283c865e) Importer(815301076,1909f56bfc062723c751e8b465ee728b)  -> (artifact id: '61d58848d09096056b1a732f54e55f34') in 0.000419 seconds
Number of updated asset objects reloaded before import = 0
Number of asset objects unloaded after import = 0
========================================================================
Received Import Request.
  Time since last request: 0.022327 seconds.
  path: Assets/TextMesh Pro/Sprites
  artifactKey: Guid(d0603b6d5186471b96c778c3949c7ce2) Importer(815301076,1909f56bfc062723c751e8b465ee728b)
Start importing Assets/TextMesh Pro/Sprites using Guid(d0603b6d5186471b96c778c3949c7ce2) Importer(815301076,1909f56bfc062723c751e8b465ee728b)  -> (artifact id: '6cb8c8d526b56b02a177794fb5aaffbd') in 0.000470 seconds
Number of updated asset objects reloaded before import = 0
Number of asset objects unloaded after import = 0
========================================================================
Received Import Request.
  Time since last request: 0.013659 seconds.
  path: Assets/TextMesh Pro/Examples & Extras/Fonts/Anton OFL.txt
  artifactKey: Guid(73a79399807f4e8388c2cbb5494681ca) Importer(815301076,1909f56bfc062723c751e8b465ee728b)
Start importing Assets/TextMesh Pro/Examples & Extras/Fonts/Anton OFL.txt using Guid(73a79399807f4e8388c2cbb5494681ca) Importer(815301076,1909f56bfc062723c751e8b465ee728b)  -> (artifact id: '4b763cfef0c6268370706b17520826b8') in 0.001077 seconds
Number of updated asset objects reloaded before import = 0
Number of asset objects unloaded after import = 1
========================================================================
Received Import Request.
  Time since last request: 0.006339 seconds.
  path: Assets/Assets/Images/1성/의과/치토의과 측면 모션(우)/치토의과 측면(우)_00018.png
  artifactKey: Guid(f2d493970f1b3a447bf5edfd313883b3) Importer(815301076,1909f56bfc062723c751e8b465ee728b)
Start importing Assets/Assets/Images/1성/의과/치토의과 측면 모션(우)/치토의과 측면(우)_00018.png using Guid(f2d493970f1b3a447bf5edfd313883b3) Importer(815301076,1909f56bfc062723c751e8b465ee728b)  -> (artifact id: '10da37d6b254a2bf8439fa6968a756ed') in 0.027388 seconds
Number of updated asset objects reloaded before import = 0
Number of asset objects unloaded after import = 3
========================================================================
Received Import Request.
  Time since last request: 0.006387 seconds.
  path: Assets/TextMesh Pro/Examples & Extras/Fonts/Roboto-Bold.ttf
  artifactKey: Guid(4beb055f07aaff244873dec698d0363e) Importer(815301076,1909f56bfc062723c751e8b465ee728b)
Start importing Assets/TextMesh Pro/Examples & Extras/Fonts/Roboto-Bold.ttf using Guid(4beb055f07aaff244873dec698d0363e) Importer(815301076,1909f56bfc062723c751e8b465ee728b)  -> (artifact id: '14c221c04bf0b351be787a331f1d523f') in 0.008865 seconds
Number of updated asset objects reloaded before import = 0
Number of asset objects unloaded after import = 4
========================================================================
Received Import Request.
  Time since last request: 0.037204 seconds.
  path: Assets/Assets/Images/2성/사회과학대/Sdown2.anim
  artifactKey: Guid(d1dc672d1e8da4246b8405c46444fab8) Importer(815301076,1909f56bfc062723c751e8b465ee728b)
Start importing Assets/Assets/Images/2성/사회과학대/Sdown2.anim using Guid(d1dc672d1e8da4246b8405c46444fab8) Importer(815301076,1909f56bfc062723c751e8b465ee728b)  -> (artifact id: '144558f324bc41df1df63cdffff806db') in 0.001408 seconds
Number of updated asset objects reloaded before import = 0
Number of asset objects unloaded after import = 1
========================================================================
Received Import Request.
  Time since last request: 0.019502 seconds.
  path: Assets/Assets/Images/1성/자연과학대/치토자연과학대 측면 모션(우)/치토자연과학대 측면(우)_00011.png
  artifactKey: Guid(d7394562c507014429fbd91d36da54d3) Importer(815301076,1909f56bfc062723c751e8b465ee728b)
Start importing Assets/Assets/Images/1성/자연과학대/치토자연과학대 측면 모션(우)/치토자연과학대 측면(우)_00011.png using Guid(d7394562c507014429fbd91d36da54d3) Importer(815301076,1909f56bfc062723c751e8b465ee728b)  -> (artifact id: 'ad31e2fb30606d3b3e3482f40383c07d') in 0.027878 seconds
Number of updated asset objects reloaded before import = 0
Number of asset objects unloaded after import = 3
========================================================================
Received Import Request.
  Time since last request: 0.008487 seconds.
  path: Assets/Assets/Images/3성/미디어/치토미디어 후면 2/치토미디어 후면 2_00009.png
  artifactKey: Guid(730f88a6c87426e4fac39d883ac8d6c1) Importer(815301076,1909f56bfc062723c751e8b465ee728b)
Start importing Assets/Assets/Images/3성/미디어/치토미디어 후면 2/치토미디어 후면 2_00009.png using Guid(730f88a6c87426e4fac39d883ac8d6c1) Importer(815301076,1909f56bfc062723c751e8b465ee728b)  -> (artifact id: '3984f2ceace951ceb09c7a3a252c8dbe') in 0.021667 seconds
Number of updated asset objects reloaded before import = 0
Number of asset objects unloaded after import = 2
========================================================================
Received Import Request.
  Time since last request: 0.081810 seconds.
  path: Assets/Assets/Images/3성/미디어/치토미디어 정면 2/치토미디어 정면 2_00004.png
  artifactKey: Guid(ae94a4ad8f1184749a188ff325754afd) Importer(815301076,1909f56bfc062723c751e8b465ee728b)
Start importing Assets/Assets/Images/3성/미디어/치토미디어 정면 2/치토미디어 정면 2_00004.png using Guid(ae94a4ad8f1184749a188ff325754afd) Importer(815301076,1909f56bfc062723c751e8b465ee728b)  -> (artifact id: '61e2f821f904db6d92e37d22c338f931') in 0.022257 seconds
Number of updated asset objects reloaded before import = 0
Number of asset objects unloaded after import = 2
========================================================================
Received Import Request.
  Time since last request: 0.007539 seconds.
  path: Assets/Assets/Images/1성/소프트웨어 융합대/치토소융대 측면 모션(우)/치토소융대 측면(우)_00027.png
  artifactKey: Guid(af75d2c9a8528744db410c56d739c794) Importer(815301076,1909f56bfc062723c751e8b465ee728b)
Start importing Assets/Assets/Images/1성/소프트웨어 융합대/치토소융대 측면 모션(우)/치토소융대 측면(우)_00027.png using Guid(af75d2c9a8528744db410c56d739c794) Importer(815301076,1909f56bfc062723c751e8b465ee728b)  -> (artifact id: '45d927a5b8067a5c43079cd4187eb6db') in 0.026673 seconds
Number of updated asset objects reloaded before import = 0
Number of asset objects unloaded after import = 3
========================================================================
Received Import Request.
  Time since last request: 0.024458 seconds.
  path: Assets/TextMesh Pro/Shaders/TMP_Bitmap-Custom-Atlas.shader
  artifactKey: Guid(48bb5f55d8670e349b6e614913f9d910) Importer(815301076,1909f56bfc062723c751e8b465ee728b)
Start importing Assets/TextMesh Pro/Shaders/TMP_Bitmap-Custom-Atlas.shader using Guid(48bb5f55d8670e349b6e614913f9d910) Importer(815301076,1909f56bfc062723c751e8b465ee728b)  -> (artifact id: 'cc7e9a5f5a2bb803655bf21f947084fd') in 0.000742 seconds
Number of updated asset objects reloaded before import = 0
Number of asset objects unloaded after import = 0
========================================================================
Received Import Request.
  Time since last request: 0.003390 seconds.
  path: Assets/Assets/Images/3성/인문대/인문대 측면(우)2/치토인문대 측면(우) 2_00008.png
  artifactKey: Guid(af83da96e82ffdb4eb03c0a17afe3521) Importer(815301076,1909f56bfc062723c751e8b465ee728b)
Start importing Assets/Assets/Images/3성/인문대/인문대 측면(우)2/치토인문대 측면(우) 2_00008.png using Guid(af83da96e82ffdb4eb03c0a17afe3521) Importer(815301076,1909f56bfc062723c751e8b465ee728b)  -> (artifact id: '7cbe902f39063fcdd802a44fefab771c') in 0.028054 seconds
Number of updated asset objects reloaded before import = 0
Number of asset objects unloaded after import = 3
========================================================================
Received Import Request.
  Time since last request: 0.002191 seconds.
  path: Assets/TextMesh Pro/Resources/Style Sheets/Default Style Sheet.asset
  artifactKey: Guid(f952c082cb03451daed3ee968ac6c63e) Importer(815301076,1909f56bfc062723c751e8b465ee728b)
Start importing Assets/TextMesh Pro/Resources/Style Sheets/Default Style Sheet.asset using Guid(f952c082cb03451daed3ee968ac6c63e) Importer(815301076,1909f56bfc062723c751e8b465ee728b)  -> (artifact id: 'af00edb55e05cf3e37977090ae9927d6') in 0.001507 seconds
Number of updated asset objects reloaded before import = 0
Number of asset objects unloaded after import = 1
========================================================================
Received Import Request.
  Time since last request: 0.003288 seconds.
  path: Assets/Assets/Images/3성/인문대/인문대 측면(우)2/치토인문대 측면(우) 2_00010.png
  artifactKey: Guid(200f2d8cc70f33b44a14bcbb7016e8cf) Importer(815301076,1909f56bfc062723c751e8b465ee728b)
Start importing Assets/Assets/Images/3성/인문대/인문대 측면(우)2/치토인문대 측면(우) 2_00010.png using Guid(200f2d8cc70f33b44a14bcbb7016e8cf) Importer(815301076,1909f56bfc062723c751e8b465ee728b)  -> (artifact id: 'd655d0b729931965d8613b2fe8d6797f') in 0.029981 seconds
Number of updated asset objects reloaded before import = 0
Number of asset objects unloaded after import = 3
========================================================================
Received Import Request.
  Time since last request: 0.010323 seconds.
  path: Assets/Assets/Images/3성/자연과학대/치토자연과학대 정면 2/치토자연과학대 정면 2_00008.png
  artifactKey: Guid(83048b9d79fe22449818fc3f02691460) Importer(815301076,1909f56bfc062723c751e8b465ee728b)
Start importing Assets/Assets/Images/3성/자연과학대/치토자연과학대 정면 2/치토자연과학대 정면 2_00008.png using Guid(83048b9d79fe22449818fc3f02691460) Importer(815301076,1909f56bfc062723c751e8b465ee728b)  -> (artifact id: 'f68581ea9e50244cda0ad0ffd4453a93') in 0.028475 seconds
Number of updated asset objects reloaded before import = 0
Number of asset objects unloaded after import = 3
========================================================================
Received Import Request.
  Time since last request: 0.020886 seconds.
  path: Assets/Assets/Images/1성/사회과학대/Sdown.anim
  artifactKey: Guid(9d26dd4310dfb554899381e34809f0d4) Importer(815301076,1909f56bfc062723c751e8b465ee728b)
Start importing Assets/Assets/Images/1성/사회과학대/Sdown.anim using Guid(9d26dd4310dfb554899381e34809f0d4) Importer(815301076,1909f56bfc062723c751e8b465ee728b)  -> (artifact id: '71f4fd7d098f6b4b414d2154bd17261e') in 0.001327 seconds
Number of updated asset objects reloaded before import = 0
Number of asset objects unloaded after import = 1
========================================================================
Received Import Request.
  Time since last request: 0.156755 seconds.
  path: Assets/Assets/Images/2성/미디어/치토미디어 측면(좌)/치토미디어 측면(좌)_00004.png
  artifactKey: Guid(23b732e948d10ce4096dac3d0a8ec6ff) Importer(815301076,1909f56bfc062723c751e8b465ee728b)
Start importing Assets/Assets/Images/2성/미디어/치토미디어 측면(좌)/치토미디어 측면(좌)_00004.png using Guid(23b732e948d10ce4096dac3d0a8ec6ff) Importer(815301076,1909f56bfc062723c751e8b465ee728b)  -> (artifact id: '64ca7d02e7e7409abd835a0f206731bd') in 0.022370 seconds
Number of updated asset objects reloaded before import = 0
Number of asset objects unloaded after import = 2
========================================================================
Received Import Request.
  Time since last request: 0.017257 seconds.
  path: Assets/TextMesh Pro/Sprites/EmojiOne.png
  artifactKey: Guid(dffef66376be4fa480fb02b19edbe903) Importer(815301076,1909f56bfc062723c751e8b465ee728b)
Start importing Assets/TextMesh Pro/Sprites/EmojiOne.png using Guid(dffef66376be4fa480fb02b19edbe903) Importer(815301076,1909f56bfc062723c751e8b465ee728b)  -> (artifact id: 'd561f6893285eb56121731527b8748f5') in 0.022423 seconds
Number of updated asset objects reloaded before import = 0
Number of asset objects unloaded after import = 2
========================================================================
Received Import Request.
  Time since last request: 0.005250 seconds.
  path: Assets/Assets/Images/3성/소융대
  artifactKey: Guid(03f88d9523f44db4dbd1c1dabc1e145a) Importer(815301076,1909f56bfc062723c751e8b465ee728b)
Start importing Assets/Assets/Images/3성/소융대 using Guid(03f88d9523f44db4dbd1c1dabc1e145a) Importer(815301076,1909f56bfc062723c751e8b465ee728b)  -> (artifact id: 'b63287317049a62361baca269fd019ec') in 0.000461 seconds
Number of updated asset objects reloaded before import = 0
Number of asset objects unloaded after import = 0
========================================================================
Received Import Request.
  Time since last request: 0.044656 seconds.
  path: Assets/Assets/Images/3성/ㄱ.기본형/Down3.anim
  artifactKey: Guid(4ca8d78a8e7e3b449ace635460c6f634) Importer(815301076,1909f56bfc062723c751e8b465ee728b)
Start importing Assets/Assets/Images/3성/ㄱ.기본형/Down3.anim using Guid(4ca8d78a8e7e3b449ace635460c6f634) Importer(815301076,1909f56bfc062723c751e8b465ee728b)  -> (artifact id: '2a05faaa24a85f15af6dd158404e6d39') in 0.001353 seconds
Number of updated asset objects reloaded before import = 0
Number of asset objects unloaded after import = 1
========================================================================
Received Import Request.
  Time since last request: 0.007342 seconds.
  path: Assets/Assets/Images/2성/미디어/치토미디어 후면/치토미디어 후면_00016.png
  artifactKey: Guid(acf0301b006ab064c8bd86374eb7edd7) Importer(815301076,1909f56bfc062723c751e8b465ee728b)
Start importing Assets/Assets/Images/2성/미디어/치토미디어 후면/치토미디어 후면_00016.png using Guid(acf0301b006ab064c8bd86374eb7edd7) Importer(815301076,1909f56bfc062723c751e8b465ee728b)  -> (artifact id: '627dc380d7c4e6bc8d041591fd57f857') in 0.021796 seconds
Number of updated asset objects reloaded before import = 0
Number of asset objects unloaded after import = 2
========================================================================
Received Import Request.
  Time since last request: 0.019309 seconds.
  path: Assets/Assets/Images/3성/미디어/치토미디어 측면(좌) 2/치토미디어 측면(좌) 2_00012.png
  artifactKey: Guid(af1a62611f9a9c944aad0e2e02631422) Importer(815301076,1909f56bfc062723c751e8b465ee728b)
Start importing Assets/Assets/Images/3성/미디어/치토미디어 측면(좌) 2/치토미디어 측면(좌) 2_00012.png using Guid(af1a62611f9a9c944aad0e2e02631422) Importer(815301076,1909f56bfc062723c751e8b465ee728b)  -> (artifact id: '1fee1e9d93800f511887d17a4ee36efa') in 0.021995 seconds
Number of updated asset objects reloaded before import = 0
Number of asset objects unloaded after import = 2
========================================================================
Received Import Request.
  Time since last request: 0.019421 seconds.
  path: Assets/Assets/Images/3성/자연과학대/치토자연과학대 정면 2/치토자연과학대 정면 2_00017.png
  artifactKey: Guid(b8a675eced076264e9a39190250929ca) Importer(815301076,1909f56bfc062723c751e8b465ee728b)
Start importing Assets/Assets/Images/3성/자연과학대/치토자연과학대 정면 2/치토자연과학대 정면 2_00017.png using Guid(b8a675eced076264e9a39190250929ca) Importer(815301076,1909f56bfc062723c751e8b465ee728b)  -> (artifact id: 'd246dc70737eaa50920c8457bb1ac486') in 0.029577 seconds
Number of updated asset objects reloaded before import = 0
Number of asset objects unloaded after import = 3
========================================================================
Received Import Request.
  Time since last request: 0.027117 seconds.
  path: Assets/TextMesh Pro/Examples & Extras/Scripts/ChatController.cs
  artifactKey: Guid(53d91f98a2664f5cb9af11de72ac54ec) Importer(815301076,1909f56bfc062723c751e8b465ee728b)
Start importing Assets/TextMesh Pro/Examples & Extras/Scripts/ChatController.cs using Guid(53d91f98a2664f5cb9af11de72ac54ec) Importer(815301076,1909f56bfc062723c751e8b465ee728b)  -> (artifact id: '722f73936450b01e7d33f0213a761e33') in 0.000592 seconds
Number of updated asset objects reloaded before import = 0
Number of asset objects unloaded after import = 0
========================================================================
Received Import Request.
  Time since last request: 0.001006 seconds.
  path: Assets/Assets/Images/2성/간호대/치토간호대 정면
  artifactKey: Guid(c651d6e225ac28e41a84aab7baec3b30) Importer(815301076,1909f56bfc062723c751e8b465ee728b)
Start importing Assets/Assets/Images/2성/간호대/치토간호대 정면 using Guid(c651d6e225ac28e41a84aab7baec3b30) Importer(815301076,1909f56bfc062723c751e8b465ee728b)  -> (artifact id: 'c3142ab606add87d76daada63358b44f') in 0.000408 seconds
Number of updated asset objects reloaded before import = 0
Number of asset objects unloaded after import = 0
========================================================================
Received Import Request.
  Time since last request: 0.001420 seconds.
  path: Assets/Assets/Images/1성/의과/Ddown.anim
  artifactKey: Guid(2bb721d773a5e54429f6e63767e45abb) Importer(815301076,1909f56bfc062723c751e8b465ee728b)
Start importing Assets/Assets/Images/1성/의과/Ddown.anim using Guid(2bb721d773a5e54429f6e63767e45abb) Importer(815301076,1909f56bfc062723c751e8b465ee728b)  -> (artifact id: '178c58cefd382ab6e19aba2ef3686154') in 0.001220 seconds
Number of updated asset objects reloaded before import = 0
Number of asset objects unloaded after import = 1
========================================================================
Received Import Request.
  Time since last request: 0.000952 seconds.
  path: Assets/Assets/Images/2성/미디어/치토미디어 정면
  artifactKey: Guid(2fcb9e85af95cdb4f87ebaff769dd4b4) Importer(815301076,1909f56bfc062723c751e8b465ee728b)
Start importing Assets/Assets/Images/2성/미디어/치토미디어 정면 using Guid(2fcb9e85af95cdb4f87ebaff769dd4b4) Importer(815301076,1909f56bfc062723c751e8b465ee728b)  -> (artifact id: 'c5828d25e330fc3a18139072caec002d') in 0.000373 seconds
Number of updated asset objects reloaded before import = 0
Number of asset objects unloaded after import = 0
========================================================================
Received Import Request.
  Time since last request: 0.003655 seconds.
  path: Assets/Assets/Images/2성/미디어/치토미디어 후면/치토미디어 후면_00008.png
  artifactKey: Guid(c146ae494ff67c946b7f95ee7171af67) Importer(815301076,1909f56bfc062723c751e8b465ee728b)
Start importing Assets/Assets/Images/2성/미디어/치토미디어 후면/치토미디어 후면_00008.png using Guid(c146ae494ff67c946b7f95ee7171af67) Importer(815301076,1909f56bfc062723c751e8b465ee728b)  -> (artifact id: 'dde72923559d42c1b142558903c0e22b') in 0.022052 seconds
Number of updated asset objects reloaded before import = 0
Number of asset objects unloaded after import = 2
========================================================================
Received Import Request.
  Time since last request: 0.044450 seconds.
  path: Assets/Assets/Images/1성/소프트웨어 융합대/치토소융대 측면 모션(우)/치토소융대 측면(우)_00016.png
  artifactKey: Guid(c727600d9b2ff2f46bcd2522124daf7a) Importer(815301076,1909f56bfc062723c751e8b465ee728b)
Start importing Assets/Assets/Images/1성/소프트웨어 융합대/치토소융대 측면 모션(우)/치토소융대 측면(우)_00016.png using Guid(c727600d9b2ff2f46bcd2522124daf7a) Importer(815301076,1909f56bfc062723c751e8b465ee728b)  -> (artifact id: '534e9337e893c8e01bc8205417a0bf9a') in 0.025806 seconds
Number of updated asset objects reloaded before import = 0
Number of asset objects unloaded after import = 3
========================================================================
Received Import Request.
  Time since last request: 0.030081 seconds.
  path: Assets/Assets/Images/2성/미디어/치토미디어 후면/치토미디어 후면_00009.png
  artifactKey: Guid(ffd3265e9fafdc2459f9a15dc05b69e3) Importer(815301076,1909f56bfc062723c751e8b465ee728b)
Start importing Assets/Assets/Images/2성/미디어/치토미디어 후면/치토미디어 후면_00009.png using Guid(ffd3265e9fafdc2459f9a15dc05b69e3) Importer(815301076,1909f56bfc062723c751e8b465ee728b)  -> (artifact id: '2ed44e7862608985ed3f0f6e26f8f68d') in 0.021866 seconds
Number of updated asset objects reloaded before import = 0
Number of asset objects unloaded after import = 2
========================================================================
Received Import Request.
  Time since last request: 0.003884 seconds.
  path: Assets/Assets/Images/1성/자연과학대/치토자연과학대 측면 모션(좌)/치토자연과학대 측면(좌)_00009.png
  artifactKey: Guid(d005b88488dccaa4882acdc72ed8c80e) Importer(815301076,1909f56bfc062723c751e8b465ee728b)
Start importing Assets/Assets/Images/1성/자연과학대/치토자연과학대 측면 모션(좌)/치토자연과학대 측면(좌)_00009.png using Guid(d005b88488dccaa4882acdc72ed8c80e) Importer(815301076,1909f56bfc062723c751e8b465ee728b)  -> (artifact id: 'e4d88f63dd373ad7c0acf9f4f1ed5206') in 0.026104 seconds
Number of updated asset objects reloaded before import = 0
Number of asset objects unloaded after import = 3
========================================================================
Received Import Request.
  Time since last request: 0.013695 seconds.
  path: Assets/TextMesh Pro/Examples & Extras/Scripts/TextMeshProFloatingText.cs
  artifactKey: Guid(a4d4c76e63944cba8c7d00f56334b98c) Importer(815301076,1909f56bfc062723c751e8b465ee728b)
Start importing Assets/TextMesh Pro/Examples & Extras/Scripts/TextMeshProFloatingText.cs using Guid(a4d4c76e63944cba8c7d00f56334b98c) Importer(815301076,1909f56bfc062723c751e8b465ee728b)  -> (artifact id: '7d08e37e5797c226850edf35fb2e1b7f') in 0.000551 seconds
Number of updated asset objects reloaded before import = 0
Number of asset objects unloaded after import = 0
========================================================================
Received Import Request.
  Time since last request: 0.008928 seconds.
  path: Assets/Assets/Images/3성/인문대/인문대 측면(우)2/치토인문대 측면(우) 2_00004.png
  artifactKey: Guid(4f3b47324e940ca49a48804880202a9d) Importer(815301076,1909f56bfc062723c751e8b465ee728b)
Start importing Assets/Assets/Images/3성/인문대/인문대 측면(우)2/치토인문대 측면(우) 2_00004.png using Guid(4f3b47324e940ca49a48804880202a9d) Importer(815301076,1909f56bfc062723c751e8b465ee728b)  -> (artifact id: '10acdbce4b59e28f1684334fdcfaadb0') in 0.028364 seconds
Number of updated asset objects reloaded before import = 0
Number of asset objects unloaded after import = 3
========================================================================
Received Import Request.
  Time since last request: 0.011650 seconds.
  path: Assets/Assets/Images/1성/소프트웨어 융합대/치토소융대 측면 모션(좌)/치토소융대 측면(좌)_00037.png
  artifactKey: Guid(6fb0e2f8814b3c64d880aa9f53371c70) Importer(815301076,1909f56bfc062723c751e8b465ee728b)
Start importing Assets/Assets/Images/1성/소프트웨어 융합대/치토소융대 측면 모션(좌)/치토소융대 측면(좌)_00037.png using Guid(6fb0e2f8814b3c64d880aa9f53371c70) Importer(815301076,1909f56bfc062723c751e8b465ee728b)  -> (artifact id: '0507e4b96c5f2c10a1ca73ffec107ab8') in 0.024896 seconds
Number of updated asset objects reloaded before import = 0
Number of asset objects unloaded after import = 3
========================================================================
Received Import Request.
  Time since last request: 0.016480 seconds.
  path: Assets/Assets/Images/2성/소융대/치토소융대 정면
  artifactKey: Guid(cc221b52be0a90545b282f6962bac657) Importer(815301076,1909f56bfc062723c751e8b465ee728b)
Start importing Assets/Assets/Images/2성/소융대/치토소융대 정면 using Guid(cc221b52be0a90545b282f6962bac657) Importer(815301076,1909f56bfc062723c751e8b465ee728b)  -> (artifact id: '06eab3424ce8ddc62b2aca3ef5d70c06') in 0.000500 seconds
Number of updated asset objects reloaded before import = 0
Number of asset objects unloaded after import = 0
========================================================================
Received Import Request.
  Time since last request: 0.014580 seconds.
  path: Assets/Assets/Images/1성/정통대/치토정통대 측면 모션(우)/치토정통대 측면(우)_00001.png
  artifactKey: Guid(3ade9d73ab3747347b149a3e9b9f133d) Importer(815301076,1909f56bfc062723c751e8b465ee728b)
Start importing Assets/Assets/Images/1성/정통대/치토정통대 측면 모션(우)/치토정통대 측면(우)_00001.png using Guid(3ade9d73ab3747347b149a3e9b9f133d) Importer(815301076,1909f56bfc062723c751e8b465ee728b)  -> (artifact id: 'a1ba812a30343c3b893ddd9ab0a690f1') in 0.026577 seconds
Number of updated asset objects reloaded before import = 0
Number of asset objects unloaded after import = 3
========================================================================
Received Import Request.
  Time since last request: 0.013976 seconds.
  path: Assets/Assets/Images/3성/미디어/치토미디어 정면 2/치토미디어 정면 2_00020.png
  artifactKey: Guid(b17bb0a3b24a90941b50d3d00b73e17a) Importer(815301076,1909f56bfc062723c751e8b465ee728b)
Start importing Assets/Assets/Images/3성/미디어/치토미디어 정면 2/치토미디어 정면 2_00020.png using Guid(b17bb0a3b24a90941b50d3d00b73e17a) Importer(815301076,1909f56bfc062723c751e8b465ee728b)  -> (artifact id: '57f04387c1f44ebe83a52ea5aa451926') in 0.021523 seconds
Number of updated asset objects reloaded before import = 0
Number of asset objects unloaded after import = 2
========================================================================
Received Import Request.
  Time since last request: 0.007261 seconds.
  path: Assets/Assets/Images/2성/소융대/SWdown2.anim
  artifactKey: Guid(1a7de0ae7b8ae7f498a472721a425813) Importer(815301076,1909f56bfc062723c751e8b465ee728b)
Start importing Assets/Assets/Images/2성/소융대/SWdown2.anim using Guid(1a7de0ae7b8ae7f498a472721a425813) Importer(815301076,1909f56bfc062723c751e8b465ee728b)  -> (artifact id: 'f7af27136caf9a3464038668dcc61242') in 0.001244 seconds
Number of updated asset objects reloaded before import = 0
Number of asset objects unloaded after import = 1
========================================================================
Received Import Request.
  Time since last request: 0.003631 seconds.
  path: Assets/Assets/Images/2성/미디어/치토미디어 후면/치토미디어 후면_00004.png
  artifactKey: Guid(9ae8a241348ba5d479563d86deba70ed) Importer(815301076,1909f56bfc062723c751e8b465ee728b)
Start importing Assets/Assets/Images/2성/미디어/치토미디어 후면/치토미디어 후면_00004.png using Guid(9ae8a241348ba5d479563d86deba70ed) Importer(815301076,1909f56bfc062723c751e8b465ee728b)  -> (artifact id: '69762c0808747f5d7a4ce6a49334c1c1') in 0.021533 seconds
Number of updated asset objects reloaded before import = 0
Number of asset objects unloaded after import = 2
========================================================================
Received Import Request.
  Time since last request: 0.006591 seconds.
  path: Assets/TextMesh Pro/Shaders/TMP_SDF-Mobile Masking.shader
  artifactKey: Guid(bc1ede39bf3643ee8e493720e4259791) Importer(815301076,1909f56bfc062723c751e8b465ee728b)
Start importing Assets/TextMesh Pro/Shaders/TMP_SDF-Mobile Masking.shader using Guid(bc1ede39bf3643ee8e493720e4259791) Importer(815301076,1909f56bfc062723c751e8b465ee728b)  -> (artifact id: '8fef55397c971f6a7448d21ff3fbecc9') in 0.000716 seconds
Number of updated asset objects reloaded before import = 0
Number of asset objects unloaded after import = 0
========================================================================
Received Import Request.
  Time since last request: 0.013603 seconds.
  path: Assets/Assets/Images/3성/인문대/치토인문대 정면 2/치토인문대 정면 2_00005.png
  artifactKey: Guid(69b89de5e51af0e49aa953f2f817375a) Importer(815301076,1909f56bfc062723c751e8b465ee728b)
Start importing Assets/Assets/Images/3성/인문대/치토인문대 정면 2/치토인문대 정면 2_00005.png using Guid(69b89de5e51af0e49aa953f2f817375a) Importer(815301076,1909f56bfc062723c751e8b465ee728b)  -> (artifact id: '32c431173fce7968cfb61be6304963c8') in 0.028085 seconds
Number of updated asset objects reloaded before import = 0
Number of asset objects unloaded after import = 3
========================================================================
Received Import Request.
  Time since last request: 0.003585 seconds.
  path: Assets/Assets/Images/2성/미디어/치토미디어 후면/치토미디어 후면_00006.png
  artifactKey: Guid(c4ba1e5609e59dc44a4ccd86c4f9c292) Importer(815301076,1909f56bfc062723c751e8b465ee728b)
Start importing Assets/Assets/Images/2성/미디어/치토미디어 후면/치토미디어 후면_00006.png using Guid(c4ba1e5609e59dc44a4ccd86c4f9c292) Importer(815301076,1909f56bfc062723c751e8b465ee728b)  -> (artifact id: '4d6995c8769e01d86afbef0b5455f96a') in 0.021426 seconds
Number of updated asset objects reloaded before import = 0
Number of asset objects unloaded after import = 2
========================================================================
Received Import Request.
  Time since last request: 0.026963 seconds.
  path: Assets/Assets/Images/2성/미디어/치토미디어 정면/치토미디어 정면_00003.png
  artifactKey: Guid(d310bbe38defff844be11567ba7eb91c) Importer(815301076,1909f56bfc062723c751e8b465ee728b)
Start importing Assets/Assets/Images/2성/미디어/치토미디어 정면/치토미디어 정면_00003.png using Guid(d310bbe38defff844be11567ba7eb91c) Importer(815301076,1909f56bfc062723c751e8b465ee728b)  -> (artifact id: 'b08c445b39c54486a97537471fbbe46f') in 0.022659 seconds
Number of updated asset objects reloaded before import = 0
Number of asset objects unloaded after import = 2
========================================================================
Received Import Request.
  Time since last request: 0.028004 seconds.
  path: Assets/Assets/Images/3성/미디어/치토미디어 정면 2/치토미디어 정면 2_00006.png
  artifactKey: Guid(d8be62f13de8c7648b8eda6db3a1debe) Importer(815301076,1909f56bfc062723c751e8b465ee728b)
Start importing Assets/Assets/Images/3성/미디어/치토미디어 정면 2/치토미디어 정면 2_00006.png using Guid(d8be62f13de8c7648b8eda6db3a1debe) Importer(815301076,1909f56bfc062723c751e8b465ee728b)  -> (artifact id: '8e6d861caf51145835af5678eabbf935') in 0.022125 seconds
Number of updated asset objects reloaded before import = 0
Number of asset objects unloaded after import = 2
========================================================================
Received Import Request.
  Time since last request: 0.007152 seconds.
  path: Assets/Assets/Images/1성/정통대/치토정통대 측면 모션(좌)/치토정통대 측면(좌)_00008.png
  artifactKey: Guid(89713c97261793d4591789f55e7bbd63) Importer(815301076,1909f56bfc062723c751e8b465ee728b)
Start importing Assets/Assets/Images/1성/정통대/치토정통대 측면 모션(좌)/치토정통대 측면(좌)_00008.png using Guid(89713c97261793d4591789f55e7bbd63) Importer(815301076,1909f56bfc062723c751e8b465ee728b)  -> (artifact id: '9c08dcd1d425bb8e7a0485865d71fcc5') in 0.027024 seconds
Number of updated asset objects reloaded before import = 0
Number of asset objects unloaded after import = 3
========================================================================
Received Import Request.
  Time since last request: 0.029874 seconds.
  path: Assets/Assets/Images/3성/미디어/치토미디어 측면(좌) 2/치토미디어 측면(좌) 2_00007.png
  artifactKey: Guid(13e9cd716223a5541a77b2374b1733c4) Importer(815301076,1909f56bfc062723c751e8b465ee728b)
Start importing Assets/Assets/Images/3성/미디어/치토미디어 측면(좌) 2/치토미디어 측면(좌) 2_00007.png using Guid(13e9cd716223a5541a77b2374b1733c4) Importer(815301076,1909f56bfc062723c751e8b465ee728b)  -> (artifact id: 'b543db2a1908f0909d63417bff7e3b9a') in 0.022186 seconds
Number of updated asset objects reloaded before import = 0
Number of asset objects unloaded after import = 2
========================================================================
Received Import Request.
  Time since last request: 0.061262 seconds.
  path: Assets/Assets/Images/1성/정통대/치토정통대 측면 모션(우)/치토정통대 측면(우)_00003.png
  artifactKey: Guid(a6d50821e9d1fdd4aaf41add2666183f) Importer(815301076,1909f56bfc062723c751e8b465ee728b)
Start importing Assets/Assets/Images/1성/정통대/치토정통대 측면 모션(우)/치토정통대 측면(우)_00003.png using Guid(a6d50821e9d1fdd4aaf41add2666183f) Importer(815301076,1909f56bfc062723c751e8b465ee728b)  -> (artifact id: '77902df8b05913c91d9f2c2c6757b364') in 0.025010 seconds
Number of updated asset objects reloaded before import = 0
Number of asset objects unloaded after import = 3
========================================================================
Received Import Request.
  Time since last request: 0.057469 seconds.
  path: Assets/Assets/Images/1성/자연과학대/치토자연과학대 측면 모션(우)/치토자연과학대 측면(우)_00008.png
  artifactKey: Guid(8e8da75ce1e52cc46ad9bd014932cb1f) Importer(815301076,1909f56bfc062723c751e8b465ee728b)
Start importing Assets/Assets/Images/1성/자연과학대/치토자연과학대 측면 모션(우)/치토자연과학대 측면(우)_00008.png using Guid(8e8da75ce1e52cc46ad9bd014932cb1f) Importer(815301076,1909f56bfc062723c751e8b465ee728b)  -> (artifact id: 'f210b3bab18d7ca0b7a77a8e996016bb') in 0.026078 seconds
Number of updated asset objects reloaded before import = 0
Number of asset objects unloaded after import = 3
========================================================================
Received Import Request.
  Time since last request: 0.005549 seconds.
  path: Assets/Assets/Images/3성/미디어/치토미디어 후면 2/치토미디어 후면 2_00017.png
  artifactKey: Guid(54ad6547c45361a48b570a0ee8b5c5b3) Importer(815301076,1909f56bfc062723c751e8b465ee728b)
Start importing Assets/Assets/Images/3성/미디어/치토미디어 후면 2/치토미디어 후면 2_00017.png using Guid(54ad6547c45361a48b570a0ee8b5c5b3) Importer(815301076,1909f56bfc062723c751e8b465ee728b)  -> (artifact id: '956e132e9269411780da5953920901aa') in 0.023391 seconds
Number of updated asset objects reloaded before import = 0
Number of asset objects unloaded after import = 2
========================================================================
Received Import Request.
  Time since last request: 0.006679 seconds.
  path: Assets/Assets/Images/2성/간호대
  artifactKey: Guid(30ef007cecf9490469fb770ab9c18f37) Importer(815301076,1909f56bfc062723c751e8b465ee728b)
Start importing Assets/Assets/Images/2성/간호대 using Guid(30ef007cecf9490469fb770ab9c18f37) Importer(815301076,1909f56bfc062723c751e8b465ee728b)  -> (artifact id: 'c303d748619923eb2d407867b34c9a04') in 0.000474 seconds
Number of updated asset objects reloaded before import = 0
Number of asset objects unloaded after import = 0
========================================================================
Received Import Request.
  Time since last request: 0.019624 seconds.
  path: Assets/Assets/Images/2성/미디어/치토미디어 정면/치토미디어 정면_00009.png
  artifactKey: Guid(330cf9a2b9f5dc7478744574b35f6a4e) Importer(815301076,1909f56bfc062723c751e8b465ee728b)
Start importing Assets/Assets/Images/2성/미디어/치토미디어 정면/치토미디어 정면_00009.png using Guid(330cf9a2b9f5dc7478744574b35f6a4e) Importer(815301076,1909f56bfc062723c751e8b465ee728b)  -> (artifact id: 'b7a292389e39c69be823c0b807f97dab') in 0.021713 seconds
Number of updated asset objects reloaded before import = 0
Number of asset objects unloaded after import = 2
========================================================================
Received Import Request.
  Time since last request: 0.018689 seconds.
  path: Assets/Assets/Images/3성/인문대/인문대 측면(우)2/치토인문대 측면(우) 2_00014.png
  artifactKey: Guid(a8eaff8750daac34d86a770ec90cd14c) Importer(815301076,1909f56bfc062723c751e8b465ee728b)
Start importing Assets/Assets/Images/3성/인문대/인문대 측면(우)2/치토인문대 측면(우) 2_00014.png using Guid(a8eaff8750daac34d86a770ec90cd14c) Importer(815301076,1909f56bfc062723c751e8b465ee728b)  -> (artifact id: '5d3b76d64ad973ca526348c0604672c8') in 0.028485 seconds
Number of updated asset objects reloaded before import = 0
Number of asset objects unloaded after import = 3
========================================================================
Received Import Request.
  Time since last request: 0.005156 seconds.
  path: Assets/Assets/Images/3성/자연과학대/치토자연과학대 정면 2/치토자연과학대 정면 2_00001.png
  artifactKey: Guid(611d3e1f7b22c3d44bacf9c59b09f451) Importer(815301076,1909f56bfc062723c751e8b465ee728b)
Start importing Assets/Assets/Images/3성/자연과학대/치토자연과학대 정면 2/치토자연과학대 정면 2_00001.png using Guid(611d3e1f7b22c3d44bacf9c59b09f451) Importer(815301076,1909f56bfc062723c751e8b465ee728b)  -> (artifact id: '5d4f4b549afe0acb25bc558cbb88cfba') in 0.027991 seconds
Number of updated asset objects reloaded before import = 0
Number of asset objects unloaded after import = 3
========================================================================
Received Import Request.
  Time since last request: 0.004174 seconds.
  path: Assets/Assets/Images/2성/미디어/미디어 측면(우)/치토미디어 측면(우)_00018.png
  artifactKey: Guid(2dfc9711af48e82478d9666d02009b38) Importer(815301076,1909f56bfc062723c751e8b465ee728b)
Start importing Assets/Assets/Images/2성/미디어/미디어 측면(우)/치토미디어 측면(우)_00018.png using Guid(2dfc9711af48e82478d9666d02009b38) Importer(815301076,1909f56bfc062723c751e8b465ee728b)  -> (artifact id: 'cf54487cfab3bfa2ab836387a73b7281') in 0.022010 seconds
Number of updated asset objects reloaded before import = 0
Number of asset objects unloaded after import = 2
========================================================================
Received Import Request.
  Time since last request: 0.001750 seconds.
  path: Assets/TextMesh Pro/Examples & Extras/Resources/Fonts & Materials/Bangers SDF Glow.mat
  artifactKey: Guid(d75b8f41e959450c84ac6e967084d3e1) Importer(815301076,1909f56bfc062723c751e8b465ee728b)
Start importing Assets/TextMesh Pro/Examples & Extras/Resources/Fonts & Materials/Bangers SDF Glow.mat using Guid(d75b8f41e959450c84ac6e967084d3e1) Importer(815301076,1909f56bfc062723c751e8b465ee728b)  -> (artifact id: '2def151a1c3c4f9a0a9aa84f85fa5f9c') in 0.013164 seconds
Number of updated asset objects reloaded before import = 0
Number of asset objects unloaded after import = 3
========================================================================
Received Import Request.
  Time since last request: 0.016964 seconds.
  path: Assets/Assets/Images/1성/자연과학대/치토자연과학대 측면 모션(우)/치토자연과학대 측면(우)_00019.png
  artifactKey: Guid(ac6794d2aa7eff94aab03562526b52bd) Importer(815301076,1909f56bfc062723c751e8b465ee728b)
Start importing Assets/Assets/Images/1성/자연과학대/치토자연과학대 측면 모션(우)/치토자연과학대 측면(우)_00019.png using Guid(ac6794d2aa7eff94aab03562526b52bd) Importer(815301076,1909f56bfc062723c751e8b465ee728b)  -> (artifact id: '57bd218fbc41f59c033ee1cfe24f3f57') in 0.028269 seconds
Number of updated asset objects reloaded before import = 0
Number of asset objects unloaded after import = 3
========================================================================
Received Import Request.
  Time since last request: 0.027873 seconds.
  path: Assets/Assets/Images/3성/자연과학대/자연과학대 측면(우)2
  artifactKey: Guid(b2421100d7971ee4fa07f6afc4b6716f) Importer(815301076,1909f56bfc062723c751e8b465ee728b)
Start importing Assets/Assets/Images/3성/자연과학대/자연과학대 측면(우)2 using Guid(b2421100d7971ee4fa07f6afc4b6716f) Importer(815301076,1909f56bfc062723c751e8b465ee728b)  -> (artifact id: 'ae7fff44c290b518f20b937dda897219') in 0.000487 seconds
Number of updated asset objects reloaded before import = 0
Number of asset objects unloaded after import = 0
========================================================================
Received Import Request.
  Time since last request: 0.037655 seconds.
  path: Assets/Assets/Images/1성/소프트웨어 융합대/치토소융대 측면 모션(좌)/치토소융대 측면(좌)_00028.png
  artifactKey: Guid(b2d081a13fc0cd44cb7d3062ff67ebbb) Importer(815301076,1909f56bfc062723c751e8b465ee728b)
Start importing Assets/Assets/Images/1성/소프트웨어 융합대/치토소융대 측면 모션(좌)/치토소융대 측면(좌)_00028.png using Guid(b2d081a13fc0cd44cb7d3062ff67ebbb) Importer(815301076,1909f56bfc062723c751e8b465ee728b)  -> (artifact id: '595fbcb06642223a9f31c742a6b8cb3b') in 0.026263 seconds
Number of updated asset objects reloaded before import = 0
Number of asset objects unloaded after import = 3
========================================================================
Received Import Request.
  Time since last request: 0.032541 seconds.
  path: Assets/Assets/Images/3성/미디어/치토미디어 측면(좌) 2/치토미디어 측면(좌) 2_00019.png
  artifactKey: Guid(1b6558abad22cc24d9668c22975ac874) Importer(815301076,1909f56bfc062723c751e8b465ee728b)
Start importing Assets/Assets/Images/3성/미디어/치토미디어 측면(좌) 2/치토미디어 측면(좌) 2_00019.png using Guid(1b6558abad22cc24d9668c22975ac874) Importer(815301076,1909f56bfc062723c751e8b465ee728b)  -> (artifact id: 'ed87d4c4c2ae9c1305c8eab2f387c872') in 0.021939 seconds
Number of updated asset objects reloaded before import = 0
Number of asset objects unloaded after import = 2
========================================================================
Received Import Request.
  Time since last request: 0.021363 seconds.
  path: Assets/TextMesh Pro/Examples & Extras/Scripts/VertexShakeB.cs
  artifactKey: Guid(e4e0d9ccee5f4950be8979268c9014e0) Importer(815301076,1909f56bfc062723c751e8b465ee728b)
Start importing Assets/TextMesh Pro/Examples & Extras/Scripts/VertexShakeB.cs using Guid(e4e0d9ccee5f4950be8979268c9014e0) Importer(815301076,1909f56bfc062723c751e8b465ee728b)  -> (artifact id: '461fe4eb4a3431ad2c2c9b88eb6ab39d') in 0.000560 seconds
Number of updated asset objects reloaded before import = 0
Number of asset objects unloaded after import = 0
========================================================================
Received Import Request.
  Time since last request: 0.003468 seconds.
  path: Assets/Assets/Images/1성/소프트웨어 융합대/치토소융대 측면 모션(우)/치토소융대 측면(우)_00023.png
  artifactKey: Guid(9f19e6f59ca29044691cf45e236a6f0e) Importer(815301076,1909f56bfc062723c751e8b465ee728b)
Start importing Assets/Assets/Images/1성/소프트웨어 융합대/치토소융대 측면 모션(우)/치토소융대 측면(우)_00023.png using Guid(9f19e6f59ca29044691cf45e236a6f0e) Importer(815301076,1909f56bfc062723c751e8b465ee728b)  -> (artifact id: '73ab554dff1d045b50403271e97a55c4') in 0.027199 seconds
Number of updated asset objects reloaded before import = 0
Number of asset objects unloaded after import = 3
========================================================================
Received Import Request.
  Time since last request: 0.018783 seconds.
  path: Assets/TextMesh Pro/Sprites/EmojiOne Attribution.txt
  artifactKey: Guid(381dcb09d5029d14897e55f98031fca5) Importer(815301076,1909f56bfc062723c751e8b465ee728b)
Start importing Assets/TextMesh Pro/Sprites/EmojiOne Attribution.txt using Guid(381dcb09d5029d14897e55f98031fca5) Importer(815301076,1909f56bfc062723c751e8b465ee728b)  -> (artifact id: 'ddd3e577a21f52d33ecd25c7b851eaeb') in 0.001134 seconds
Number of updated asset objects reloaded before import = 0
Number of asset objects unloaded after import = 1
========================================================================
Received Import Request.
  Time since last request: 0.008450 seconds.
  path: Assets/TextMesh Pro/Examples & Extras/Resources/Fonts & Materials/Anton SDF.asset
  artifactKey: Guid(8a89fa14b10d46a99122fd4f73fca9a2) Importer(815301076,1909f56bfc062723c751e8b465ee728b)
Start importing Assets/TextMesh Pro/Examples & Extras/Resources/Fonts & Materials/Anton SDF.asset using Guid(8a89fa14b10d46a99122fd4f73fca9a2) Importer(815301076,1909f56bfc062723c751e8b465ee728b)  -> (artifact id: '4b17c8d6c4f33cb0bdb0a7ae5649c90d') in 0.010533 seconds
Number of updated asset objects reloaded before import = 0
Number of asset objects unloaded after import = 6
========================================================================
Received Import Request.
  Time since last request: 0.034389 seconds.
  path: Assets/Assets/Images/3성/미디어/치토미디어 후면 2/치토미디어 후면 2_00011.png
  artifactKey: Guid(af700110c05f0164ca3fe6002de00584) Importer(815301076,1909f56bfc062723c751e8b465ee728b)
Start importing Assets/Assets/Images/3성/미디어/치토미디어 후면 2/치토미디어 후면 2_00011.png using Guid(af700110c05f0164ca3fe6002de00584) Importer(815301076,1909f56bfc062723c751e8b465ee728b)  -> (artifact id: '18074e3b210664b6c7c9f55402a2a5a8') in 0.021815 seconds
Number of updated asset objects reloaded before import = 0
Number of asset objects unloaded after import = 2
========================================================================
Received Import Request.
  Time since last request: 0.011861 seconds.
  path: Assets/Assets/Images/3성/자연과학대/자연과학대 측면(우)2/자연과학대 측면(우)2_00017.png
  artifactKey: Guid(5f1a44acbf6d92649b2fc8a493075e4d) Importer(815301076,1909f56bfc062723c751e8b465ee728b)
Start importing Assets/Assets/Images/3성/자연과학대/자연과학대 측면(우)2/자연과학대 측면(우)2_00017.png using Guid(5f1a44acbf6d92649b2fc8a493075e4d) Importer(815301076,1909f56bfc062723c751e8b465ee728b)  -> (artifact id: 'd0ee970fc770a0894f5e72d98acd5836') in 0.028562 seconds
Number of updated asset objects reloaded before import = 0
Number of asset objects unloaded after import = 3
========================================================================
Received Import Request.
  Time since last request: 0.005894 seconds.
  path: Assets/Assets/Images/3성/미디어/치토미디어 측면(좌) 2/치토미디어 측면(좌) 2_00010.png
  artifactKey: Guid(3c8f4b6a4c486a24b99850d851268e7c) Importer(815301076,1909f56bfc062723c751e8b465ee728b)
Start importing Assets/Assets/Images/3성/미디어/치토미디어 측면(좌) 2/치토미디어 측면(좌) 2_00010.png using Guid(3c8f4b6a4c486a24b99850d851268e7c) Importer(815301076,1909f56bfc062723c751e8b465ee728b)  -> (artifact id: '0bbe1ca0661898ab1591b767849c4b98') in 0.021608 seconds
Number of updated asset objects reloaded before import = 0
Number of asset objects unloaded after import = 2
========================================================================
Received Import Request.
  Time since last request: 0.005515 seconds.
  path: Assets/Assets/Images/3성
  artifactKey: Guid(74118db862535c148a24eaea7e090b9c) Importer(815301076,1909f56bfc062723c751e8b465ee728b)
Start importing Assets/Assets/Images/3성 using Guid(74118db862535c148a24eaea7e090b9c) Importer(815301076,1909f56bfc062723c751e8b465ee728b)  -> (artifact id: '244a2be1eefa70e7aedd4cb303170e08') in 0.000433 seconds
Number of updated asset objects reloaded before import = 0
Number of asset objects unloaded after import = 0
========================================================================
Received Import Request.
  Time since last request: 0.004907 seconds.
  path: Assets/Assets/Images/1성/소프트웨어 융합대/치토소융대 측면 모션(좌)/치토소융대 측면(좌)_00007.png
  artifactKey: Guid(66582e2afb0390b4fbb8aa1396c9ea13) Importer(815301076,1909f56bfc062723c751e8b465ee728b)
Start importing Assets/Assets/Images/1성/소프트웨어 융합대/치토소융대 측면 모션(좌)/치토소융대 측면(좌)_00007.png using Guid(66582e2afb0390b4fbb8aa1396c9ea13) Importer(815301076,1909f56bfc062723c751e8b465ee728b)  -> (artifact id: 'd1f9e9a5e7cb307b179081a78849ad65') in 0.025102 seconds
Number of updated asset objects reloaded before import = 0
Number of asset objects unloaded after import = 3
========================================================================
Received Import Request.
  Time since last request: 0.012301 seconds.
  path: Assets/Assets/Images/1성/정통대/치토정통대 측면 모션(좌)/치토정통대 측면(좌)_00002.png
  artifactKey: Guid(d672a6e506829684ebb2c960d6d55f6d) Importer(815301076,1909f56bfc062723c751e8b465ee728b)
Start importing Assets/Assets/Images/1성/정통대/치토정통대 측면 모션(좌)/치토정통대 측면(좌)_00002.png using Guid(d672a6e506829684ebb2c960d6d55f6d) Importer(815301076,1909f56bfc062723c751e8b465ee728b)  -> (artifact id: 'f54dda96491a01a550548ef4885565a4') in 0.027753 seconds
Number of updated asset objects reloaded before import = 0
Number of asset objects unloaded after import = 3
========================================================================
Received Import Request.
  Time since last request: 0.011592 seconds.
  path: Assets/Assets/Images/3성/미디어/치토미디어 정면 2
  artifactKey: Guid(e0e3ba5570ae492448a7842990bb7f88) Importer(815301076,1909f56bfc062723c751e8b465ee728b)
Start importing Assets/Assets/Images/3성/미디어/치토미디어 정면 2 using Guid(e0e3ba5570ae492448a7842990bb7f88) Importer(815301076,1909f56bfc062723c751e8b465ee728b)  -> (artifact id: '7f4ce819afff8fd053e9b17ec73dfa9a') in 0.000513 seconds
Number of updated asset objects reloaded before import = 0
Number of asset objects unloaded after import = 0
========================================================================
Received Import Request.
  Time since last request: 0.007107 seconds.
  path: Assets/Assets/Images/1성/소프트웨어 융합대/치토소융대 측면 모션(좌)/치토소융대 측면(좌)_00009.png
  artifactKey: Guid(ef94230cd36f1e245bc7ba5a2b390f37) Importer(815301076,1909f56bfc062723c751e8b465ee728b)
Start importing Assets/Assets/Images/1성/소프트웨어 융합대/치토소융대 측면 모션(좌)/치토소융대 측면(좌)_00009.png using Guid(ef94230cd36f1e245bc7ba5a2b390f37) Importer(815301076,1909f56bfc062723c751e8b465ee728b)  -> (artifact id: '1bbfde0dca2bfd8ad0b8ae228f3261b5') in 0.026195 seconds
Number of updated asset objects reloaded before import = 0
Number of asset objects unloaded after import = 3
========================================================================
Received Import Request.
  Time since last request: 0.020251 seconds.
  path: Assets/Assets/Images/2성/미디어/치토미디어 후면
  artifactKey: Guid(5775ec9c97477924592f57df29bbd1c6) Importer(815301076,1909f56bfc062723c751e8b465ee728b)
Start importing Assets/Assets/Images/2성/미디어/치토미디어 후면 using Guid(5775ec9c97477924592f57df29bbd1c6) Importer(815301076,1909f56bfc062723c751e8b465ee728b)  -> (artifact id: '8ad5933f9065abff7ba24ee5e5028f95') in 0.000500 seconds
Number of updated asset objects reloaded before import = 0
Number of asset objects unloaded after import = 0
========================================================================
Received Import Request.
  Time since last request: 0.016212 seconds.
  path: Assets/TextMesh Pro/Examples & Extras/Scenes/23 - Animating Vertex Attributes.unity
  artifactKey: Guid(54e994244b4b467e8583cf2da6dcc716) Importer(815301076,1909f56bfc062723c751e8b465ee728b)
Start importing Assets/TextMesh Pro/Examples & Extras/Scenes/23 - Animating Vertex Attributes.unity using Guid(54e994244b4b467e8583cf2da6dcc716) Importer(815301076,1909f56bfc062723c751e8b465ee728b)  -> (artifact id: '9306bd32ca59caf3d8da71aeb7254d52') in 0.000563 seconds
Number of updated asset objects reloaded before import = 0
Number of asset objects unloaded after import = 0
========================================================================
Received Import Request.
  Time since last request: 0.001895 seconds.
  path: Assets/TextMesh Pro/Shaders/TMP_SDF SSD.shader
  artifactKey: Guid(14eb328de4b8eb245bb7cea29e4ac00b) Importer(815301076,1909f56bfc062723c751e8b465ee728b)
Start importing Assets/TextMesh Pro/Shaders/TMP_SDF SSD.shader using Guid(14eb328de4b8eb245bb7cea29e4ac00b) Importer(815301076,1909f56bfc062723c751e8b465ee728b)  -> (artifact id: '251ea286b61309ad17c6704e2c3aba59') in 0.000660 seconds
Number of updated asset objects reloaded before import = 0
Number of asset objects unloaded after import = 0
========================================================================
Received Import Request.
  Time since last request: 0.032063 seconds.
  path: Assets/TextMesh Pro/Examples & Extras/Scripts/EnvMapAnimator.cs
  artifactKey: Guid(a4b6f99e8bc54541bbd149b014ff441c) Importer(815301076,1909f56bfc062723c751e8b465ee728b)
Start importing Assets/TextMesh Pro/Examples & Extras/Scripts/EnvMapAnimator.cs using Guid(a4b6f99e8bc54541bbd149b014ff441c) Importer(815301076,1909f56bfc062723c751e8b465ee728b)  -> (artifact id: '36ac688bd7b3a9130b0604d595033e6f') in 0.000525 seconds
Number of updated asset objects reloaded before import = 0
Number of asset objects unloaded after import = 0
========================================================================
Received Import Request.
  Time since last request: 0.001619 seconds.
  path: Assets/Assets/Images/3성/사회과학대/Sup3.anim
  artifactKey: Guid(0828dc58f9187b84486fba3ad6bb4539) Importer(815301076,1909f56bfc062723c751e8b465ee728b)
Start importing Assets/Assets/Images/3성/사회과학대/Sup3.anim using Guid(0828dc58f9187b84486fba3ad6bb4539) Importer(815301076,1909f56bfc062723c751e8b465ee728b)  -> (artifact id: '270fe0d51d8fbb203684796a9d69937c') in 0.001210 seconds
Number of updated asset objects reloaded before import = 0
Number of asset objects unloaded after import = 1
========================================================================
Received Import Request.
  Time since last request: 0.062798 seconds.
  path: Assets/Assets/Images/1성/소프트웨어 융합대/치토소융대 측면 모션(우)/치토소융대 측면(우)_00011.png
  artifactKey: Guid(3948ce8464a01534e8bbddf1e9955eaa) Importer(815301076,1909f56bfc062723c751e8b465ee728b)
Start importing Assets/Assets/Images/1성/소프트웨어 융합대/치토소융대 측면 모션(우)/치토소융대 측면(우)_00011.png using Guid(3948ce8464a01534e8bbddf1e9955eaa) Importer(815301076,1909f56bfc062723c751e8b465ee728b)  -> (artifact id: '3a92a51abf75646ec906eda45cec772a') in 0.027875 seconds
Number of updated asset objects reloaded before import = 0
Number of asset objects unloaded after import = 3
========================================================================
Received Import Request.
  Time since last request: 0.002268 seconds.
  path: Assets/TextMesh Pro/Examples & Extras/Sprites
  artifactKey: Guid(701e577af2ba48b689972d42efb95456) Importer(815301076,1909f56bfc062723c751e8b465ee728b)
Start importing Assets/TextMesh Pro/Examples & Extras/Sprites using Guid(701e577af2ba48b689972d42efb95456) Importer(815301076,1909f56bfc062723c751e8b465ee728b)  -> (artifact id: 'c8e2f7ea00f008e7b5a0916f32b7bebf') in 0.000423 seconds
Number of updated asset objects reloaded before import = 0
Number of asset objects unloaded after import = 0
========================================================================
Received Import Request.
  Time since last request: 0.001546 seconds.
  path: Assets/Assets/Images/3성/의과/Ddown3.anim
  artifactKey: Guid(7e3649904d5b5a240b18e68248541fa2) Importer(815301076,1909f56bfc062723c751e8b465ee728b)
Start importing Assets/Assets/Images/3성/의과/Ddown3.anim using Guid(7e3649904d5b5a240b18e68248541fa2) Importer(815301076,1909f56bfc062723c751e8b465ee728b)  -> (artifact id: '74e3c5a48bd20656985b19768fcf34b0') in 0.001153 seconds
Number of updated asset objects reloaded before import = 0
Number of asset objects unloaded after import = 1
========================================================================
Received Import Request.
  Time since last request: 0.011810 seconds.
  path: Assets/TextMesh Pro/Examples & Extras/Scripts/TMP_UiFrameRateCounter.cs
  artifactKey: Guid(24b0dc2d1d494adbbec1f4db26b4cf83) Importer(815301076,1909f56bfc062723c751e8b465ee728b)
Start importing Assets/TextMesh Pro/Examples & Extras/Scripts/TMP_UiFrameRateCounter.cs using Guid(24b0dc2d1d494adbbec1f4db26b4cf83) Importer(815301076,1909f56bfc062723c751e8b465ee728b)  -> (artifact id: 'dd1a948cad7ec96511b7c3c5a9a352aa') in 0.000496 seconds
Number of updated asset objects reloaded before import = 0
Number of asset objects unloaded after import = 0
========================================================================
Received Import Request.
  Time since last request: 0.036148 seconds.
  path: Assets/Assets/Images/3성/자연과학대/자연과학대 측면(우)2/자연과학대 측면(우)2_00018.png
  artifactKey: Guid(fdb11a6a1076c804ea63762c0a145a3b) Importer(815301076,1909f56bfc062723c751e8b465ee728b)
Start importing Assets/Assets/Images/3성/자연과학대/자연과학대 측면(우)2/자연과학대 측면(우)2_00018.png using Guid(fdb11a6a1076c804ea63762c0a145a3b) Importer(815301076,1909f56bfc062723c751e8b465ee728b)  -> (artifact id: 'd7305dbaa164be163d4b8e1aada28171') in 0.029716 seconds
Number of updated asset objects reloaded before import = 0
Number of asset objects unloaded after import = 3
========================================================================
Received Import Request.
  Time since last request: 0.007810 seconds.
  path: Assets/Prefabs/Chito_03.asset
  artifactKey: Guid(f245c2fcc1c6dd840b061b9df00ae933) Importer(815301076,1909f56bfc062723c751e8b465ee728b)
Start importing Assets/Prefabs/Chito_03.asset using Guid(f245c2fcc1c6dd840b061b9df00ae933) Importer(815301076,1909f56bfc062723c751e8b465ee728b)  -> (artifact id: '68f6f27ab6771f2d027242812653dd78') in 0.004921 seconds
Number of updated asset objects reloaded before import = 0
Number of asset objects unloaded after import = 32
========================================================================
Received Import Request.
  Time since last request: 0.028208 seconds.
  path: Assets/Assets/Images/2성/공대/공대 측면(우)
  artifactKey: Guid(1dfc3ef5a113f884daec665f00e2addb) Importer(815301076,1909f56bfc062723c751e8b465ee728b)
Start importing Assets/Assets/Images/2성/공대/공대 측면(우) using Guid(1dfc3ef5a113f884daec665f00e2addb) Importer(815301076,1909f56bfc062723c751e8b465ee728b)  -> (artifact id: 'e34b3b3c2b4ca78095232f8190905209') in 0.000483 seconds
Number of updated asset objects reloaded before import = 0
Number of asset objects unloaded after import = 0
========================================================================
Received Import Request.
  Time since last request: 0.010123 seconds.
  path: Assets/Assets/Images/1성/의과/치토의과 측면 모션(좌)/치토의과 측면(좌)_00007.png
  artifactKey: Guid(43959c0c27c870047ab5113282773e50) Importer(815301076,1909f56bfc062723c751e8b465ee728b)
Start importing Assets/Assets/Images/1성/의과/치토의과 측면 모션(좌)/치토의과 측면(좌)_00007.png using Guid(43959c0c27c870047ab5113282773e50) Importer(815301076,1909f56bfc062723c751e8b465ee728b)  -> (artifact id: '2ee79ac2eeca19e638fcf65fa9cc1893') in 0.027640 seconds
Number of updated asset objects reloaded before import = 0
Number of asset objects unloaded after import = 3
========================================================================
Received Import Request.
  Time since last request: 0.030575 seconds.
  path: Assets/Assets/Images/3성/정통대/치토정통대 정면 2/치토정통대 정면 2_00014.png
  artifactKey: Guid(6b5a0f7253515a343b2bb306d1adf7d1) Importer(815301076,1909f56bfc062723c751e8b465ee728b)
Start importing Assets/Assets/Images/3성/정통대/치토정통대 정면 2/치토정통대 정면 2_00014.png using Guid(6b5a0f7253515a343b2bb306d1adf7d1) Importer(815301076,1909f56bfc062723c751e8b465ee728b)  -> (artifact id: 'e27d09332b625d0830fa5746e5dc9c60') in 0.028192 seconds
Number of updated asset objects reloaded before import = 0
Number of asset objects unloaded after import = 3
========================================================================
Received Import Request.
  Time since last request: 0.001986 seconds.
  path: Assets/Assets/Images/2성/공대/Gdown2.anim
  artifactKey: Guid(3db67b2faa6dee146a8ae221c8e0ce76) Importer(815301076,1909f56bfc062723c751e8b465ee728b)
Start importing Assets/Assets/Images/2성/공대/Gdown2.anim using Guid(3db67b2faa6dee146a8ae221c8e0ce76) Importer(815301076,1909f56bfc062723c751e8b465ee728b)  -> (artifact id: '579a03d426908edf09049c1d23f0f435') in 0.001178 seconds
Number of updated asset objects reloaded before import = 0
Number of asset objects unloaded after import = 1
========================================================================
Received Import Request.
  Time since last request: 0.001387 seconds.
  path: Assets/Assets/Images/2성/사회과학대/Sleft2.anim
  artifactKey: Guid(acb65f9365445d14f8758cc4ad508fc1) Importer(815301076,1909f56bfc062723c751e8b465ee728b)
Start importing Assets/Assets/Images/2성/사회과학대/Sleft2.anim using Guid(acb65f9365445d14f8758cc4ad508fc1) Importer(815301076,1909f56bfc062723c751e8b465ee728b)  -> (artifact id: '2266cea9153e19e829bd462c910c1101') in 0.001093 seconds
Number of updated asset objects reloaded before import = 0
Number of asset objects unloaded after import = 1
========================================================================
Received Import Request.
  Time since last request: 0.039851 seconds.
  path: Assets/Assets/Images/2성/자연과학대/치토자연과학대 후면
  artifactKey: Guid(d97c9dd247ed2354a80cde7eebd8aef1) Importer(815301076,1909f56bfc062723c751e8b465ee728b)
Start importing Assets/Assets/Images/2성/자연과학대/치토자연과학대 후면 using Guid(d97c9dd247ed2354a80cde7eebd8aef1) Importer(815301076,1909f56bfc062723c751e8b465ee728b)  -> (artifact id: '3e93932c0388e78901cc413d466f8e22') in 0.000474 seconds
Number of updated asset objects reloaded before import = 0
Number of asset objects unloaded after import = 0
========================================================================
Received Import Request.
  Time since last request: 0.008296 seconds.
  path: Assets/Assets/Images/1성/소프트웨어 융합대/치토소융대 측면 모션(우)/치토소융대 측면(우)_00028.png
  artifactKey: Guid(f2edab06868c3c443a5670b26a8f41c9) Importer(815301076,1909f56bfc062723c751e8b465ee728b)
Start importing Assets/Assets/Images/1성/소프트웨어 융합대/치토소융대 측면 모션(우)/치토소융대 측면(우)_00028.png using Guid(f2edab06868c3c443a5670b26a8f41c9) Importer(815301076,1909f56bfc062723c751e8b465ee728b)  -> (artifact id: '274ebbb8cce78d016da7641eb9e58760') in 0.026940 seconds
Number of updated asset objects reloaded before import = 0
Number of asset objects unloaded after import = 3
========================================================================
Received Import Request.
  Time since last request: 0.004058 seconds.
  path: Assets/Assets/Images/2성/미디어/치토미디어 정면/치토미디어 정면_00016.png
  artifactKey: Guid(f5195a2978703d84f9b5b073c9b0cde2) Importer(815301076,1909f56bfc062723c751e8b465ee728b)
Start importing Assets/Assets/Images/2성/미디어/치토미디어 정면/치토미디어 정면_00016.png using Guid(f5195a2978703d84f9b5b073c9b0cde2) Importer(815301076,1909f56bfc062723c751e8b465ee728b)  -> (artifact id: '49e8854b7647cb92098d796200def59b') in 0.021623 seconds
Number of updated asset objects reloaded before import = 0
Number of asset objects unloaded after import = 2
========================================================================
Received Import Request.
  Time since last request: 0.015350 seconds.
  path: Assets/Assets/Images/1성/소프트웨어 융합대/치토소융대 측면 모션(좌)/치토소융대 측면(좌)_00005.png
  artifactKey: Guid(730415a7d7a79f6499955c8b08e10867) Importer(815301076,1909f56bfc062723c751e8b465ee728b)
Start importing Assets/Assets/Images/1성/소프트웨어 융합대/치토소융대 측면 모션(좌)/치토소융대 측면(좌)_00005.png using Guid(730415a7d7a79f6499955c8b08e10867) Importer(815301076,1909f56bfc062723c751e8b465ee728b)  -> (artifact id: '0d7ed6c20e0b9fed2e9327376bf0c5f8') in 0.025161 seconds
Number of updated asset objects reloaded before import = 0
Number of asset objects unloaded after import = 3
========================================================================
Received Import Request.
  Time since last request: 0.007062 seconds.
  path: Assets/Assets/Images/2성/미디어/치토미디어 후면/치토미디어 후면_00010.png
  artifactKey: Guid(47fad42ec051035479b9ad0fb21557c9) Importer(815301076,1909f56bfc062723c751e8b465ee728b)
Start importing Assets/Assets/Images/2성/미디어/치토미디어 후면/치토미디어 후면_00010.png using Guid(47fad42ec051035479b9ad0fb21557c9) Importer(815301076,1909f56bfc062723c751e8b465ee728b)  -> (artifact id: '5254eb4f264169b214703e59e6f48800') in 0.021668 seconds
Number of updated asset objects reloaded before import = 0
Number of asset objects unloaded after import = 2
========================================================================
Received Import Request.
  Time since last request: 0.081026 seconds.
  path: Assets/Assets/Images/2성/미디어/치토미디어 정면/치토미디어 정면_00006.png
  artifactKey: Guid(1e7f4cbacd28ebb4c9f3210d6e66d81b) Importer(815301076,1909f56bfc062723c751e8b465ee728b)
Start importing Assets/Assets/Images/2성/미디어/치토미디어 정면/치토미디어 정면_00006.png using Guid(1e7f4cbacd28ebb4c9f3210d6e66d81b) Importer(815301076,1909f56bfc062723c751e8b465ee728b)  -> (artifact id: 'd12d6d55ecc3e943edede47bd4302a51') in 0.022282 seconds
Number of updated asset objects reloaded before import = 0
Number of asset objects unloaded after import = 2
========================================================================
Received Import Request.
  Time since last request: 0.023600 seconds.
  path: Assets/Assets/Images/2성/ㄱ.기본형/Up2.anim
  artifactKey: Guid(044ff8b6ee078e043bc372903ad4b3e4) Importer(815301076,1909f56bfc062723c751e8b465ee728b)
Start importing Assets/Assets/Images/2성/ㄱ.기본형/Up2.anim using Guid(044ff8b6ee078e043bc372903ad4b3e4) Importer(815301076,1909f56bfc062723c751e8b465ee728b)  -> (artifact id: '4eced3b4a477cfb64d1292d9acec43cf') in 0.001395 seconds
Number of updated asset objects reloaded before import = 0
Number of asset objects unloaded after import = 1
========================================================================
Received Import Request.
  Time since last request: 0.027346 seconds.
  path: Assets/Assets/Images/1성/소프트웨어 융합대/치토소융대 측면 모션(우)/치토소융대 측면(우)_00034.png
  artifactKey: Guid(9730567d3b6773f4582d73da6bf00e75) Importer(815301076,1909f56bfc062723c751e8b465ee728b)
Start importing Assets/Assets/Images/1성/소프트웨어 융합대/치토소융대 측면 모션(우)/치토소융대 측면(우)_00034.png using Guid(9730567d3b6773f4582d73da6bf00e75) Importer(815301076,1909f56bfc062723c751e8b465ee728b)  -> (artifact id: '76a6f75d67a0741c30d9fd2022b6f687') in 0.027561 seconds
Number of updated asset objects reloaded before import = 0
Number of asset objects unloaded after import = 3
========================================================================
Received Import Request.
  Time since last request: 0.008668 seconds.
  path: Assets/Assets/Images/3성/미디어/치토미디어 후면 2/치토미디어 후면 2_00006.png
  artifactKey: Guid(22754133fc9b98d40b2e23bce9aeb4b8) Importer(815301076,1909f56bfc062723c751e8b465ee728b)
Start importing Assets/Assets/Images/3성/미디어/치토미디어 후면 2/치토미디어 후면 2_00006.png using Guid(22754133fc9b98d40b2e23bce9aeb4b8) Importer(815301076,1909f56bfc062723c751e8b465ee728b)  -> (artifact id: 'cf74e7d25e9bee05e07e2e8807ca2913') in 0.021537 seconds
Number of updated asset objects reloaded before import = 0
Number of asset objects unloaded after import = 2
========================================================================
Received Import Request.
  Time since last request: 0.002655 seconds.
  path: Assets/TextMesh Pro/Examples & Extras/Textures/Text Overflow - Linked Text Image 1.png
  artifactKey: Guid(4ccf43d26c4748c792174516f4a8fcef) Importer(815301076,1909f56bfc062723c751e8b465ee728b)
Start importing Assets/TextMesh Pro/Examples & Extras/Textures/Text Overflow - Linked Text Image 1.png using Guid(4ccf43d26c4748c792174516f4a8fcef) Importer(815301076,1909f56bfc062723c751e8b465ee728b)  -> (artifact id: '030ec52efdbd58b5c503ec8c7efea980') in 0.024056 seconds
Number of updated asset objects reloaded before import = 0
Number of asset objects unloaded after import = 2
========================================================================
Received Import Request.
  Time since last request: 0.009736 seconds.
  path: Assets/TextMesh Pro/Examples & Extras/Resources/Sprite Assets/Default Sprite Asset.asset
  artifactKey: Guid(fbef3c704dce48f08a44612d6c856c8d) Importer(815301076,1909f56bfc062723c751e8b465ee728b)
Start importing Assets/TextMesh Pro/Examples & Extras/Resources/Sprite Assets/Default Sprite Asset.asset using Guid(fbef3c704dce48f08a44612d6c856c8d) Importer(815301076,1909f56bfc062723c751e8b465ee728b)  -> (artifact id: '8d1dc1ae3b814ac1122d0db262b02ec3') in 0.004911 seconds
Number of updated asset objects reloaded before import = 0
Number of asset objects unloaded after import = 3
========================================================================
Received Import Request.
  Time since last request: 0.001327 seconds.
  path: Assets/Assets/Images/2성/공대/Gright2.anim
  artifactKey: Guid(9d391f21a4f9173409ab6a8201d7d251) Importer(815301076,1909f56bfc062723c751e8b465ee728b)
Start importing Assets/Assets/Images/2성/공대/Gright2.anim using Guid(9d391f21a4f9173409ab6a8201d7d251) Importer(815301076,1909f56bfc062723c751e8b465ee728b)  -> (artifact id: '8eb7783ac05c210d976663bfa7c83c13') in 0.001217 seconds
Number of updated asset objects reloaded before import = 0
Number of asset objects unloaded after import = 1
========================================================================
Received Import Request.
  Time since last request: 0.003092 seconds.
  path: Assets/Assets/Images/1성/자연과학대/치토자연과학대 측면 모션(우)/치토자연과학대 측면(우)_00009.png
  artifactKey: Guid(3c17529cea31d6641b21d8e2c5f2343e) Importer(815301076,1909f56bfc062723c751e8b465ee728b)
Start importing Assets/Assets/Images/1성/자연과학대/치토자연과학대 측면 모션(우)/치토자연과학대 측면(우)_00009.png using Guid(3c17529cea31d6641b21d8e2c5f2343e) Importer(815301076,1909f56bfc062723c751e8b465ee728b)  -> (artifact id: 'f98df7485ca39e27e6d2d711ffd61e88') in 0.026710 seconds
Number of updated asset objects reloaded before import = 0
Number of asset objects unloaded after import = 3
========================================================================
Received Import Request.
  Time since last request: 0.004313 seconds.
  path: Assets/Assets/Images/1성/정통대/치토정통대 측면 모션(우)/치토정통대 측면(우)_00009.png
  artifactKey: Guid(4f29e58cc73f30a47a8878b0cd1e01d7) Importer(815301076,1909f56bfc062723c751e8b465ee728b)
Start importing Assets/Assets/Images/1성/정통대/치토정통대 측면 모션(우)/치토정통대 측면(우)_00009.png using Guid(4f29e58cc73f30a47a8878b0cd1e01d7) Importer(815301076,1909f56bfc062723c751e8b465ee728b)  -> (artifact id: 'd8f8e78778fee51a2b81b68adbd7485a') in 0.024064 seconds
Number of updated asset objects reloaded before import = 0
Number of asset objects unloaded after import = 3
========================================================================
Received Import Request.
  Time since last request: 0.025982 seconds.
  path: Assets/Assets/Images/2성/미디어/치토미디어 정면/치토미디어 정면_00014.png
  artifactKey: Guid(b9c9a1171f5f83e48906722e20ec75a4) Importer(815301076,1909f56bfc062723c751e8b465ee728b)
Start importing Assets/Assets/Images/2성/미디어/치토미디어 정면/치토미디어 정면_00014.png using Guid(b9c9a1171f5f83e48906722e20ec75a4) Importer(815301076,1909f56bfc062723c751e8b465ee728b)  -> (artifact id: 'fdd4639a99e906db2392f51b215dd5c9') in 0.022007 seconds
Number of updated asset objects reloaded before import = 0
Number of asset objects unloaded after import = 2
========================================================================
Received Import Request.
  Time since last request: 0.020257 seconds.
  path: Assets/TextMesh Pro/Examples & Extras/Scenes/16 - Linked text overflow mode example.unity
  artifactKey: Guid(9442cda25baa4a0bb544c4d095b00caa) Importer(815301076,1909f56bfc062723c751e8b465ee728b)
Start importing Assets/TextMesh Pro/Examples & Extras/Scenes/16 - Linked text overflow mode example.unity using Guid(9442cda25baa4a0bb544c4d095b00caa) Importer(815301076,1909f56bfc062723c751e8b465ee728b)  -> (artifact id: 'f5fbbb3d89e4062da6cc39ca8d07043f') in 0.000561 seconds
Number of updated asset objects reloaded before import = 0
Number of asset objects unloaded after import = 0
========================================================================
Received Import Request.
  Time since last request: 0.030635 seconds.
  path: Assets/Assets/Images/3성/인문대/인문대 측면(우)2/치토인문대 측면(우) 2_00005.png
  artifactKey: Guid(f52022fd491574f44b4533e9064d0f4f) Importer(815301076,1909f56bfc062723c751e8b465ee728b)
Start importing Assets/Assets/Images/3성/인문대/인문대 측면(우)2/치토인문대 측면(우) 2_00005.png using Guid(f52022fd491574f44b4533e9064d0f4f) Importer(815301076,1909f56bfc062723c751e8b465ee728b)  -> (artifact id: '20e0190bb303baf1e33e9f28fa243984') in 0.031350 seconds
Number of updated asset objects reloaded before import = 0
Number of asset objects unloaded after import = 3
========================================================================
Received Import Request.
  Time since last request: 0.009890 seconds.
  path: Assets/Assets/Images/3성/인문대/인문대 측면(우)2/치토인문대 측면(우) 2_00003.png
  artifactKey: Guid(7b77c9c339464cd47897e2d521a29062) Importer(815301076,1909f56bfc062723c751e8b465ee728b)
Start importing Assets/Assets/Images/3성/인문대/인문대 측면(우)2/치토인문대 측면(우) 2_00003.png using Guid(7b77c9c339464cd47897e2d521a29062) Importer(815301076,1909f56bfc062723c751e8b465ee728b)  -> (artifact id: '96f244832f05d9061378118daa2d2d35') in 0.027513 seconds
Number of updated asset objects reloaded before import = 0
Number of asset objects unloaded after import = 3
========================================================================
Received Import Request.
  Time since last request: 0.031174 seconds.
  path: Assets/Assets/Images/2성/미디어/미디어 측면(우)/치토미디어 측면(우)_00001.png
  artifactKey: Guid(c03b722951b87c247a341f6ced0c8e8f) Importer(815301076,1909f56bfc062723c751e8b465ee728b)
Start importing Assets/Assets/Images/2성/미디어/미디어 측면(우)/치토미디어 측면(우)_00001.png using Guid(c03b722951b87c247a341f6ced0c8e8f) Importer(815301076,1909f56bfc062723c751e8b465ee728b)  -> (artifact id: '994c4b46043b87bab6550d47e4e2f93c') in 0.022002 seconds
Number of updated asset objects reloaded before import = 0
Number of asset objects unloaded after import = 2
========================================================================
Received Import Request.
  Time since last request: 0.017120 seconds.
  path: Assets/Assets/Images/3성/미디어/치토미디어 정면 2/치토미디어 정면 2_00010.png
  artifactKey: Guid(2667aa405e7c0384b9de6f643f6be348) Importer(815301076,1909f56bfc062723c751e8b465ee728b)
Start importing Assets/Assets/Images/3성/미디어/치토미디어 정면 2/치토미디어 정면 2_00010.png using Guid(2667aa405e7c0384b9de6f643f6be348) Importer(815301076,1909f56bfc062723c751e8b465ee728b)  -> (artifact id: '86cb2f3b2218a8d6951eccfbf15b8254') in 0.022128 seconds
Number of updated asset objects reloaded before import = 0
Number of asset objects unloaded after import = 2
========================================================================
Received Import Request.
  Time since last request: 0.003786 seconds.
  path: Assets/Assets/Images/3성/정통대/치토정통대 정면 2/치토정통대 정면 2_00001.png
  artifactKey: Guid(2ef0fee9837787e499b8575c507549e5) Importer(815301076,1909f56bfc062723c751e8b465ee728b)
Start importing Assets/Assets/Images/3성/정통대/치토정통대 정면 2/치토정통대 정면 2_00001.png using Guid(2ef0fee9837787e499b8575c507549e5) Importer(815301076,1909f56bfc062723c751e8b465ee728b)  -> (artifact id: '12ec9311e5907541490b2847d078012c') in 0.028814 seconds
Number of updated asset objects reloaded before import = 0
Number of asset objects unloaded after import = 3
========================================================================
Received Import Request.
  Time since last request: 0.018985 seconds.
  path: Assets/Assets/Images/3성/공대/공대 측면(우)2
  artifactKey: Guid(c0ba051c6c1f0c841af4029507503fbd) Importer(815301076,1909f56bfc062723c751e8b465ee728b)
Start importing Assets/Assets/Images/3성/공대/공대 측면(우)2 using Guid(c0ba051c6c1f0c841af4029507503fbd) Importer(815301076,1909f56bfc062723c751e8b465ee728b)  -> (artifact id: 'f9ff03a45cf46587384e9fb87d15d0b1') in 0.000472 seconds
Number of updated asset objects reloaded before import = 0
Number of asset objects unloaded after import = 0
========================================================================
Received Import Request.
  Time since last request: 0.005633 seconds.
  path: Assets/TextMesh Pro/Examples & Extras/Prefabs/TextMeshPro - Prefab 1.prefab
  artifactKey: Guid(a6e39ced0ea046bcb636c3f0b2e2a745) Importer(815301076,1909f56bfc062723c751e8b465ee728b)
Start importing Assets/TextMesh Pro/Examples & Extras/Prefabs/TextMeshPro - Prefab 1.prefab using Guid(a6e39ced0ea046bcb636c3f0b2e2a745) Importer(815301076,1909f56bfc062723c751e8b465ee728b)  -> (artifact id: 'a7c71dea42b70ee926a48dd3710fc45f') in 0.027381 seconds
Number of updated asset objects reloaded before import = 0
Number of asset objects unloaded after import = 16
========================================================================
Received Import Request.
  Time since last request: 0.027279 seconds.
  path: Assets/Assets/Images/1성/소프트웨어 융합대/치토소융대 측면 모션(우)/치토소융대 측면(우)_00039.png
  artifactKey: Guid(33454e1c568baad438f90d607580c737) Importer(815301076,1909f56bfc062723c751e8b465ee728b)
Start importing Assets/Assets/Images/1성/소프트웨어 융합대/치토소융대 측면 모션(우)/치토소융대 측면(우)_00039.png using Guid(33454e1c568baad438f90d607580c737) Importer(815301076,1909f56bfc062723c751e8b465ee728b)  -> (artifact id: 'e22b73d8a95042e3db1ca3dd09683e6b') in 0.027712 seconds
Number of updated asset objects reloaded before import = 0
Number of asset objects unloaded after import = 3
========================================================================
Received Import Request.
  Time since last request: 0.014485 seconds.
  path: Assets/TextMesh Pro/Examples & Extras/Scripts/CameraController.cs
  artifactKey: Guid(2d687537154440a3913a9a3c7977978c) Importer(815301076,1909f56bfc062723c751e8b465ee728b)
Start importing Assets/TextMesh Pro/Examples & Extras/Scripts/CameraController.cs using Guid(2d687537154440a3913a9a3c7977978c) Importer(815301076,1909f56bfc062723c751e8b465ee728b)  -> (artifact id: '17f263bc6caf478a0f118cfcdc88a0d5') in 0.000580 seconds
Number of updated asset objects reloaded before import = 0
Number of asset objects unloaded after import = 0
========================================================================
Received Import Request.
  Time since last request: 0.015346 seconds.
  path: Assets/Assets/Images/3성/자연과학대/치토자연과학대 정면 2/치토자연과학대 정면 2_00003.png
  artifactKey: Guid(d163ec8780f59934ba7478e7f90ddf12) Importer(815301076,1909f56bfc062723c751e8b465ee728b)
Start importing Assets/Assets/Images/3성/자연과학대/치토자연과학대 정면 2/치토자연과학대 정면 2_00003.png using Guid(d163ec8780f59934ba7478e7f90ddf12) Importer(815301076,1909f56bfc062723c751e8b465ee728b)  -> (artifact id: 'c11e7f3cdf5b5e58de57ef65d2af06d7') in 0.027536 seconds
Number of updated asset objects reloaded before import = 0
Number of asset objects unloaded after import = 3
========================================================================
Received Import Request.
  Time since last request: 0.003889 seconds.
  path: Assets/Assets/Images/2성/미디어/치토미디어 측면(좌)/치토미디어 측면(좌)_00002.png
  artifactKey: Guid(3aa926feabfc060469ba820ab0efd774) Importer(815301076,1909f56bfc062723c751e8b465ee728b)
Start importing Assets/Assets/Images/2성/미디어/치토미디어 측면(좌)/치토미디어 측면(좌)_00002.png using Guid(3aa926feabfc060469ba820ab0efd774) Importer(815301076,1909f56bfc062723c751e8b465ee728b)  -> (artifact id: '2d705e442a43258a3d2c38b05901749b') in 0.021791 seconds
Number of updated asset objects reloaded before import = 0
Number of asset objects unloaded after import = 2
========================================================================
Received Import Request.
  Time since last request: 0.021203 seconds.
  path: Assets/TextMesh Pro/Resources/Sprite Assets
  artifactKey: Guid(512a49d95c0c4332bdd98131869c23c9) Importer(815301076,1909f56bfc062723c751e8b465ee728b)
Start importing Assets/TextMesh Pro/Resources/Sprite Assets using Guid(512a49d95c0c4332bdd98131869c23c9) Importer(815301076,1909f56bfc062723c751e8b465ee728b)  -> (artifact id: 'a4be22d1ef66f63031ca6da898dd5950') in 0.000617 seconds
Number of updated asset objects reloaded before import = 0
Number of asset objects unloaded after import = 0
========================================================================
Received Import Request.
  Time since last request: 0.003398 seconds.
  path: Assets/Assets/Images/3성/자연과학대/자연과학대 측면(우)2/자연과학대 측면(우)2_00006.png
  artifactKey: Guid(5bf79b7aeef84f646a2273435f2f2431) Importer(815301076,1909f56bfc062723c751e8b465ee728b)
Start importing Assets/Assets/Images/3성/자연과학대/자연과학대 측면(우)2/자연과학대 측면(우)2_00006.png using Guid(5bf79b7aeef84f646a2273435f2f2431) Importer(815301076,1909f56bfc062723c751e8b465ee728b)  -> (artifact id: '5a5f4af54179b53feb42ab2c20d6f619') in 0.028523 seconds
Number of updated asset objects reloaded before import = 0
Number of asset objects unloaded after import = 3
========================================================================
Received Import Request.
  Time since last request: 0.023391 seconds.
  path: Assets/Assets/Images/1성/의과/치토의과 측면 모션(좌)/치토의과 측면(좌)_00009.png
  artifactKey: Guid(2b266819510f89142b0716d9778fdb3e) Importer(815301076,1909f56bfc062723c751e8b465ee728b)
Start importing Assets/Assets/Images/1성/의과/치토의과 측면 모션(좌)/치토의과 측면(좌)_00009.png using Guid(2b266819510f89142b0716d9778fdb3e) Importer(815301076,1909f56bfc062723c751e8b465ee728b)  -> (artifact id: '7c65dc9897143623495007cc2d4c9a9f') in 0.025950 seconds
Number of updated asset objects reloaded before import = 0
Number of asset objects unloaded after import = 3
========================================================================
Received Import Request.
  Time since last request: 0.027772 seconds.
  path: Assets/Assets/Images/2성/미디어/치토미디어 측면(좌)/치토미디어 측면(좌)_00017.png
  artifactKey: Guid(ba843c28d640bd04ea5b6c87162ff424) Importer(815301076,1909f56bfc062723c751e8b465ee728b)
Start importing Assets/Assets/Images/2성/미디어/치토미디어 측면(좌)/치토미디어 측면(좌)_00017.png using Guid(ba843c28d640bd04ea5b6c87162ff424) Importer(815301076,1909f56bfc062723c751e8b465ee728b)  -> (artifact id: '175994238f1c01acc1ae63fad1e11c9e') in 0.021635 seconds
Number of updated asset objects reloaded before import = 0
Number of asset objects unloaded after import = 2
========================================================================
Received Import Request.
  Time since last request: 0.014515 seconds.
  path: Assets/Assets/Images/1성/인문대/치토인문대 후면
  artifactKey: Guid(3856833081bb2f7499d1afa498f7bd44) Importer(815301076,1909f56bfc062723c751e8b465ee728b)
Start importing Assets/Assets/Images/1성/인문대/치토인문대 후면 using Guid(3856833081bb2f7499d1afa498f7bd44) Importer(815301076,1909f56bfc062723c751e8b465ee728b)  -> (artifact id: 'd950ff285aaecda5f7ffda21dce52ea6') in 0.000510 seconds
Number of updated asset objects reloaded before import = 0
Number of asset objects unloaded after import = 0
========================================================================
Received Import Request.
  Time since last request: 0.029045 seconds.
  path: Assets/Assets/Images/1성/약학대/치토약학대 측면 모션(좌)/치토약학대 측면(좌)_00007.png
  artifactKey: Guid(248864d53a78e414cbce206a7e98071b) Importer(815301076,1909f56bfc062723c751e8b465ee728b)
Start importing Assets/Assets/Images/1성/약학대/치토약학대 측면 모션(좌)/치토약학대 측면(좌)_00007.png using Guid(248864d53a78e414cbce206a7e98071b) Importer(815301076,1909f56bfc062723c751e8b465ee728b)  -> (artifact id: '087960ebea882786c56d77afe0ab747d') in 0.027103 seconds
Number of updated asset objects reloaded before import = 0
Number of asset objects unloaded after import = 3
========================================================================
Received Import Request.
  Time since last request: 0.025725 seconds.
  path: Assets/Assets/Images/1성/자연과학대/치토자연과학대 측면 모션(좌)/치토자연과학대 측면(좌)_00000.png
  artifactKey: Guid(02b40a5a514e7e644b4486d946775dba) Importer(815301076,1909f56bfc062723c751e8b465ee728b)
Start importing Assets/Assets/Images/1성/자연과학대/치토자연과학대 측면 모션(좌)/치토자연과학대 측면(좌)_00000.png using Guid(02b40a5a514e7e644b4486d946775dba) Importer(815301076,1909f56bfc062723c751e8b465ee728b)  -> (artifact id: 'e8485d0e197d3774163be1948e1fcd47') in 0.025615 seconds
Number of updated asset objects reloaded before import = 0
Number of asset objects unloaded after import = 3
========================================================================
Received Import Request.
  Time since last request: 0.012531 seconds.
  path: Assets/Prefabs/Chito_08.asset
  artifactKey: Guid(43fb944e4f9071f47a4d16cb3520544f) Importer(815301076,1909f56bfc062723c751e8b465ee728b)
Start importing Assets/Prefabs/Chito_08.asset using Guid(43fb944e4f9071f47a4d16cb3520544f) Importer(815301076,1909f56bfc062723c751e8b465ee728b)  -> (artifact id: '54309da62661a0a6656b50dd6bb79ae8') in 0.014292 seconds
Number of updated asset objects reloaded before import = 0
Number of asset objects unloaded after import = 104
========================================================================
Received Import Request.
  Time since last request: 0.040832 seconds.
  path: Assets/Assets/Images/3성/인문대/치토인문대 정면 2/치토인문대 정면 2_00011.png
  artifactKey: Guid(a20c5a4c4ce613a49a02422d375b6b4b) Importer(815301076,1909f56bfc062723c751e8b465ee728b)
Start importing Assets/Assets/Images/3성/인문대/치토인문대 정면 2/치토인문대 정면 2_00011.png using Guid(a20c5a4c4ce613a49a02422d375b6b4b) Importer(815301076,1909f56bfc062723c751e8b465ee728b)  -> (artifact id: 'c839e03d990467cbe777e37cc6958e07') in 0.028198 seconds
Number of updated asset objects reloaded before import = 0
Number of asset objects unloaded after import = 3
========================================================================
Received Import Request.
  Time since last request: 0.015853 seconds.
  path: Assets/Assets/Images/3성/인문대/치토인문대 정면 2/치토인문대 정면 2_00014.png
  artifactKey: Guid(294d7ac52e017e34cbe0c63f698b3a9c) Importer(815301076,1909f56bfc062723c751e8b465ee728b)
Start importing Assets/Assets/Images/3성/인문대/치토인문대 정면 2/치토인문대 정면 2_00014.png using Guid(294d7ac52e017e34cbe0c63f698b3a9c) Importer(815301076,1909f56bfc062723c751e8b465ee728b)  -> (artifact id: '555b1495a48ab6bedb840f8fb1cf3523') in 0.027081 seconds
Number of updated asset objects reloaded before import = 0
Number of asset objects unloaded after import = 3
========================================================================
Received Import Request.
  Time since last request: 0.003921 seconds.
  path: Assets/Assets/Images/3성/미디어/치토미디어 정면 2/치토미디어 정면 2_00000.png
  artifactKey: Guid(871ce3ab30c07a8448fa4620722710bd) Importer(815301076,1909f56bfc062723c751e8b465ee728b)
Start importing Assets/Assets/Images/3성/미디어/치토미디어 정면 2/치토미디어 정면 2_00000.png using Guid(871ce3ab30c07a8448fa4620722710bd) Importer(815301076,1909f56bfc062723c751e8b465ee728b)  -> (artifact id: '578336e5e31d643e9f97294ff7dd3896') in 0.021059 seconds
Number of updated asset objects reloaded before import = 0
Number of asset objects unloaded after import = 2
========================================================================
Received Import Request.
  Time since last request: 0.010229 seconds.
  path: Assets/Assets/Images/3성/사회과학대/치토사회과학대 측면(좌)2
  artifactKey: Guid(79977e81a807bd74e84c95192eba348b) Importer(815301076,1909f56bfc062723c751e8b465ee728b)
Start importing Assets/Assets/Images/3성/사회과학대/치토사회과학대 측면(좌)2 using Guid(79977e81a807bd74e84c95192eba348b) Importer(815301076,1909f56bfc062723c751e8b465ee728b)  -> (artifact id: '1be59d03bd15b3a4947a3775c2b4f89e') in 0.000492 seconds
Number of updated asset objects reloaded before import = 0
Number of asset objects unloaded after import = 0
========================================================================
Received Import Request.
  Time since last request: 0.010117 seconds.
  path: Assets/Assets/Images/1성/소프트웨어 융합대/치토소융대 측면 모션(좌)/치토소융대 측면(좌)_00031.png
  artifactKey: Guid(e7b057a0cda32774da8aa599d34f8f88) Importer(815301076,1909f56bfc062723c751e8b465ee728b)
Start importing Assets/Assets/Images/1성/소프트웨어 융합대/치토소융대 측면 모션(좌)/치토소융대 측면(좌)_00031.png using Guid(e7b057a0cda32774da8aa599d34f8f88) Importer(815301076,1909f56bfc062723c751e8b465ee728b)  -> (artifact id: 'c0b6c61adf35d7a24e66ed5710f7cdc6') in 0.027290 seconds
Number of updated asset objects reloaded before import = 0
Number of asset objects unloaded after import = 3
========================================================================
Received Import Request.
  Time since last request: 0.031390 seconds.
  path: Assets/Assets/Images/2성/미디어/미디어 측면(우)/치토미디어 측면(우)_00015.png
  artifactKey: Guid(263d0310ff7f46d4986ef0b12a461e9a) Importer(815301076,1909f56bfc062723c751e8b465ee728b)
Start importing Assets/Assets/Images/2성/미디어/미디어 측면(우)/치토미디어 측면(우)_00015.png using Guid(263d0310ff7f46d4986ef0b12a461e9a) Importer(815301076,1909f56bfc062723c751e8b465ee728b)  -> (artifact id: '2a27f01ed4c9a2569c8d5b2ef7f55d00') in 0.021832 seconds
Number of updated asset objects reloaded before import = 0
Number of asset objects unloaded after import = 2
========================================================================
Received Import Request.
  Time since last request: 0.017312 seconds.
  path: Assets/Assets/Images/3성/소융대/치토소융대 후면 2
  artifactKey: Guid(55480755af070b340bacb64c8b1db05e) Importer(815301076,1909f56bfc062723c751e8b465ee728b)
Start importing Assets/Assets/Images/3성/소융대/치토소융대 후면 2 using Guid(55480755af070b340bacb64c8b1db05e) Importer(815301076,1909f56bfc062723c751e8b465ee728b)  -> (artifact id: '4e6b061ff941e7b25815f971156c9fd2') in 0.000502 seconds
Number of updated asset objects reloaded before import = 0
Number of asset objects unloaded after import = 0
========================================================================
Received Import Request.
  Time since last request: 0.006529 seconds.
  path: Assets/Assets/Images/3성/자연과학대/치토자연과학대 정면 2/치토자연과학대 정면 2_00018.png
  artifactKey: Guid(daa1e8df9947ffe4883040e8564a89bd) Importer(815301076,1909f56bfc062723c751e8b465ee728b)
Start importing Assets/Assets/Images/3성/자연과학대/치토자연과학대 정면 2/치토자연과학대 정면 2_00018.png using Guid(daa1e8df9947ffe4883040e8564a89bd) Importer(815301076,1909f56bfc062723c751e8b465ee728b)  -> (artifact id: 'dc85b004b99eef126b6c803a3a414824') in 0.028293 seconds
Number of updated asset objects reloaded before import = 0
Number of asset objects unloaded after import = 3
========================================================================
Received Import Request.
  Time since last request: 0.007527 seconds.
  path: Assets/Assets/Images/3성/사회과학대/치토사회과학대 후면2
  artifactKey: Guid(c9057f18195f0f84cbd5fcfed9e4d5b9) Importer(815301076,1909f56bfc062723c751e8b465ee728b)
Start importing Assets/Assets/Images/3성/사회과학대/치토사회과학대 후면2 using Guid(c9057f18195f0f84cbd5fcfed9e4d5b9) Importer(815301076,1909f56bfc062723c751e8b465ee728b)  -> (artifact id: 'a66992896dbacf30d3360e276bf744b1') in 0.000544 seconds
Number of updated asset objects reloaded before import = 0
Number of asset objects unloaded after import = 0
========================================================================
Received Import Request.
  Time since last request: 0.031104 seconds.
  path: Assets/Assets/Images/3성/자연과학대/자연과학대 측면(우)2/자연과학대 측면(우)2_00016.png
  artifactKey: Guid(34cf5f327c0171c4dbad8e04a9179b40) Importer(815301076,1909f56bfc062723c751e8b465ee728b)
Start importing Assets/Assets/Images/3성/자연과학대/자연과학대 측면(우)2/자연과학대 측면(우)2_00016.png using Guid(34cf5f327c0171c4dbad8e04a9179b40) Importer(815301076,1909f56bfc062723c751e8b465ee728b)  -> (artifact id: 'b70c2b3f176e69721b29319e20166d72') in 0.027856 seconds
Number of updated asset objects reloaded before import = 0
Number of asset objects unloaded after import = 3
========================================================================
Received Import Request.
  Time since last request: 0.001953 seconds.
  path: Assets/Assets/Images/3성/공대/Gdown3.anim
  artifactKey: Guid(0fb0a9b856f3cbe4faa59b755da71db9) Importer(815301076,1909f56bfc062723c751e8b465ee728b)
Start importing Assets/Assets/Images/3성/공대/Gdown3.anim using Guid(0fb0a9b856f3cbe4faa59b755da71db9) Importer(815301076,1909f56bfc062723c751e8b465ee728b)  -> (artifact id: 'bb639608f2820deb395af98dda9309ae') in 0.001172 seconds
Number of updated asset objects reloaded before import = 0
Number of asset objects unloaded after import = 1
========================================================================
Received Import Request.
  Time since last request: 0.027852 seconds.
  path: Assets/Assets/Images/3성/자연과학대/치토자연과학대 정면 2/치토자연과학대 정면 2_00010.png
  artifactKey: Guid(95b8555eaa5c1d84685aa3a3854de91c) Importer(815301076,1909f56bfc062723c751e8b465ee728b)
Start importing Assets/Assets/Images/3성/자연과학대/치토자연과학대 정면 2/치토자연과학대 정면 2_00010.png using Guid(95b8555eaa5c1d84685aa3a3854de91c) Importer(815301076,1909f56bfc062723c751e8b465ee728b)  -> (artifact id: 'dccf2328337c7e008b55651d37051410') in 0.028123 seconds
Number of updated asset objects reloaded before import = 0
Number of asset objects unloaded after import = 3
========================================================================
Received Import Request.
  Time since last request: 0.020213 seconds.
  path: Assets/Assets/Images/1성/의과/치토의과 측면 모션(좌)/치토의과 측면(좌)_00003.png
  artifactKey: Guid(07d907cca82a64f4c87473cab34f20ab) Importer(815301076,1909f56bfc062723c751e8b465ee728b)
Start importing Assets/Assets/Images/1성/의과/치토의과 측면 모션(좌)/치토의과 측면(좌)_00003.png using Guid(07d907cca82a64f4c87473cab34f20ab) Importer(815301076,1909f56bfc062723c751e8b465ee728b)  -> (artifact id: '3441a2796e0580e5aef45acb7b901cb9') in 0.027661 seconds
Number of updated asset objects reloaded before import = 0
Number of asset objects unloaded after import = 3
========================================================================
Received Import Request.
  Time since last request: 0.017739 seconds.
  path: Assets/TextMesh Pro/Examples & Extras/Scenes/Benchmark (Floating Text).unity
  artifactKey: Guid(16177da2e3254cee91944756d5f8ddd3) Importer(815301076,1909f56bfc062723c751e8b465ee728b)
Start importing Assets/TextMesh Pro/Examples & Extras/Scenes/Benchmark (Floating Text).unity using Guid(16177da2e3254cee91944756d5f8ddd3) Importer(815301076,1909f56bfc062723c751e8b465ee728b)  -> (artifact id: '7a72efb63a43f729f24989a899fa5d1b') in 0.000536 seconds
Number of updated asset objects reloaded before import = 0
Number of asset objects unloaded after import = 0
========================================================================
Received Import Request.
  Time since last request: 0.011065 seconds.
  path: Assets/TextMesh Pro/Examples & Extras/Scenes/01-  Single Line TextMesh Pro.unity
  artifactKey: Guid(2ac8cf212df6445e8aebbe3cb832e993) Importer(815301076,1909f56bfc062723c751e8b465ee728b)
Start importing Assets/TextMesh Pro/Examples & Extras/Scenes/01-  Single Line TextMesh Pro.unity using Guid(2ac8cf212df6445e8aebbe3cb832e993) Importer(815301076,1909f56bfc062723c751e8b465ee728b)  -> (artifact id: 'e442e9f00d68f8bc2d9c56372a4a14a8') in 0.000502 seconds
Number of updated asset objects reloaded before import = 0
Number of asset objects unloaded after import = 0
========================================================================
Received Import Request.
  Time since last request: 0.009605 seconds.
  path: Assets/TextMesh Pro/Examples & Extras/Textures/Mask Zig-n-Zag.psd
  artifactKey: Guid(bb8dfcd263ad4eb383a33d74a720be6f) Importer(815301076,1909f56bfc062723c751e8b465ee728b)
Start importing Assets/TextMesh Pro/Examples & Extras/Textures/Mask Zig-n-Zag.psd using Guid(bb8dfcd263ad4eb383a33d74a720be6f) Importer(815301076,1909f56bfc062723c751e8b465ee728b)  -> (artifact id: '76c0d3902c322efa7f635d7fd19f53ba') in 0.021565 seconds
Number of updated asset objects reloaded before import = 0
Number of asset objects unloaded after import = 2
========================================================================
Received Import Request.
  Time since last request: 0.022745 seconds.
  path: Assets/Assets/Images/1성/소프트웨어 융합대/치토소융대 측면 모션(좌)/치토소융대 측면(좌)_00033.png
  artifactKey: Guid(3a9bf8b59b31f9d4f84e4296e0c5a28c) Importer(815301076,1909f56bfc062723c751e8b465ee728b)
Start importing Assets/Assets/Images/1성/소프트웨어 융합대/치토소융대 측면 모션(좌)/치토소융대 측면(좌)_00033.png using Guid(3a9bf8b59b31f9d4f84e4296e0c5a28c) Importer(815301076,1909f56bfc062723c751e8b465ee728b)  -> (artifact id: 'c9edab397a0e5b6aeee6ec2278eb4d6e') in 0.027413 seconds
Number of updated asset objects reloaded before import = 0
Number of asset objects unloaded after import = 3
========================================================================
Received Import Request.
  Time since last request: 0.009475 seconds.
  path: Assets/TextMesh Pro/Examples & Extras/Resources/Color Gradient Presets/Light to Dark Green - Vertical.asset
  artifactKey: Guid(5cf8ae092ca54931b443bec5148f3c59) Importer(815301076,1909f56bfc062723c751e8b465ee728b)
Start importing Assets/TextMesh Pro/Examples & Extras/Resources/Color Gradient Presets/Light to Dark Green - Vertical.asset using Guid(5cf8ae092ca54931b443bec5148f3c59) Importer(815301076,1909f56bfc062723c751e8b465ee728b)  -> (artifact id: '8888f7c04b1f22a67dc40cf5086f7fa2') in 0.001427 seconds
Number of updated asset objects reloaded before import = 0
Number of asset objects unloaded after import = 1
========================================================================
Received Import Request.
  Time since last request: 0.003748 seconds.
  path: Assets/Assets/Images/1성/의과/치토의과 측면 모션(좌)/치토의과 측면(좌)_00008.png
  artifactKey: Guid(41c28b648ddf19c4787d617ea92ff2d3) Importer(815301076,1909f56bfc062723c751e8b465ee728b)
Start importing Assets/Assets/Images/1성/의과/치토의과 측면 모션(좌)/치토의과 측면(좌)_00008.png using Guid(41c28b648ddf19c4787d617ea92ff2d3) Importer(815301076,1909f56bfc062723c751e8b465ee728b)  -> (artifact id: '9608da9ee0580aba023b06517749130c') in 0.027657 seconds
Number of updated asset objects reloaded before import = 0
Number of asset objects unloaded after import = 3
========================================================================
Received Import Request.
  Time since last request: 0.022530 seconds.
  path: Assets/TextMesh Pro/Examples & Extras/Scenes/11 - The Style Tag.unity
  artifactKey: Guid(84ed36ad77dd4956b2ffe3769f759879) Importer(815301076,1909f56bfc062723c751e8b465ee728b)
Start importing Assets/TextMesh Pro/Examples & Extras/Scenes/11 - The Style Tag.unity using Guid(84ed36ad77dd4956b2ffe3769f759879) Importer(815301076,1909f56bfc062723c751e8b465ee728b)  -> (artifact id: 'c278fea0a7c8ebc32f879448c6db0946') in 0.000580 seconds
Number of updated asset objects reloaded before import = 0
Number of asset objects unloaded after import = 0
========================================================================
Received Import Request.
  Time since last request: 0.040970 seconds.
  path: Assets/TextMesh Pro/Examples & Extras/Scripts/TMPro_InstructionOverlay.cs
  artifactKey: Guid(c3c1afeda5e545e0b19add5373896d2e) Importer(815301076,1909f56bfc062723c751e8b465ee728b)
Start importing Assets/TextMesh Pro/Examples & Extras/Scripts/TMPro_InstructionOverlay.cs using Guid(c3c1afeda5e545e0b19add5373896d2e) Importer(815301076,1909f56bfc062723c751e8b465ee728b)  -> (artifact id: '2ba82e1c09754222ff1b816236095281') in 0.000554 seconds
Number of updated asset objects reloaded before import = 0
Number of asset objects unloaded after import = 0
========================================================================
Received Import Request.
  Time since last request: 0.001044 seconds.
  path: Assets/Assets/Images/2성/사회과학대
  artifactKey: Guid(648cd8ff678751c44b885f0829a19b10) Importer(815301076,1909f56bfc062723c751e8b465ee728b)
Start importing Assets/Assets/Images/2성/사회과학대 using Guid(648cd8ff678751c44b885f0829a19b10) Importer(815301076,1909f56bfc062723c751e8b465ee728b)  -> (artifact id: 'a2e4ec300cbc9ab3befcc221e52a2037') in 0.000372 seconds
Number of updated asset objects reloaded before import = 0
Number of asset objects unloaded after import = 0
========================================================================
Received Import Request.
  Time since last request: 0.006552 seconds.
  path: Assets/Assets/Images/2성/미디어/치토미디어 정면/치토미디어 정면_00015.png
  artifactKey: Guid(19b4f216c1a025243aa894336ec04c5f) Importer(815301076,1909f56bfc062723c751e8b465ee728b)
Start importing Assets/Assets/Images/2성/미디어/치토미디어 정면/치토미디어 정면_00015.png using Guid(19b4f216c1a025243aa894336ec04c5f) Importer(815301076,1909f56bfc062723c751e8b465ee728b)  -> (artifact id: '044d1ec6071ce82dd35a4f7d3fed6eb0') in 0.022248 seconds
Number of updated asset objects reloaded before import = 0
Number of asset objects unloaded after import = 2
========================================================================
Received Import Request.
  Time since last request: 0.006483 seconds.
  path: Assets/Assets/Images/3성/인문대/인문대 측면(우)2
  artifactKey: Guid(27df1fbf52bc1c248b209a086b3e47cd) Importer(815301076,1909f56bfc062723c751e8b465ee728b)
Start importing Assets/Assets/Images/3성/인문대/인문대 측면(우)2 using Guid(27df1fbf52bc1c248b209a086b3e47cd) Importer(815301076,1909f56bfc062723c751e8b465ee728b)  -> (artifact id: '142ae35a4941d7c5ee4f123cd16a3ccb') in 0.000448 seconds
Number of updated asset objects reloaded before import = 0
Number of asset objects unloaded after import = 0
========================================================================
Received Import Request.
  Time since last request: 0.058002 seconds.
  path: Assets/TextMesh Pro/Examples & Extras/Scenes/21 - Script Example.unity
  artifactKey: Guid(50f52f9274434ecfb34dd87f0836f323) Importer(815301076,1909f56bfc062723c751e8b465ee728b)
Start importing Assets/TextMesh Pro/Examples & Extras/Scenes/21 - Script Example.unity using Guid(50f52f9274434ecfb34dd87f0836f323) Importer(815301076,1909f56bfc062723c751e8b465ee728b)  -> (artifact id: '7caaf800b1b82f8149026353c7bc06a0') in 0.000597 seconds
Number of updated asset objects reloaded before import = 0
Number of asset objects unloaded after import = 0
========================================================================
Received Import Request.
  Time since last request: 0.005155 seconds.
  path: Assets/Assets/Images/3성/ㄱ.기본형/Left3.anim
  artifactKey: Guid(09ddca63a4b65f940ae26c23ec092f0b) Importer(815301076,1909f56bfc062723c751e8b465ee728b)
Start importing Assets/Assets/Images/3성/ㄱ.기본형/Left3.anim using Guid(09ddca63a4b65f940ae26c23ec092f0b) Importer(815301076,1909f56bfc062723c751e8b465ee728b)  -> (artifact id: '60cb061058dab04e5941b06478006d50') in 0.001222 seconds
Number of updated asset objects reloaded before import = 0
Number of asset objects unloaded after import = 1
========================================================================
Received Import Request.
  Time since last request: 0.011171 seconds.
  path: Assets/Assets/Images/3성/정통대/치토정통대 정면 2/치토정통대 정면 2_00007.png
  artifactKey: Guid(3d6c7dd373f4a2f43901ba4e6b281217) Importer(815301076,1909f56bfc062723c751e8b465ee728b)
Start importing Assets/Assets/Images/3성/정통대/치토정통대 정면 2/치토정통대 정면 2_00007.png using Guid(3d6c7dd373f4a2f43901ba4e6b281217) Importer(815301076,1909f56bfc062723c751e8b465ee728b)  -> (artifact id: '6a9e67c93884d9e7fa435a7c25b07887') in 0.028583 seconds
Number of updated asset objects reloaded before import = 0
Number of asset objects unloaded after import = 3
========================================================================
Received Import Request.
  Time since last request: 0.006311 seconds.
  path: Assets/TextMesh Pro/Examples & Extras/Scripts/TMP_ExampleScript_01.cs
  artifactKey: Guid(6f2c5b59b6874405865e2616e4ec276a) Importer(815301076,1909f56bfc062723c751e8b465ee728b)
Start importing Assets/TextMesh Pro/Examples & Extras/Scripts/TMP_ExampleScript_01.cs using Guid(6f2c5b59b6874405865e2616e4ec276a) Importer(815301076,1909f56bfc062723c751e8b465ee728b)  -> (artifact id: 'feec5c4bc28f560769867d39856105af') in 0.000521 seconds
Number of updated asset objects reloaded before import = 0
Number of asset objects unloaded after import = 0
========================================================================
Received Import Request.
  Time since last request: 0.018722 seconds.
  path: Assets/Assets/Images/1성/의과/치토의과 측면 모션(우)/치토의과 측면(우)_00016.png
  artifactKey: Guid(ed5b4fdc7d0a25f47828c4efe17a98ce) Importer(815301076,1909f56bfc062723c751e8b465ee728b)
Start importing Assets/Assets/Images/1성/의과/치토의과 측면 모션(우)/치토의과 측면(우)_00016.png using Guid(ed5b4fdc7d0a25f47828c4efe17a98ce) Importer(815301076,1909f56bfc062723c751e8b465ee728b)  -> (artifact id: 'a2d046a99e89164573df5b375893697b') in 0.027778 seconds
Number of updated asset objects reloaded before import = 0
Number of asset objects unloaded after import = 3
========================================================================
Received Import Request.
  Time since last request: 0.003948 seconds.
  path: Assets/Assets/Images/1성/정통대/치토정통대 측면 모션(좌)/치토정통대 측면(좌)_00000.png
  artifactKey: Guid(505ac4ddc3cf7a74db7b1741b9e3f634) Importer(815301076,1909f56bfc062723c751e8b465ee728b)
Start importing Assets/Assets/Images/1성/정통대/치토정통대 측면 모션(좌)/치토정통대 측면(좌)_00000.png using Guid(505ac4ddc3cf7a74db7b1741b9e3f634) Importer(815301076,1909f56bfc062723c751e8b465ee728b)  -> (artifact id: '22e7a46def2ad923942be2c9e22b387d') in 0.027412 seconds
Number of updated asset objects reloaded before import = 0
Number of asset objects unloaded after import = 3
========================================================================
Received Import Request.
  Time since last request: 0.022572 seconds.
  path: Assets/Assets/Images/1성/의과/치토의과 측면 모션(우)/치토의과 측면(우)_00019.png
  artifactKey: Guid(127fe9a6723947049b74fb1594f6edb4) Importer(815301076,1909f56bfc062723c751e8b465ee728b)
Start importing Assets/Assets/Images/1성/의과/치토의과 측면 모션(우)/치토의과 측면(우)_00019.png using Guid(127fe9a6723947049b74fb1594f6edb4) Importer(815301076,1909f56bfc062723c751e8b465ee728b)  -> (artifact id: 'd15e16e22e87aa43fdeac8dff3020779') in 0.026215 seconds
Number of updated asset objects reloaded before import = 0
Number of asset objects unloaded after import = 3
========================================================================
Received Import Request.
  Time since last request: 0.033846 seconds.
  path: Assets/Assets/Images/2성/인문대/치토인문대 후면
  artifactKey: Guid(2e9616552c2903d40a187187654c4b9f) Importer(815301076,1909f56bfc062723c751e8b465ee728b)
Start importing Assets/Assets/Images/2성/인문대/치토인문대 후면 using Guid(2e9616552c2903d40a187187654c4b9f) Importer(815301076,1909f56bfc062723c751e8b465ee728b)  -> (artifact id: 'e8f1d821afdda3f9f2db212626f23031') in 0.000547 seconds
Number of updated asset objects reloaded before import = 0
Number of asset objects unloaded after import = 0
========================================================================
Received Import Request.
  Time since last request: 0.011843 seconds.
  path: Assets/TextMesh Pro/Examples & Extras/Scripts/TextConsoleSimulator.cs
  artifactKey: Guid(43bcd35a1c0c40ccb6d472893fe2093f) Importer(815301076,1909f56bfc062723c751e8b465ee728b)
Start importing Assets/TextMesh Pro/Examples & Extras/Scripts/TextConsoleSimulator.cs using Guid(43bcd35a1c0c40ccb6d472893fe2093f) Importer(815301076,1909f56bfc062723c751e8b465ee728b)  -> (artifact id: '998e755f118e640c28449cc1492f380a') in 0.000489 seconds
Number of updated asset objects reloaded before import = 0
Number of asset objects unloaded after import = 0
========================================================================
Received Import Request.
  Time since last request: 0.043637 seconds.
  path: Assets/Assets/Images/1성/소프트웨어 융합대/치토소융대 측면 모션(우)/치토소융대 측면(우)_00015.png
  artifactKey: Guid(513842d4b29d54445b9b8ec7c215bf54) Importer(815301076,1909f56bfc062723c751e8b465ee728b)
Start importing Assets/Assets/Images/1성/소프트웨어 융합대/치토소융대 측면 모션(우)/치토소융대 측면(우)_00015.png using Guid(513842d4b29d54445b9b8ec7c215bf54) Importer(815301076,1909f56bfc062723c751e8b465ee728b)  -> (artifact id: '988df23ced075bd27efc9b6854730e09') in 0.026734 seconds
Number of updated asset objects reloaded before import = 0
Number of asset objects unloaded after import = 3
========================================================================
Received Import Request.
  Time since last request: 0.005832 seconds.
  path: Assets/Assets/Images/3성/미디어/치토미디어 측면(좌) 2/치토미디어 측면(좌) 2_00013.png
  artifactKey: Guid(a777988957c29904180cea2a9ea4de9a) Importer(815301076,1909f56bfc062723c751e8b465ee728b)
Start importing Assets/Assets/Images/3성/미디어/치토미디어 측면(좌) 2/치토미디어 측면(좌) 2_00013.png using Guid(a777988957c29904180cea2a9ea4de9a) Importer(815301076,1909f56bfc062723c751e8b465ee728b)  -> (artifact id: '27494508e8374d5e422cdce2a23b286b') in 0.021028 seconds
Number of updated asset objects reloaded before import = 0
Number of asset objects unloaded after import = 2
========================================================================
Received Import Request.
  Time since last request: 0.015118 seconds.
  path: Assets/Assets/Images/3성/미디어/치토미디어 후면 2/치토미디어 후면 2_00003.png
  artifactKey: Guid(94c7d98e886cd474ea4267c8646479a5) Importer(815301076,1909f56bfc062723c751e8b465ee728b)
Start importing Assets/Assets/Images/3성/미디어/치토미디어 후면 2/치토미디어 후면 2_00003.png using Guid(94c7d98e886cd474ea4267c8646479a5) Importer(815301076,1909f56bfc062723c751e8b465ee728b)  -> (artifact id: 'e732e2135ced84938672d96d8b61948a') in 0.021551 seconds
Number of updated asset objects reloaded before import = 0
Number of asset objects unloaded after import = 2
========================================================================
Received Import Request.
  Time since last request: 0.005829 seconds.
  path: Assets/TextMesh Pro/Resources/Fonts & Materials/LiberationSans SDF.asset
  artifactKey: Guid(8f586378b4e144a9851e7b34d9b748ee) Importer(815301076,1909f56bfc062723c751e8b465ee728b)
Start importing Assets/TextMesh Pro/Resources/Fonts & Materials/LiberationSans SDF.asset using Guid(8f586378b4e144a9851e7b34d9b748ee) Importer(815301076,1909f56bfc062723c751e8b465ee728b)  -> (artifact id: 'eaa68070f2d11fdf7d35daa94ed4d41f') in 0.026903 seconds
Number of updated asset objects reloaded before import = 0
Number of asset objects unloaded after import = 9
========================================================================
Received Import Request.
  Time since last request: 0.008044 seconds.
  path: Assets/Assets/Images/1성/소프트웨어 융합대/치토소융대 측면 모션(우)/치토소융대 측면(우)_00018.png
  artifactKey: Guid(24da5d223fd962e43b1ca2c27405c240) Importer(815301076,1909f56bfc062723c751e8b465ee728b)
Start importing Assets/Assets/Images/1성/소프트웨어 융합대/치토소융대 측면 모션(우)/치토소융대 측면(우)_00018.png using Guid(24da5d223fd962e43b1ca2c27405c240) Importer(815301076,1909f56bfc062723c751e8b465ee728b)  -> (artifact id: '7ee75de232b5bef0935f7f13026a9ced') in 0.027841 seconds
Number of updated asset objects reloaded before import = 0
Number of asset objects unloaded after import = 3
========================================================================
Received Import Request.
  Time since last request: 0.009138 seconds.
  path: Assets/TextMesh Pro/Examples & Extras/Scenes/05 - Style Tags.unity
  artifactKey: Guid(70615243e2be4a81afaab9bf5d273d65) Importer(815301076,1909f56bfc062723c751e8b465ee728b)
Start importing Assets/TextMesh Pro/Examples & Extras/Scenes/05 - Style Tags.unity using Guid(70615243e2be4a81afaab9bf5d273d65) Importer(815301076,1909f56bfc062723c751e8b465ee728b)  -> (artifact id: 'a3711829e81c26369a0ddb134d9dd20c') in 0.000535 seconds
Number of updated asset objects reloaded before import = 0
Number of asset objects unloaded after import = 0
========================================================================
Received Import Request.
  Time since last request: 0.001091 seconds.
  path: Assets/Assets/Images/3성/정통대/치토정통대 후면 2
  artifactKey: Guid(04fff8305bff60749be583b982407c7d) Importer(815301076,1909f56bfc062723c751e8b465ee728b)
Start importing Assets/Assets/Images/3성/정통대/치토정통대 후면 2 using Guid(04fff8305bff60749be583b982407c7d) Importer(815301076,1909f56bfc062723c751e8b465ee728b)  -> (artifact id: '9e89026b5fecafb5b500becab460b762') in 0.000368 seconds
Number of updated asset objects reloaded before import = 0
Number of asset objects unloaded after import = 0
========================================================================
Received Import Request.
  Time since last request: 0.005079 seconds.
  path: Assets/Assets/Images/2성/사회과학대/치토사회과학대 정면 모션 2
  artifactKey: Guid(be6956627fbb2574888626a75d6e3a38) Importer(815301076,1909f56bfc062723c751e8b465ee728b)
Start importing Assets/Assets/Images/2성/사회과학대/치토사회과학대 정면 모션 2 using Guid(be6956627fbb2574888626a75d6e3a38) Importer(815301076,1909f56bfc062723c751e8b465ee728b)  -> (artifact id: '870f92bfe2072cddd1df7b444fa33f46') in 0.000390 seconds
Number of updated asset objects reloaded before import = 0
Number of asset objects unloaded after import = 0
========================================================================
Received Import Request.
  Time since last request: 0.008268 seconds.
  path: Assets/TextMesh Pro/Examples & Extras/Scripts/ObjectSpin.cs
  artifactKey: Guid(4f19c7f94c794c5097d8bd11e39c750d) Importer(815301076,1909f56bfc062723c751e8b465ee728b)
Start importing Assets/TextMesh Pro/Examples & Extras/Scripts/ObjectSpin.cs using Guid(4f19c7f94c794c5097d8bd11e39c750d) Importer(815301076,1909f56bfc062723c751e8b465ee728b)  -> (artifact id: 'bfa84bdd8c0faf7fcb6b22691df94313') in 0.000462 seconds
Number of updated asset objects reloaded before import = 0
Number of asset objects unloaded after import = 0
========================================================================
Received Import Request.
  Time since last request: 0.006463 seconds.
  path: Assets/Assets/Images/1성/정통대/치토정통대 측면 모션(우)/치토정통대 측면(우)_00006.png
  artifactKey: Guid(11d9b00a93fa41448aac9405ccc25ae2) Importer(815301076,1909f56bfc062723c751e8b465ee728b)
Start importing Assets/Assets/Images/1성/정통대/치토정통대 측면 모션(우)/치토정통대 측면(우)_00006.png using Guid(11d9b00a93fa41448aac9405ccc25ae2) Importer(815301076,1909f56bfc062723c751e8b465ee728b)  -> (artifact id: '12b27f76458d3ca0dfd3ee2f3fe7205b') in 0.027624 seconds
Number of updated asset objects reloaded before import = 0
Number of asset objects unloaded after import = 3
========================================================================
Received Import Request.
  Time since last request: 0.045872 seconds.
  path: Assets/TextMesh Pro/Examples & Extras/Sprites/DropCap Numbers.psd
  artifactKey: Guid(fd09957580ac4326916010f1f260975b) Importer(815301076,1909f56bfc062723c751e8b465ee728b)
Start importing Assets/TextMesh Pro/Examples & Extras/Sprites/DropCap Numbers.psd using Guid(fd09957580ac4326916010f1f260975b) Importer(815301076,1909f56bfc062723c751e8b465ee728b)  -> (artifact id: 'e69753cb15d235b77d5ee01c5cd790b3') in 0.022565 seconds
Number of updated asset objects reloaded before import = 0
Number of asset objects unloaded after import = 2
========================================================================
Received Import Request.
  Time since last request: 0.016886 seconds.
  path: Assets/Assets/Images/1성/소프트웨어 융합대/치토소융대 측면 모션(좌)/치토소융대 측면(좌)_00003.png
  artifactKey: Guid(128d23399ea66234184259d0ce2e7603) Importer(815301076,1909f56bfc062723c751e8b465ee728b)
Start importing Assets/Assets/Images/1성/소프트웨어 융합대/치토소융대 측면 모션(좌)/치토소융대 측면(좌)_00003.png using Guid(128d23399ea66234184259d0ce2e7603) Importer(815301076,1909f56bfc062723c751e8b465ee728b)  -> (artifact id: 'd2aa305cd808b4557521331c73951e18') in 0.025382 seconds
Number of updated asset objects reloaded before import = 0
Number of asset objects unloaded after import = 3
========================================================================
Received Import Request.
  Time since last request: 0.004666 seconds.
  path: Assets/Assets/Images/3성/자연과학대/치토자연과학대 정면 2/치토자연과학대 정면 2_00004.png
  artifactKey: Guid(1a3cd700886d9fb45b2e6c75b5dfd147) Importer(815301076,1909f56bfc062723c751e8b465ee728b)
Start importing Assets/Assets/Images/3성/자연과학대/치토자연과학대 정면 2/치토자연과학대 정면 2_00004.png using Guid(1a3cd700886d9fb45b2e6c75b5dfd147) Importer(815301076,1909f56bfc062723c751e8b465ee728b)  -> (artifact id: 'cce8dba027f6fdfa87cdbe2db3cb094c') in 0.026835 seconds
Number of updated asset objects reloaded before import = 0
Number of asset objects unloaded after import = 3
========================================================================
Received Import Request.
  Time since last request: 0.023664 seconds.
  path: Assets/Assets/Images/1성/정통대/치토정통대 측면 모션(우)/치토정통대 측면(우)_00018.png
  artifactKey: Guid(f80036527e0096b4795588837c4a010b) Importer(815301076,1909f56bfc062723c751e8b465ee728b)
Start importing Assets/Assets/Images/1성/정통대/치토정통대 측면 모션(우)/치토정통대 측면(우)_00018.png using Guid(f80036527e0096b4795588837c4a010b) Importer(815301076,1909f56bfc062723c751e8b465ee728b)  -> (artifact id: 'db26629879c6df3271bc13ab845e1164') in 0.026911 seconds
Number of updated asset objects reloaded before import = 0
Number of asset objects unloaded after import = 3
========================================================================
Received Import Request.
  Time since last request: 0.016545 seconds.
  path: Assets/Assets/Images/3성/인문대/치토인문대 측면(좌)2
  artifactKey: Guid(f3c79de65a2ff2148ba09c9fa80c7acd) Importer(815301076,1909f56bfc062723c751e8b465ee728b)
Start importing Assets/Assets/Images/3성/인문대/치토인문대 측면(좌)2 using Guid(f3c79de65a2ff2148ba09c9fa80c7acd) Importer(815301076,1909f56bfc062723c751e8b465ee728b)  -> (artifact id: '148f9db0df05728d9d01669eb005da6e') in 0.000481 seconds
Number of updated asset objects reloaded before import = 0
Number of asset objects unloaded after import = 0
========================================================================
Received Import Request.
  Time since last request: 0.003171 seconds.
  path: Assets/Assets/Images/2성/미디어/치토미디어 후면/치토미디어 후면_00003.png
  artifactKey: Guid(47aecfc598cdb904a9e0236e252cb9c3) Importer(815301076,1909f56bfc062723c751e8b465ee728b)
Start importing Assets/Assets/Images/2성/미디어/치토미디어 후면/치토미디어 후면_00003.png using Guid(47aecfc598cdb904a9e0236e252cb9c3) Importer(815301076,1909f56bfc062723c751e8b465ee728b)  -> (artifact id: '7bfea19098d7a547b0a42f3e4cc01df7') in 0.022427 seconds
Number of updated asset objects reloaded before import = 0
Number of asset objects unloaded after import = 2
========================================================================
Received Import Request.
  Time since last request: 0.002234 seconds.
  path: Assets/TextMesh Pro/Shaders/TMP_SDF-Mobile Overlay.shader
  artifactKey: Guid(a02a7d8c237544f1962732b55a9aebf1) Importer(815301076,1909f56bfc062723c751e8b465ee728b)
Start importing Assets/TextMesh Pro/Shaders/TMP_SDF-Mobile Overlay.shader using Guid(a02a7d8c237544f1962732b55a9aebf1) Importer(815301076,1909f56bfc062723c751e8b465ee728b)  -> (artifact id: '04037e8973c1b1f382d98e4d7bece7eb') in 0.000681 seconds
Number of updated asset objects reloaded before import = 0
Number of asset objects unloaded after import = 0
========================================================================
Received Import Request.
  Time since last request: 0.011079 seconds.
  path: Assets/Assets/Images/1성/소프트웨어 융합대/치토소융대 측면 모션(우)/치토소융대 측면(우)_00014.png
  artifactKey: Guid(310094e6739b50646a403c90aa526ca6) Importer(815301076,1909f56bfc062723c751e8b465ee728b)
Start importing Assets/Assets/Images/1성/소프트웨어 융합대/치토소융대 측면 모션(우)/치토소융대 측면(우)_00014.png using Guid(310094e6739b50646a403c90aa526ca6) Importer(815301076,1909f56bfc062723c751e8b465ee728b)  -> (artifact id: '8532592334a342f01e1cdb253778e9f0') in 0.027310 seconds
Number of updated asset objects reloaded before import = 0
Number of asset objects unloaded after import = 3
========================================================================
Received Import Request.
  Time since last request: 0.002359 seconds.
  path: Assets/TextMesh Pro/Examples & Extras/Textures/Floor Cement.jpg
  artifactKey: Guid(283f897e4925411ebbaa758b4cb13fc2) Importer(815301076,1909f56bfc062723c751e8b465ee728b)
Start importing Assets/TextMesh Pro/Examples & Extras/Textures/Floor Cement.jpg using Guid(283f897e4925411ebbaa758b4cb13fc2) Importer(815301076,1909f56bfc062723c751e8b465ee728b)  -> (artifact id: 'f60b5b2de5c9ed02f813a14e1694b9de') in 0.022223 seconds
Number of updated asset objects reloaded before import = 0
Number of asset objects unloaded after import = 2
========================================================================
Received Import Request.
  Time since last request: 0.003707 seconds.
  path: Assets/Assets/Images/1성/소프트웨어 융합대/치토소융대 측면 모션(좌)/치토소융대 측면(좌)_00001.png
  artifactKey: Guid(ee234c9f31773834d97458c8431f2034) Importer(815301076,1909f56bfc062723c751e8b465ee728b)
Start importing Assets/Assets/Images/1성/소프트웨어 융합대/치토소융대 측면 모션(좌)/치토소융대 측면(좌)_00001.png using Guid(ee234c9f31773834d97458c8431f2034) Importer(815301076,1909f56bfc062723c751e8b465ee728b)  -> (artifact id: '1e4497671725bc43f8c831c21426dbb8') in 0.027483 seconds
Number of updated asset objects reloaded before import = 0
Number of asset objects unloaded after import = 3
========================================================================
Received Import Request.
  Time since last request: 0.001996 seconds.
  path: Assets/TextMesh Pro/Resources/Fonts & Materials/LiberationSans SDF - Drop Shadow.mat
  artifactKey: Guid(e73a58f6e2794ae7b1b7e50b7fb811b0) Importer(815301076,1909f56bfc062723c751e8b465ee728b)
Start importing Assets/TextMesh Pro/Resources/Fonts & Materials/LiberationSans SDF - Drop Shadow.mat using Guid(e73a58f6e2794ae7b1b7e50b7fb811b0) Importer(815301076,1909f56bfc062723c751e8b465ee728b)  -> (artifact id: '04b194ecee76490698e541250d54f75f') in 0.019257 seconds
Number of updated asset objects reloaded before import = 0
Number of asset objects unloaded after import = 2
========================================================================
Received Import Request.
  Time since last request: 0.014557 seconds.
  path: Assets/TextMesh Pro/Shaders/TMP_SDF.shader
  artifactKey: Guid(68e6db2ebdc24f95958faec2be5558d6) Importer(815301076,1909f56bfc062723c751e8b465ee728b)
Start importing Assets/TextMesh Pro/Shaders/TMP_SDF.shader using Guid(68e6db2ebdc24f95958faec2be5558d6) Importer(815301076,1909f56bfc062723c751e8b465ee728b)  -> (artifact id: 'bcd46f414217f829b98014fcf5336808') in 0.000779 seconds
Number of updated asset objects reloaded before import = 0
Number of asset objects unloaded after import = 0
========================================================================
Received Import Request.
  Time since last request: 0.018846 seconds.
  path: Assets/Assets/Images/1성/자연과학대/치토자연과학대 측면 모션(우)/치토자연과학대 측면(우)_00004.png
  artifactKey: Guid(af5dda248fe96924d95b135ed2c52356) Importer(815301076,1909f56bfc062723c751e8b465ee728b)
Start importing Assets/Assets/Images/1성/자연과학대/치토자연과학대 측면 모션(우)/치토자연과학대 측면(우)_00004.png using Guid(af5dda248fe96924d95b135ed2c52356) Importer(815301076,1909f56bfc062723c751e8b465ee728b)  -> (artifact id: 'f30be7e4c7f3c9454531071563aa12e9') in 0.028282 seconds
Number of updated asset objects reloaded before import = 0
Number of asset objects unloaded after import = 3
========================================================================
Received Import Request.
  Time since last request: 0.015475 seconds.
  path: Assets/TextMesh Pro/Examples & Extras/Scripts/TMP_TextInfoDebugTool.cs
  artifactKey: Guid(21256c5b62f346f18640dad779911e20) Importer(815301076,1909f56bfc062723c751e8b465ee728b)
Start importing Assets/TextMesh Pro/Examples & Extras/Scripts/TMP_TextInfoDebugTool.cs using Guid(21256c5b62f346f18640dad779911e20) Importer(815301076,1909f56bfc062723c751e8b465ee728b)  -> (artifact id: '017e855f4e198d0c0c673a9355b3d9e0') in 0.000530 seconds
Number of updated asset objects reloaded before import = 0
Number of asset objects unloaded after import = 0
========================================================================
Received Import Request.
  Time since last request: 0.016015 seconds.
  path: Assets/Assets/Images/3성/소융대/SWdown3.anim
  artifactKey: Guid(dccd3f768c069a840ac7adaa794c5206) Importer(815301076,1909f56bfc062723c751e8b465ee728b)
Start importing Assets/Assets/Images/3성/소융대/SWdown3.anim using Guid(dccd3f768c069a840ac7adaa794c5206) Importer(815301076,1909f56bfc062723c751e8b465ee728b)  -> (artifact id: '420bd66eb09f94e864330aaad6fe0663') in 0.001315 seconds
Number of updated asset objects reloaded before import = 0
Number of asset objects unloaded after import = 1
========================================================================
Received Import Request.
  Time since last request: 0.010600 seconds.
  path: Assets/Assets/Images/3성/자연과학대/치토자연과학대 후면 2
  artifactKey: Guid(6ad09e40851f7074ca281660d6be8dd8) Importer(815301076,1909f56bfc062723c751e8b465ee728b)
Start importing Assets/Assets/Images/3성/자연과학대/치토자연과학대 후면 2 using Guid(6ad09e40851f7074ca281660d6be8dd8) Importer(815301076,1909f56bfc062723c751e8b465ee728b)  -> (artifact id: '7ae82170cfabcbbf39cf285c01a565b0') in 0.000438 seconds
Number of updated asset objects reloaded before import = 0
Number of asset objects unloaded after import = 0
========================================================================
Received Import Request.
  Time since last request: 0.013915 seconds.
  path: Assets/Assets/Images/1성/약학대/치토약학대 측면 모션(좌)/치토약학대 측면(좌)_00002.png
  artifactKey: Guid(badfdecd8b76f2a4d8bc020b8ca9c6a6) Importer(815301076,1909f56bfc062723c751e8b465ee728b)
Start importing Assets/Assets/Images/1성/약학대/치토약학대 측면 모션(좌)/치토약학대 측면(좌)_00002.png using Guid(badfdecd8b76f2a4d8bc020b8ca9c6a6) Importer(815301076,1909f56bfc062723c751e8b465ee728b)  -> (artifact id: 'ff88a4b83ea989887a8cebcfdcb0145d') in 0.026547 seconds
Number of updated asset objects reloaded before import = 0
Number of asset objects unloaded after import = 3
========================================================================
Received Import Request.
  Time since last request: 0.007196 seconds.
  path: Assets/TextMesh Pro/Shaders/TMP_SDF-Mobile SSD.shader
  artifactKey: Guid(c8d12adcee749c344b8117cf7c7eb912) Importer(815301076,1909f56bfc062723c751e8b465ee728b)
Start importing Assets/TextMesh Pro/Shaders/TMP_SDF-Mobile SSD.shader using Guid(c8d12adcee749c344b8117cf7c7eb912) Importer(815301076,1909f56bfc062723c751e8b465ee728b)  -> (artifact id: '3c6edda38d6b5e8b904365da990a776b') in 0.000663 seconds
Number of updated asset objects reloaded before import = 0
Number of asset objects unloaded after import = 0
========================================================================
Received Import Request.
  Time since last request: 0.043417 seconds.
  path: Assets/Assets/Images/3성/미디어/치토미디어 측면(좌) 2/치토미디어 측면(좌) 2_00011.png
  artifactKey: Guid(201751978be882d44b30fcd8ec878291) Importer(815301076,1909f56bfc062723c751e8b465ee728b)
Start importing Assets/Assets/Images/3성/미디어/치토미디어 측면(좌) 2/치토미디어 측면(좌) 2_00011.png using Guid(201751978be882d44b30fcd8ec878291) Importer(815301076,1909f56bfc062723c751e8b465ee728b)  -> (artifact id: 'a035fcde4c9457686f0a54f776b26a7c') in 0.022480 seconds
Number of updated asset objects reloaded before import = 0
Number of asset objects unloaded after import = 2
========================================================================
Received Import Request.
  Time since last request: 0.014330 seconds.
  path: Assets/Assets/Images/2성/미디어/치토미디어 정면/치토미디어 정면_00020.png
  artifactKey: Guid(d274cd8f77c215646a5b26fb449c9c76) Importer(815301076,1909f56bfc062723c751e8b465ee728b)
Start importing Assets/Assets/Images/2성/미디어/치토미디어 정면/치토미디어 정면_00020.png using Guid(d274cd8f77c215646a5b26fb449c9c76) Importer(815301076,1909f56bfc062723c751e8b465ee728b)  -> (artifact id: '50b159c216d7ddbed9939a38f3e35aae') in 0.021722 seconds
Number of updated asset objects reloaded before import = 0
Number of asset objects unloaded after import = 2
========================================================================
Received Import Request.
  Time since last request: 0.009771 seconds.
  path: Assets/TextMesh Pro/Examples & Extras/Resources/Fonts & Materials/Anton SDF - Sunny Days.mat
  artifactKey: Guid(6522f30e342599e4e9dd4cc2cc03c830) Importer(815301076,1909f56bfc062723c751e8b465ee728b)
Start importing Assets/TextMesh Pro/Examples & Extras/Resources/Fonts & Materials/Anton SDF - Sunny Days.mat using Guid(6522f30e342599e4e9dd4cc2cc03c830) Importer(815301076,1909f56bfc062723c751e8b465ee728b)  -> (artifact id: '4a23dfa425f0a4b2c37a65bd139c0736') in 0.012916 seconds
Number of updated asset objects reloaded before import = 0
Number of asset objects unloaded after import = 4
========================================================================
Received Import Request.
  Time since last request: 0.020528 seconds.
  path: Assets/Assets/Images/3성/사회과학대
  artifactKey: Guid(750e073a96ec2fd4697e086a52223f13) Importer(815301076,1909f56bfc062723c751e8b465ee728b)
Start importing Assets/Assets/Images/3성/사회과학대 using Guid(750e073a96ec2fd4697e086a52223f13) Importer(815301076,1909f56bfc062723c751e8b465ee728b)  -> (artifact id: '39e8e32cf88b110b28379418fe503baf') in 0.000534 seconds
Number of updated asset objects reloaded before import = 0
Number of asset objects unloaded after import = 0
========================================================================
Received Import Request.
  Time since last request: 0.038076 seconds.
  path: Assets/Assets/Images/1성/자연과학대/치토자연과학대 측면 모션(좌)/치토자연과학대 측면(좌)_00008.png
  artifactKey: Guid(99e01806b68e0524d802ad8a521f7684) Importer(815301076,1909f56bfc062723c751e8b465ee728b)
Start importing Assets/Assets/Images/1성/자연과학대/치토자연과학대 측면 모션(좌)/치토자연과학대 측면(좌)_00008.png using Guid(99e01806b68e0524d802ad8a521f7684) Importer(815301076,1909f56bfc062723c751e8b465ee728b)  -> (artifact id: '032caa82c29b4d7cd33e2bc198262fd5') in 0.028022 seconds
Number of updated asset objects reloaded before import = 0
Number of asset objects unloaded after import = 3
========================================================================
Received Import Request.
  Time since last request: 0.029214 seconds.
  path: Assets/Assets/Images/3성/정통대/치토정통대 정면 2/치토정통대 정면 2_00016.png
  artifactKey: Guid(ff08b721ab285ef439956a3cbeaf484a) Importer(815301076,1909f56bfc062723c751e8b465ee728b)
Start importing Assets/Assets/Images/3성/정통대/치토정통대 정면 2/치토정통대 정면 2_00016.png using Guid(ff08b721ab285ef439956a3cbeaf484a) Importer(815301076,1909f56bfc062723c751e8b465ee728b)  -> (artifact id: '192cc9d17a70c3514b9f636f95c12c98') in 0.026993 seconds
Number of updated asset objects reloaded before import = 0
Number of asset objects unloaded after import = 3
========================================================================
Received Import Request.
  Time since last request: 0.013184 seconds.
  path: Assets/TextMesh Pro/Resources/Style Sheets
  artifactKey: Guid(4aecb92fff08436c8303b10eab8da368) Importer(815301076,1909f56bfc062723c751e8b465ee728b)
Start importing Assets/TextMesh Pro/Resources/Style Sheets using Guid(4aecb92fff08436c8303b10eab8da368) Importer(815301076,1909f56bfc062723c751e8b465ee728b)  -> (artifact id: '056cf6914e695e5184ae907488c442f7') in 0.000472 seconds
Number of updated asset objects reloaded before import = 0
Number of asset objects unloaded after import = 0
========================================================================
Received Import Request.
  Time since last request: 0.033111 seconds.
  path: Assets/Assets/Images/1성/사회과학대/Sright.anim
  artifactKey: Guid(16c9fcff80de5f04cafd0f4de6843571) Importer(815301076,1909f56bfc062723c751e8b465ee728b)
Start importing Assets/Assets/Images/1성/사회과학대/Sright.anim using Guid(16c9fcff80de5f04cafd0f4de6843571) Importer(815301076,1909f56bfc062723c751e8b465ee728b)  -> (artifact id: '94db390e665a89099f001a50af170411') in 0.001326 seconds
Number of updated asset objects reloaded before import = 0
Number of asset objects unloaded after import = 1
========================================================================
Received Import Request.
  Time since last request: 0.008451 seconds.
  path: Assets/Assets/Images/2성/미디어/치토미디어 후면/치토미디어 후면_00014.png
  artifactKey: Guid(2b6334e3d3bbc7648a59012ad94d1ae0) Importer(815301076,1909f56bfc062723c751e8b465ee728b)
Start importing Assets/Assets/Images/2성/미디어/치토미디어 후면/치토미디어 후면_00014.png using Guid(2b6334e3d3bbc7648a59012ad94d1ae0) Importer(815301076,1909f56bfc062723c751e8b465ee728b)  -> (artifact id: '93aa0dc8c2418566abb70c484c68b2ab') in 0.021558 seconds
Number of updated asset objects reloaded before import = 0
Number of asset objects unloaded after import = 2
========================================================================
Received Import Request.
  Time since last request: 0.003680 seconds.
  path: Assets/Assets/Images/3성/미디어/치토미디어 후면 2/치토미디어 후면 2_00001.png
  artifactKey: Guid(5444aeed4e9f2244b82da8e32def0c10) Importer(815301076,1909f56bfc062723c751e8b465ee728b)
Start importing Assets/Assets/Images/3성/미디어/치토미디어 후면 2/치토미디어 후면 2_00001.png using Guid(5444aeed4e9f2244b82da8e32def0c10) Importer(815301076,1909f56bfc062723c751e8b465ee728b)  -> (artifact id: '8f6980d514eff94b73388f035d357459') in 0.021668 seconds
Number of updated asset objects reloaded before import = 0
Number of asset objects unloaded after import = 2
========================================================================
Received Import Request.
  Time since last request: 0.016952 seconds.
  path: Assets/Assets/Images/1성/소프트웨어 융합대/치토소융대 측면 모션(우)/치토소융대 측면(우)_00003.png
  artifactKey: Guid(2f502b7b7805d2c47a2a350f16d62fde) Importer(815301076,1909f56bfc062723c751e8b465ee728b)
Start importing Assets/Assets/Images/1성/소프트웨어 융합대/치토소융대 측면 모션(우)/치토소융대 측면(우)_00003.png using Guid(2f502b7b7805d2c47a2a350f16d62fde) Importer(815301076,1909f56bfc062723c751e8b465ee728b)  -> (artifact id: '4dd8e4fd6578c4d6508a28eb46dc1dfe') in 0.028206 seconds
Number of updated asset objects reloaded before import = 0
Number of asset objects unloaded after import = 3
========================================================================
Received Import Request.
  Time since last request: 0.004038 seconds.
  path: Assets/Assets/Images/2성/미디어/치토미디어 측면(좌)/치토미디어 측면(좌)_00013.png
  artifactKey: Guid(3dc2c9fa3b1a1fd4883ad2bee658a29d) Importer(815301076,1909f56bfc062723c751e8b465ee728b)
Start importing Assets/Assets/Images/2성/미디어/치토미디어 측면(좌)/치토미디어 측면(좌)_00013.png using Guid(3dc2c9fa3b1a1fd4883ad2bee658a29d) Importer(815301076,1909f56bfc062723c751e8b465ee728b)  -> (artifact id: '1d6ed300681bf269c2f3bb71820fee69') in 0.021402 seconds
Number of updated asset objects reloaded before import = 0
Number of asset objects unloaded after import = 2
========================================================================
Received Import Request.
  Time since last request: 0.019540 seconds.
  path: Assets/Assets/Images/3성/미디어/치토미디어 정면 2/치토미디어 정면 2_00005.png
  artifactKey: Guid(587b35e074744004ebc8a9a23e712e08) Importer(815301076,1909f56bfc062723c751e8b465ee728b)
Start importing Assets/Assets/Images/3성/미디어/치토미디어 정면 2/치토미디어 정면 2_00005.png using Guid(587b35e074744004ebc8a9a23e712e08) Importer(815301076,1909f56bfc062723c751e8b465ee728b)  -> (artifact id: '359033f6565a191de6c7eb983666c680') in 0.022322 seconds
Number of updated asset objects reloaded before import = 0
Number of asset objects unloaded after import = 2
========================================================================
Received Import Request.
  Time since last request: 0.002140 seconds.
  path: Assets/TextMesh Pro/Examples & Extras/Scripts/TMP_TextEventCheck.cs
  artifactKey: Guid(d736ce056cf444ca96e424f4d9c42b76) Importer(815301076,1909f56bfc062723c751e8b465ee728b)
Start importing Assets/TextMesh Pro/Examples & Extras/Scripts/TMP_TextEventCheck.cs using Guid(d736ce056cf444ca96e424f4d9c42b76) Importer(815301076,1909f56bfc062723c751e8b465ee728b)  -> (artifact id: '4f83c3e3db68e8b888605c39f0e1b407') in 0.000508 seconds
Number of updated asset objects reloaded before import = 0
Number of asset objects unloaded after import = 0
========================================================================
Received Import Request.
  Time since last request: 0.014736 seconds.
  path: Assets/Assets/Images/3성/자연과학대/자연과학대 측면(우)2/자연과학대 측면(우)2_00013.png
  artifactKey: Guid(115f757fba29b524fb3d6640ddbae4ab) Importer(815301076,1909f56bfc062723c751e8b465ee728b)
Start importing Assets/Assets/Images/3성/자연과학대/자연과학대 측면(우)2/자연과학대 측면(우)2_00013.png using Guid(115f757fba29b524fb3d6640ddbae4ab) Importer(815301076,1909f56bfc062723c751e8b465ee728b)  -> (artifact id: '12c8a05b20d6511b4319557bb237b0f9') in 0.028635 seconds
Number of updated asset objects reloaded before import = 0
Number of asset objects unloaded after import = 3
========================================================================
Received Import Request.
  Time since last request: 0.028520 seconds.
  path: Assets/Assets/Images/3성/인문대/치토인문대 정면 2/치토인문대 정면 2_00019.png
  artifactKey: Guid(f545f16468c8f94469658fdafb2e8036) Importer(815301076,1909f56bfc062723c751e8b465ee728b)
Start importing Assets/Assets/Images/3성/인문대/치토인문대 정면 2/치토인문대 정면 2_00019.png using Guid(f545f16468c8f94469658fdafb2e8036) Importer(815301076,1909f56bfc062723c751e8b465ee728b)  -> (artifact id: '88af9a689fc92327d6907548c340e9bf') in 0.028337 seconds
Number of updated asset objects reloaded before import = 0
Number of asset objects unloaded after import = 3
========================================================================
Received Import Request.
  Time since last request: 0.033953 seconds.
  path: Assets/Assets/Images/3성/자연과학대/자연과학대 측면(우)2/자연과학대 측면(우)2_00005.png
  artifactKey: Guid(c9ae89654eaad214eae001ac6046bbd0) Importer(815301076,1909f56bfc062723c751e8b465ee728b)
Start importing Assets/Assets/Images/3성/자연과학대/자연과학대 측면(우)2/자연과학대 측면(우)2_00005.png using Guid(c9ae89654eaad214eae001ac6046bbd0) Importer(815301076,1909f56bfc062723c751e8b465ee728b)  -> (artifact id: '591915e410815ac3b88dc6f02598b051') in 0.028331 seconds
Number of updated asset objects reloaded before import = 0
Number of asset objects unloaded after import = 3
========================================================================
Received Import Request.
  Time since last request: 0.061611 seconds.
  path: Assets/Assets/Images/3성/ㄱ.기본형
  artifactKey: Guid(f04a5c95c315a064b9edc6e71e3b9a3f) Importer(815301076,1909f56bfc062723c751e8b465ee728b)
Start importing Assets/Assets/Images/3성/ㄱ.기본형 using Guid(f04a5c95c315a064b9edc6e71e3b9a3f) Importer(815301076,1909f56bfc062723c751e8b465ee728b)  -> (artifact id: '6f557f47d14ad2b6aa2a0104dd609f7c') in 0.000548 seconds
Number of updated asset objects reloaded before import = 0
Number of asset objects unloaded after import = 0
========================================================================
Received Import Request.
  Time since last request: 0.024062 seconds.
  path: Assets/Assets/Images/2성/간호대/Nleft2.anim
  artifactKey: Guid(f7af6b4eca18f984ab65317238cf3457) Importer(815301076,1909f56bfc062723c751e8b465ee728b)
Start importing Assets/Assets/Images/2성/간호대/Nleft2.anim using Guid(f7af6b4eca18f984ab65317238cf3457) Importer(815301076,1909f56bfc062723c751e8b465ee728b)  -> (artifact id: '8ecef92bb7f9a4b3f7bad9abe22fba12') in 0.001362 seconds
Number of updated asset objects reloaded before import = 0
Number of asset objects unloaded after import = 1
========================================================================
Received Import Request.
  Time since last request: 0.005152 seconds.
  path: Assets/Prefabs/Chito_07.asset
  artifactKey: Guid(13f09de5f1a0239488b77ad4066b6995) Importer(815301076,1909f56bfc062723c751e8b465ee728b)
Start importing Assets/Prefabs/Chito_07.asset using Guid(13f09de5f1a0239488b77ad4066b6995) Importer(815301076,1909f56bfc062723c751e8b465ee728b)  -> (artifact id: 'ea74f365a9eaddbe664ab4eb1de9755a') in 0.004984 seconds
Number of updated asset objects reloaded before import = 0
Number of asset objects unloaded after import = 32
========================================================================
Received Import Request.
  Time since last request: 0.026103 seconds.
  path: Assets/Assets/Images/3성/미디어/치토미디어 후면 2/치토미디어 후면 2_00018.png
  artifactKey: Guid(dbc36936b91904d4f904e1d2d630dd23) Importer(815301076,1909f56bfc062723c751e8b465ee728b)
Start importing Assets/Assets/Images/3성/미디어/치토미디어 후면 2/치토미디어 후면 2_00018.png using Guid(dbc36936b91904d4f904e1d2d630dd23) Importer(815301076,1909f56bfc062723c751e8b465ee728b)  -> (artifact id: '5680299130c53898c4a8d2f61d963da1') in 0.022101 seconds
Number of updated asset objects reloaded before import = 0
Number of asset objects unloaded after import = 2
========================================================================
Received Import Request.
  Time since last request: 0.007759 seconds.
  path: Assets/TextMesh Pro/Examples & Extras/Resources/Fonts & Materials/Oswald Bold SDF.asset
  artifactKey: Guid(0161d805a3764c089bef00bfe00793f5) Importer(815301076,1909f56bfc062723c751e8b465ee728b)
Start importing Assets/TextMesh Pro/Examples & Extras/Resources/Fonts & Materials/Oswald Bold SDF.asset using Guid(0161d805a3764c089bef00bfe00793f5) Importer(815301076,1909f56bfc062723c751e8b465ee728b)  -> (artifact id: '3cf3603866df144cf69b6015400da2e5') in 0.012634 seconds
Number of updated asset objects reloaded before import = 0
Number of asset objects unloaded after import = 6
========================================================================
Received Import Request.
  Time since last request: 0.004063 seconds.
  path: Assets/Assets/Images/2성/정통대/치토정통대 정면
  artifactKey: Guid(3cc81195193962c42884f99f4fc13985) Importer(815301076,1909f56bfc062723c751e8b465ee728b)
Start importing Assets/Assets/Images/2성/정통대/치토정통대 정면 using Guid(3cc81195193962c42884f99f4fc13985) Importer(815301076,1909f56bfc062723c751e8b465ee728b)  -> (artifact id: '26a3831576f147f3d7d8356d934ff337') in 0.000416 seconds
Number of updated asset objects reloaded before import = 0
Number of asset objects unloaded after import = 0
========================================================================
Received Import Request.
  Time since last request: 0.007944 seconds.
  path: Assets/TextMesh Pro/Examples & Extras/Prefabs/Text Popup.prefab
  artifactKey: Guid(b06f0e6c1dfa4356ac918da1bb32c603) Importer(815301076,1909f56bfc062723c751e8b465ee728b)
Start importing Assets/TextMesh Pro/Examples & Extras/Prefabs/Text Popup.prefab using Guid(b06f0e6c1dfa4356ac918da1bb32c603) Importer(815301076,1909f56bfc062723c751e8b465ee728b)  -> (artifact id: '709f83b568e1b2f7d971cbdde409be91') in 0.022531 seconds
Number of updated asset objects reloaded before import = 0
Number of asset objects unloaded after import = 21
========================================================================
Received Import Request.
  Time since last request: 0.012501 seconds.
  path: Assets/Assets/Images/2성/미디어/치토미디어 정면/치토미디어 정면_00017.png
  artifactKey: Guid(892727896c765d741957362565a8d068) Importer(815301076,1909f56bfc062723c751e8b465ee728b)
Start importing Assets/Assets/Images/2성/미디어/치토미디어 정면/치토미디어 정면_00017.png using Guid(892727896c765d741957362565a8d068) Importer(815301076,1909f56bfc062723c751e8b465ee728b)  -> (artifact id: '6f063f8af5a0a7871970f94db7bdc5c9') in 0.022083 seconds
Number of updated asset objects reloaded before import = 0
Number of asset objects unloaded after import = 2
========================================================================
Received Import Request.
  Time since last request: 0.026365 seconds.
  path: Assets/Assets/Images/3성/인문대/치토인문대 정면 2/치토인문대 정면 2_00006.png
  artifactKey: Guid(0024e318bbbbb524db3e1cfbb601bb9f) Importer(815301076,1909f56bfc062723c751e8b465ee728b)
Start importing Assets/Assets/Images/3성/인문대/치토인문대 정면 2/치토인문대 정면 2_00006.png using Guid(0024e318bbbbb524db3e1cfbb601bb9f) Importer(815301076,1909f56bfc062723c751e8b465ee728b)  -> (artifact id: '975daa2e5fedb109275b400cd2161557') in 0.028233 seconds
Number of updated asset objects reloaded before import = 0
Number of asset objects unloaded after import = 3
========================================================================
Received Import Request.
  Time since last request: 0.011668 seconds.
  path: Assets/Assets/Images/1성/자연과학대/치토자연과학대 측면 모션(우)/치토자연과학대 측면(우)_00003.png
  artifactKey: Guid(2993f39369cd0024292dc1ac8866087b) Importer(815301076,1909f56bfc062723c751e8b465ee728b)
Start importing Assets/Assets/Images/1성/자연과학대/치토자연과학대 측면 모션(우)/치토자연과학대 측면(우)_00003.png using Guid(2993f39369cd0024292dc1ac8866087b) Importer(815301076,1909f56bfc062723c751e8b465ee728b)  -> (artifact id: 'feeaf5a70200b35b791b66f0fed72edc') in 0.025209 seconds
Number of updated asset objects reloaded before import = 0
Number of asset objects unloaded after import = 3
========================================================================
Received Import Request.
  Time since last request: 0.023563 seconds.
  path: Assets/Assets/Images/1성/소프트웨어 융합대/치토소융대 후면 모션/치토소융대 후면_00001.png
  artifactKey: Guid(03bf652694beb2541958a7e558b61c11) Importer(815301076,1909f56bfc062723c751e8b465ee728b)
Start importing Assets/Assets/Images/1성/소프트웨어 융합대/치토소융대 후면 모션/치토소융대 후면_00001.png using Guid(03bf652694beb2541958a7e558b61c11) Importer(815301076,1909f56bfc062723c751e8b465ee728b)  -> (artifact id: 'e60bbf3b0fb276737b937eb21c3280e9') in 0.027582 seconds
Number of updated asset objects reloaded before import = 0
Number of asset objects unloaded after import = 3
========================================================================
Received Import Request.
  Time since last request: 0.028881 seconds.
  path: Assets/Assets/Images/1성/의과/치토의과 측면 모션(좌)/치토의과 측면(좌)_00004.png
  artifactKey: Guid(aeea6719cbcadd4488f1258fe667ae55) Importer(815301076,1909f56bfc062723c751e8b465ee728b)
Start importing Assets/Assets/Images/1성/의과/치토의과 측면 모션(좌)/치토의과 측면(좌)_00004.png using Guid(aeea6719cbcadd4488f1258fe667ae55) Importer(815301076,1909f56bfc062723c751e8b465ee728b)  -> (artifact id: 'c565549b16058a8132bfe02ae135375e') in 0.025271 seconds
Number of updated asset objects reloaded before import = 0
Number of asset objects unloaded after import = 3
========================================================================
Received Import Request.
  Time since last request: 0.006675 seconds.
  path: Assets/Assets/Images/2성/미디어/치토미디어 측면(좌)/치토미디어 측면(좌)_00001.png
  artifactKey: Guid(e8db2628bde1ab940af1d36cfd13cfcf) Importer(815301076,1909f56bfc062723c751e8b465ee728b)
Start importing Assets/Assets/Images/2성/미디어/치토미디어 측면(좌)/치토미디어 측면(좌)_00001.png using Guid(e8db2628bde1ab940af1d36cfd13cfcf) Importer(815301076,1909f56bfc062723c751e8b465ee728b)  -> (artifact id: '5299137f831002b47919664eabb7d12d') in 0.021855 seconds
Number of updated asset objects reloaded before import = 0
Number of asset objects unloaded after import = 2
========================================================================
Received Import Request.
  Time since last request: 0.006204 seconds.
  path: Assets/Prefabs/Chito_01.asset
  artifactKey: Guid(80b20c82a6fe52b4bab0cac96f8bcc92) Importer(815301076,1909f56bfc062723c751e8b465ee728b)
Start importing Assets/Prefabs/Chito_01.asset using Guid(80b20c82a6fe52b4bab0cac96f8bcc92) Importer(815301076,1909f56bfc062723c751e8b465ee728b)  -> (artifact id: 'addec9659c6a5f103f839deafada2a42') in 0.013222 seconds
Number of updated asset objects reloaded before import = 0
Number of asset objects unloaded after import = 103
========================================================================
Received Import Request.
  Time since last request: 0.001121 seconds.
  path: Assets/Assets/Images/1성/약학대/M_Chito_anim.controller
  artifactKey: Guid(d5191358b2d49de4eab417f849e69568) Importer(815301076,1909f56bfc062723c751e8b465ee728b)
Start importing Assets/Assets/Images/1성/약학대/M_Chito_anim.controller using Guid(d5191358b2d49de4eab417f849e69568) Importer(815301076,1909f56bfc062723c751e8b465ee728b)  -> (artifact id: '6c30711751e54f1af3a4e163431f3b7d') in 0.002460 seconds
Number of updated asset objects reloaded before import = 0
Number of asset objects unloaded after import = 10
========================================================================
Received Import Request.
  Time since last request: 0.018184 seconds.
  path: Assets/Assets/Images/1성/인문대/치토인문대 측면(좌)
  artifactKey: Guid(06e66ef859badbd4cb878896d3333747) Importer(815301076,1909f56bfc062723c751e8b465ee728b)
Start importing Assets/Assets/Images/1성/인문대/치토인문대 측면(좌) using Guid(06e66ef859badbd4cb878896d3333747) Importer(815301076,1909f56bfc062723c751e8b465ee728b)  -> (artifact id: 'e6b445ec0a604756c3f2d8148a963b04') in 0.000463 seconds
Number of updated asset objects reloaded before import = 0
Number of asset objects unloaded after import = 0
========================================================================
Received Import Request.
  Time since last request: 0.001383 seconds.
  path: Assets/TextMesh Pro/Examples & Extras/Scenes/02 - Multi-line TextMesh Pro.unity
  artifactKey: Guid(251716609f634449bfe8ce75c0ed78fe) Importer(815301076,1909f56bfc062723c751e8b465ee728b)
Start importing Assets/TextMesh Pro/Examples & Extras/Scenes/02 - Multi-line TextMesh Pro.unity using Guid(251716609f634449bfe8ce75c0ed78fe) Importer(815301076,1909f56bfc062723c751e8b465ee728b)  -> (artifact id: '10652df31bd629d91dcc61eee0989c09') in 0.000443 seconds
Number of updated asset objects reloaded before import = 0
Number of asset objects unloaded after import = 0
========================================================================
Received Import Request.
  Time since last request: 0.015519 seconds.
  path: Assets/TextMesh Pro/Examples & Extras/Scripts/ShaderPropAnimator.cs
  artifactKey: Guid(2787a46a4dc848c1b4b7b9307b614bfd) Importer(815301076,1909f56bfc062723c751e8b465ee728b)
Start importing Assets/TextMesh Pro/Examples & Extras/Scripts/ShaderPropAnimator.cs using Guid(2787a46a4dc848c1b4b7b9307b614bfd) Importer(815301076,1909f56bfc062723c751e8b465ee728b)  -> (artifact id: 'd958513b0478e87fa39047a1891649ac') in 0.000485 seconds
Number of updated asset objects reloaded before import = 0
Number of asset objects unloaded after import = 0
========================================================================
Received Import Request.
  Time since last request: 0.025459 seconds.
  path: Assets/Assets/Images/2성/사회과학대/사과대 측면(우)
  artifactKey: Guid(130ad5d0439d5944998e23a66a73ed3d) Importer(815301076,1909f56bfc062723c751e8b465ee728b)
Start importing Assets/Assets/Images/2성/사회과학대/사과대 측면(우) using Guid(130ad5d0439d5944998e23a66a73ed3d) Importer(815301076,1909f56bfc062723c751e8b465ee728b)  -> (artifact id: '102339a7deb315a9ee880d3f5f052360') in 0.000538 seconds
Number of updated asset objects reloaded before import = 0
Number of asset objects unloaded after import = 0
========================================================================
Received Import Request.
  Time since last request: 0.012822 seconds.
  path: Assets/Assets/Images/1성/정통대/치토정통대 측면 모션(우)/치토정통대 측면(우)_00016.png
  artifactKey: Guid(2c411d8bb4adda74e9b9ca189e1c7d03) Importer(815301076,1909f56bfc062723c751e8b465ee728b)
Start importing Assets/Assets/Images/1성/정통대/치토정통대 측면 모션(우)/치토정통대 측면(우)_00016.png using Guid(2c411d8bb4adda74e9b9ca189e1c7d03) Importer(815301076,1909f56bfc062723c751e8b465ee728b)  -> (artifact id: '5740a2bcfb56a056267dfa510daa236d') in 0.025779 seconds
Number of updated asset objects reloaded before import = 0
Number of asset objects unloaded after import = 3
========================================================================
Received Import Request.
  Time since last request: 0.002113 seconds.
  path: Assets/Assets/Images/3성/자연과학대/치토자연과학대 측면(좌) 2
  artifactKey: Guid(204c50eac8644e745ba8c452f898f8aa) Importer(815301076,1909f56bfc062723c751e8b465ee728b)
Start importing Assets/Assets/Images/3성/자연과학대/치토자연과학대 측면(좌) 2 using Guid(204c50eac8644e745ba8c452f898f8aa) Importer(815301076,1909f56bfc062723c751e8b465ee728b)  -> (artifact id: '17710286e6b42990fc845d4d25d6ef80') in 0.000427 seconds
Number of updated asset objects reloaded before import = 0
Number of asset objects unloaded after import = 0
========================================================================
Received Import Request.
  Time since last request: 0.003409 seconds.
  path: Assets/Assets/Images/1성/정통대/치토정통대 측면 모션(좌)/치토정통대 측면(좌)_00001.png
  artifactKey: Guid(8a64d409f45a55b42abb2cb4bc5045d5) Importer(815301076,1909f56bfc062723c751e8b465ee728b)
Start importing Assets/Assets/Images/1성/정통대/치토정통대 측면 모션(좌)/치토정통대 측면(좌)_00001.png using Guid(8a64d409f45a55b42abb2cb4bc5045d5) Importer(815301076,1909f56bfc062723c751e8b465ee728b)  -> (artifact id: 'f98f4d00f213eda4acf0ebf0dbbc0b73') in 0.025330 seconds
Number of updated asset objects reloaded before import = 0
Number of asset objects unloaded after import = 3
========================================================================
Received Import Request.
  Time since last request: 0.019510 seconds.
  path: Assets/Assets/Images/2성/자연과학대/치토자연과학대 측면(좌)
  artifactKey: Guid(13c0b019b0a1c5349b22abbb82ed47c4) Importer(815301076,1909f56bfc062723c751e8b465ee728b)
Start importing Assets/Assets/Images/2성/자연과학대/치토자연과학대 측면(좌) using Guid(13c0b019b0a1c5349b22abbb82ed47c4) Importer(815301076,1909f56bfc062723c751e8b465ee728b)  -> (artifact id: '9fa15f789066c8d018d4b71aed00c865') in 0.000491 seconds
Number of updated asset objects reloaded before import = 0
Number of asset objects unloaded after import = 0
========================================================================
Received Import Request.
  Time since last request: 0.022738 seconds.
  path: Assets/Assets/Images/1성/의과/치토의과 측면 모션(우)/치토의과 측면(우)_00008.png
  artifactKey: Guid(23d634f37ed42234e83f6d6240be2fdf) Importer(815301076,1909f56bfc062723c751e8b465ee728b)
Start importing Assets/Assets/Images/1성/의과/치토의과 측면 모션(우)/치토의과 측면(우)_00008.png using Guid(23d634f37ed42234e83f6d6240be2fdf) Importer(815301076,1909f56bfc062723c751e8b465ee728b)  -> (artifact id: '4287d05261731f7a39fb083af9a7446c') in 0.026960 seconds
Number of updated asset objects reloaded before import = 0
Number of asset objects unloaded after import = 3
========================================================================
Received Import Request.
  Time since last request: 0.001615 seconds.
  path: Assets/Assets/Images/2성/소융대/치토소융대 후면
  artifactKey: Guid(f911f7096e456754c8cf961c7ab0c6dd) Importer(815301076,1909f56bfc062723c751e8b465ee728b)
Start importing Assets/Assets/Images/2성/소융대/치토소융대 후면 using Guid(f911f7096e456754c8cf961c7ab0c6dd) Importer(815301076,1909f56bfc062723c751e8b465ee728b)  -> (artifact id: '1140747c4ff05f89955463cb8ff5a3b9') in 0.000409 seconds
Number of updated asset objects reloaded before import = 0
Number of asset objects unloaded after import = 0
========================================================================
Received Import Request.
  Time since last request: 0.003538 seconds.
  path: Assets/Assets/Images/2성/미디어/치토미디어 측면(좌)/치토미디어 측면(좌)_00011.png
  artifactKey: Guid(c0c463634baf67545aa951467636706b) Importer(815301076,1909f56bfc062723c751e8b465ee728b)
Start importing Assets/Assets/Images/2성/미디어/치토미디어 측면(좌)/치토미디어 측면(좌)_00011.png using Guid(c0c463634baf67545aa951467636706b) Importer(815301076,1909f56bfc062723c751e8b465ee728b)  -> (artifact id: '89fc90949da8cc93c91737b44debaa3e') in 0.021651 seconds
Number of updated asset objects reloaded before import = 0
Number of asset objects unloaded after import = 2
========================================================================
Received Import Request.
  Time since last request: 0.010455 seconds.
  path: Assets/Prefabs/Chito_02.asset
  artifactKey: Guid(a36f75d2fd75cd14ab3342ea0341bb13) Importer(815301076,1909f56bfc062723c751e8b465ee728b)
Start importing Assets/Prefabs/Chito_02.asset using Guid(a36f75d2fd75cd14ab3342ea0341bb13) Importer(815301076,1909f56bfc062723c751e8b465ee728b)  -> (artifact id: 'a2fbbfce00181b458596ad2063a62884') in 0.012875 seconds
Number of updated asset objects reloaded before import = 0
Number of asset objects unloaded after import = 95
========================================================================
Received Import Request.
  Time since last request: 0.023051 seconds.
  path: Assets/Assets/Images/3성/인문대/인문대 측면(우)2/치토인문대 측면(우) 2_00009.png
  artifactKey: Guid(3c5d89acfc32e7844b395a9bf33d9a7c) Importer(815301076,1909f56bfc062723c751e8b465ee728b)
Start importing Assets/Assets/Images/3성/인문대/인문대 측면(우)2/치토인문대 측면(우) 2_00009.png using Guid(3c5d89acfc32e7844b395a9bf33d9a7c) Importer(815301076,1909f56bfc062723c751e8b465ee728b)  -> (artifact id: '88f976a4358710765aafc37f8566e01b') in 0.028371 seconds
Number of updated asset objects reloaded before import = 0
Number of asset objects unloaded after import = 3
========================================================================
Received Import Request.
  Time since last request: 0.021302 seconds.
  path: Assets/Assets/Images/1성/인문대/치토인문대 측면(우)
  artifactKey: Guid(d2dd0e3f7d6c3fc49973ad0ffae3c8f9) Importer(815301076,1909f56bfc062723c751e8b465ee728b)
Start importing Assets/Assets/Images/1성/인문대/치토인문대 측면(우) using Guid(d2dd0e3f7d6c3fc49973ad0ffae3c8f9) Importer(815301076,1909f56bfc062723c751e8b465ee728b)  -> (artifact id: '7d907f87684b889a0fa5633e1cf883da') in 0.000509 seconds
Number of updated asset objects reloaded before import = 0
Number of asset objects unloaded after import = 0
========================================================================
Received Import Request.
  Time since last request: 0.021531 seconds.
  path: Assets/Assets/Images/3성/자연과학대/치토자연과학대 정면 2/치토자연과학대 정면 2_00014.png
  artifactKey: Guid(d6017af78464e0a47b63f266a32b353f) Importer(815301076,1909f56bfc062723c751e8b465ee728b)
Start importing Assets/Assets/Images/3성/자연과학대/치토자연과학대 정면 2/치토자연과학대 정면 2_00014.png using Guid(d6017af78464e0a47b63f266a32b353f) Importer(815301076,1909f56bfc062723c751e8b465ee728b)  -> (artifact id: '3ee7ee62c3d436a4f25b335f4b31509e') in 0.027539 seconds
Number of updated asset objects reloaded before import = 0
Number of asset objects unloaded after import = 3
========================================================================
Received Import Request.
  Time since last request: 0.036522 seconds.
  path: Assets/Assets/Images/1성/자연과학대/치토자연과학대 측면 모션(좌)/치토자연과학대 측면(좌)_00003.png
  artifactKey: Guid(ca53c5b22b945be40a0046661c5c47c3) Importer(815301076,1909f56bfc062723c751e8b465ee728b)
Start importing Assets/Assets/Images/1성/자연과학대/치토자연과학대 측면 모션(좌)/치토자연과학대 측면(좌)_00003.png using Guid(ca53c5b22b945be40a0046661c5c47c3) Importer(815301076,1909f56bfc062723c751e8b465ee728b)  -> (artifact id: '00bcd0d7eaba2c02dd0554bb16faf2a3') in 0.028144 seconds
Number of updated asset objects reloaded before import = 0
Number of asset objects unloaded after import = 3
========================================================================
Received Import Request.
  Time since last request: 0.003938 seconds.
  path: Assets/Assets/Images/2성/미디어/치토미디어 후면/치토미디어 후면_00018.png
  artifactKey: Guid(1818e5eec5106b849a31893720312ff9) Importer(815301076,1909f56bfc062723c751e8b465ee728b)
Start importing Assets/Assets/Images/2성/미디어/치토미디어 후면/치토미디어 후면_00018.png using Guid(1818e5eec5106b849a31893720312ff9) Importer(815301076,1909f56bfc062723c751e8b465ee728b)  -> (artifact id: '70335e31e69e92badbfdbc0bbcfdecf7') in 0.021547 seconds
Number of updated asset objects reloaded before import = 0
Number of asset objects unloaded after import = 2
========================================================================
Received Import Request.
  Time since last request: 0.053560 seconds.
  path: Assets/Assets/Images/3성/인문대/치토인문대 정면 2/치토인문대 정면 2_00004.png
  artifactKey: Guid(94addb73958b22a4cb2b12f22ac1606b) Importer(815301076,1909f56bfc062723c751e8b465ee728b)
Start importing Assets/Assets/Images/3성/인문대/치토인문대 정면 2/치토인문대 정면 2_00004.png using Guid(94addb73958b22a4cb2b12f22ac1606b) Importer(815301076,1909f56bfc062723c751e8b465ee728b)  -> (artifact id: '3bc8b2ad1f4e987ffa4f4ab8e228d6cb') in 0.029012 seconds
Number of updated asset objects reloaded before import = 0
Number of asset objects unloaded after import = 3
========================================================================
Received Import Request.
  Time since last request: 0.024130 seconds.
  path: Assets/Assets/Images/2성/미디어/미디어 측면(우)/치토미디어 측면(우)_00007.png
  artifactKey: Guid(2e4b452ff764e2b48a5c5ca1444c1026) Importer(815301076,1909f56bfc062723c751e8b465ee728b)
Start importing Assets/Assets/Images/2성/미디어/미디어 측면(우)/치토미디어 측면(우)_00007.png using Guid(2e4b452ff764e2b48a5c5ca1444c1026) Importer(815301076,1909f56bfc062723c751e8b465ee728b)  -> (artifact id: 'e344ce526f8a9d437ae38d8dbff12013') in 0.022045 seconds
Number of updated asset objects reloaded before import = 0
Number of asset objects unloaded after import = 2
========================================================================
Received Import Request.
  Time since last request: 0.027614 seconds.
  path: Assets/Assets/Images/2성/간호대/Nup2.anim
  artifactKey: Guid(7370e444f0ecb2f49ba063d6219fb4c8) Importer(815301076,1909f56bfc062723c751e8b465ee728b)
Start importing Assets/Assets/Images/2성/간호대/Nup2.anim using Guid(7370e444f0ecb2f49ba063d6219fb4c8) Importer(815301076,1909f56bfc062723c751e8b465ee728b)  -> (artifact id: '7eef5ad696264332284cc1ae7a873411') in 0.001360 seconds
Number of updated asset objects reloaded before import = 0
Number of asset objects unloaded after import = 1
========================================================================
Received Import Request.
  Time since last request: 0.008144 seconds.
  path: Assets/Assets/Images/1성/공대/Gleft.anim
  artifactKey: Guid(f00bfae8d7ab71b419a946bccae1052e) Importer(815301076,1909f56bfc062723c751e8b465ee728b)
Start importing Assets/Assets/Images/1성/공대/Gleft.anim using Guid(f00bfae8d7ab71b419a946bccae1052e) Importer(815301076,1909f56bfc062723c751e8b465ee728b)  -> (artifact id: 'fa34c84b0b87d34b8d3008b15c2943a9') in 0.001259 seconds
Number of updated asset objects reloaded before import = 0
Number of asset objects unloaded after import = 1
========================================================================
Received Import Request.
  Time since last request: 0.015398 seconds.
  path: Assets/TextMesh Pro/Examples & Extras/Scripts/WarpTextExample.cs
  artifactKey: Guid(790744c462254b7ba8038e6ed28b3db2) Importer(815301076,1909f56bfc062723c751e8b465ee728b)
Start importing Assets/TextMesh Pro/Examples & Extras/Scripts/WarpTextExample.cs using Guid(790744c462254b7ba8038e6ed28b3db2) Importer(815301076,1909f56bfc062723c751e8b465ee728b)  -> (artifact id: 'e7cd33b3f045430755711bee79fcae82') in 0.000515 seconds
Number of updated asset objects reloaded before import = 0
Number of asset objects unloaded after import = 0
========================================================================
Received Import Request.
  Time since last request: 0.020605 seconds.
  path: Assets/Assets/Images/3성/미디어/치토미디어 측면(좌) 2/치토미디어 측면(좌) 2_00006.png
  artifactKey: Guid(5a4077a41ce04f54aa1a7f5d2d41100c) Importer(815301076,1909f56bfc062723c751e8b465ee728b)
Start importing Assets/Assets/Images/3성/미디어/치토미디어 측면(좌) 2/치토미디어 측면(좌) 2_00006.png using Guid(5a4077a41ce04f54aa1a7f5d2d41100c) Importer(815301076,1909f56bfc062723c751e8b465ee728b)  -> (artifact id: '4b0aa25c648f06fff54c00a77a783b57') in 0.021997 seconds
Number of updated asset objects reloaded before import = 0
Number of asset objects unloaded after import = 2
========================================================================
Received Import Request.
  Time since last request: 0.013843 seconds.
  path: Assets/Assets/Images/3성/간호대/치토간호대 후면 2
  artifactKey: Guid(1997644b483e661459138a243873c6c6) Importer(815301076,1909f56bfc062723c751e8b465ee728b)
Start importing Assets/Assets/Images/3성/간호대/치토간호대 후면 2 using Guid(1997644b483e661459138a243873c6c6) Importer(815301076,1909f56bfc062723c751e8b465ee728b)  -> (artifact id: 'e7a8b6fd5ba3b269b4f800314bedc6ad') in 0.000494 seconds
Number of updated asset objects reloaded before import = 0
Number of asset objects unloaded after import = 0
========================================================================
Received Import Request.
  Time since last request: 0.038060 seconds.
  path: Assets/Assets/Images/2성/미디어/미디어 측면(우)/치토미디어 측면(우)_00004.png
  artifactKey: Guid(d96b481f671a3b541895a99dc2058c7e) Importer(815301076,1909f56bfc062723c751e8b465ee728b)
Start importing Assets/Assets/Images/2성/미디어/미디어 측면(우)/치토미디어 측면(우)_00004.png using Guid(d96b481f671a3b541895a99dc2058c7e) Importer(815301076,1909f56bfc062723c751e8b465ee728b)  -> (artifact id: '46e1794873091e5ae7147a734fe3b869') in 0.022107 seconds
Number of updated asset objects reloaded before import = 0
Number of asset objects unloaded after import = 2
========================================================================
Received Import Request.
  Time since last request: 0.005335 seconds.
  path: Assets/TextMesh Pro/Documentation
  artifactKey: Guid(8e7e8f5a82a3a134e91c54efd2274ea9) Importer(815301076,1909f56bfc062723c751e8b465ee728b)
Start importing Assets/TextMesh Pro/Documentation using Guid(8e7e8f5a82a3a134e91c54efd2274ea9) Importer(815301076,1909f56bfc062723c751e8b465ee728b)  -> (artifact id: '1284b6d9112892823920c4a518038a02') in 0.000438 seconds
Number of updated asset objects reloaded before import = 0
Number of asset objects unloaded after import = 0
========================================================================
Received Import Request.
  Time since last request: 0.007837 seconds.
  path: Assets/TextMesh Pro/Examples & Extras/Resources/Fonts & Materials/LiberationSans SDF - Soft Mask.mat
  artifactKey: Guid(42df1c7856584b6b8db9a509b6b10074) Importer(815301076,1909f56bfc062723c751e8b465ee728b)
Start importing Assets/TextMesh Pro/Examples & Extras/Resources/Fonts & Materials/LiberationSans SDF - Soft Mask.mat using Guid(42df1c7856584b6b8db9a509b6b10074) Importer(815301076,1909f56bfc062723c751e8b465ee728b)  -> (artifact id: 'a970016511c371eaf6d7b57207a42aae') in 0.019170 seconds
Number of updated asset objects reloaded before import = 0
Number of asset objects unloaded after import = 3
========================================================================
Received Import Request.
  Time since last request: 0.004072 seconds.
  path: Assets/Assets/Images/3성/미디어/치토미디어 정면 2/치토미디어 정면 2_00001.png
  artifactKey: Guid(f7e17a70e901e574cb4d3c12bd494211) Importer(815301076,1909f56bfc062723c751e8b465ee728b)
Start importing Assets/Assets/Images/3성/미디어/치토미디어 정면 2/치토미디어 정면 2_00001.png using Guid(f7e17a70e901e574cb4d3c12bd494211) Importer(815301076,1909f56bfc062723c751e8b465ee728b)  -> (artifact id: '642d34eaa911b8391fa8e8e3a77a3087') in 0.022073 seconds
Number of updated asset objects reloaded before import = 0
Number of asset objects unloaded after import = 2
========================================================================
Received Import Request.
  Time since last request: 0.031110 seconds.
  path: Assets/Assets/Images/3성/자연과학대/자연과학대 측면(우)2/자연과학대 측면(우)2_00014.png
  artifactKey: Guid(df03b65996075084f91b6b6597b3d78b) Importer(815301076,1909f56bfc062723c751e8b465ee728b)
Start importing Assets/Assets/Images/3성/자연과학대/자연과학대 측면(우)2/자연과학대 측면(우)2_00014.png using Guid(df03b65996075084f91b6b6597b3d78b) Importer(815301076,1909f56bfc062723c751e8b465ee728b)  -> (artifact id: '72861f244825157868cff56bad6422d0') in 0.028384 seconds
Number of updated asset objects reloaded before import = 0
Number of asset objects unloaded after import = 3
========================================================================
Received Import Request.
  Time since last request: 0.002266 seconds.
  path: Assets/Scenes/Main_Battle_Scene.unity
  artifactKey: Guid(795913231e800a04785b8a281e86b234) Importer(815301076,1909f56bfc062723c751e8b465ee728b)
Start importing Assets/Scenes/Main_Battle_Scene.unity using Guid(795913231e800a04785b8a281e86b234) Importer(815301076,1909f56bfc062723c751e8b465ee728b)  -> (artifact id: '1881e13148e3fa71e32972a72672c181') in 0.000531 seconds
Number of updated asset objects reloaded before import = 0
Number of asset objects unloaded after import = 0
========================================================================
Received Import Request.
  Time since last request: 0.041409 seconds.
  path: Assets/Assets/Images/1성/의과/치토의과 측면 모션(좌)/치토의과 측면(좌)_00006.png
  artifactKey: Guid(1dd75c3c1034ffe4bb75b24ba4024845) Importer(815301076,1909f56bfc062723c751e8b465ee728b)
Start importing Assets/Assets/Images/1성/의과/치토의과 측면 모션(좌)/치토의과 측면(좌)_00006.png using Guid(1dd75c3c1034ffe4bb75b24ba4024845) Importer(815301076,1909f56bfc062723c751e8b465ee728b)  -> (artifact id: '48ab5685d680b36dc4eb6670e85de745') in 0.027726 seconds
Number of updated asset objects reloaded before import = 0
Number of asset objects unloaded after import = 3
========================================================================
Received Import Request.
  Time since last request: 0.003636 seconds.
  path: Assets/Assets/Images/3성/미디어/치토미디어 정면 2/치토미디어 정면 2_00014.png
  artifactKey: Guid(2b56c6956a2d74e41af84e83acd70c96) Importer(815301076,1909f56bfc062723c751e8b465ee728b)
Start importing Assets/Assets/Images/3성/미디어/치토미디어 정면 2/치토미디어 정면 2_00014.png using Guid(2b56c6956a2d74e41af84e83acd70c96) Importer(815301076,1909f56bfc062723c751e8b465ee728b)  -> (artifact id: '7a69fbde871fde0cd0f9446580e24d5d') in 0.021941 seconds
Number of updated asset objects reloaded before import = 0
Number of asset objects unloaded after import = 2
========================================================================
Received Import Request.
  Time since last request: 0.023341 seconds.
  path: Assets/Assets/Images/3성/인문대/인문대 측면(우)2/치토인문대 측면(우) 2_00013.png
  artifactKey: Guid(5df1b8c6a6506dc4dbf57406415cd5f2) Importer(815301076,1909f56bfc062723c751e8b465ee728b)
Start importing Assets/Assets/Images/3성/인문대/인문대 측면(우)2/치토인문대 측면(우) 2_00013.png using Guid(5df1b8c6a6506dc4dbf57406415cd5f2) Importer(815301076,1909f56bfc062723c751e8b465ee728b)  -> (artifact id: '580f9aa168b80006e9d31eaa52f004aa') in 0.028545 seconds
Number of updated asset objects reloaded before import = 0
Number of asset objects unloaded after import = 3
========================================================================
Received Import Request.
  Time since last request: 0.014660 seconds.
  path: Assets/TextMesh Pro/Documentation/TextMesh Pro User Guide 2016.pdf
  artifactKey: Guid(1b8d251f9af63b746bf2f7ffe00ebb9b) Importer(815301076,1909f56bfc062723c751e8b465ee728b)
Start importing Assets/TextMesh Pro/Documentation/TextMesh Pro User Guide 2016.pdf using Guid(1b8d251f9af63b746bf2f7ffe00ebb9b) Importer(815301076,1909f56bfc062723c751e8b465ee728b)  -> (artifact id: 'b77d945af6f2a2ba96621f031f3cbc4d') in 0.000930 seconds
Number of updated asset objects reloaded before import = 0
Number of asset objects unloaded after import = 1
========================================================================
Received Import Request.
  Time since last request: 0.021110 seconds.
  path: Assets/Prefabs/Chito_05.asset
  artifactKey: Guid(d029c7a104c9ab44aaa60aaafd2c5c9e) Importer(815301076,1909f56bfc062723c751e8b465ee728b)
Start importing Assets/Prefabs/Chito_05.asset using Guid(d029c7a104c9ab44aaa60aaafd2c5c9e) Importer(815301076,1909f56bfc062723c751e8b465ee728b)  -> (artifact id: '4da62cf9dd4d4ec491787bb23367bf29') in 0.004753 seconds
Number of updated asset objects reloaded before import = 0
Number of asset objects unloaded after import = 27
========================================================================
Received Import Request.
  Time since last request: 0.015818 seconds.
  path: Assets/TextMesh Pro/Examples & Extras/Scenes/18 - ScrollRect & Masking & Layout.unity
  artifactKey: Guid(03f9d74cec8e4b94a29d2dfd177c821b) Importer(815301076,1909f56bfc062723c751e8b465ee728b)
Start importing Assets/TextMesh Pro/Examples & Extras/Scenes/18 - ScrollRect & Masking & Layout.unity using Guid(03f9d74cec8e4b94a29d2dfd177c821b) Importer(815301076,1909f56bfc062723c751e8b465ee728b)  -> (artifact id: 'e1d97e6370e5aa7b23cc9997da5ac4d1') in 0.000541 seconds
Number of updated asset objects reloaded before import = 0
Number of asset objects unloaded after import = 0
========================================================================
Received Import Request.
  Time since last request: 0.007224 seconds.
  path: Assets/Assets/Images/3성/정통대/치토정통대 정면 2/치토정통대 정면 2_00000.png
  artifactKey: Guid(3208b6578bb2ee64eb003cd63dd2c9a2) Importer(815301076,1909f56bfc062723c751e8b465ee728b)
Start importing Assets/Assets/Images/3성/정통대/치토정통대 정면 2/치토정통대 정면 2_00000.png using Guid(3208b6578bb2ee64eb003cd63dd2c9a2) Importer(815301076,1909f56bfc062723c751e8b465ee728b)  -> (artifact id: '2286432b5312d1d97794847f9567da4a') in 0.028352 seconds
Number of updated asset objects reloaded before import = 0
Number of asset objects unloaded after import = 3
========================================================================
Received Import Request.
  Time since last request: 0.002155 seconds.
  path: Assets/TextMesh Pro/Shaders/TMPro_Surface.cginc
  artifactKey: Guid(d930090c0cd643c7b55f19a38538c162) Importer(815301076,1909f56bfc062723c751e8b465ee728b)
Start importing Assets/TextMesh Pro/Shaders/TMPro_Surface.cginc using Guid(d930090c0cd643c7b55f19a38538c162) Importer(815301076,1909f56bfc062723c751e8b465ee728b)  -> (artifact id: '9c686a485411b244d6b24147d7663491') in 0.000922 seconds
Number of updated asset objects reloaded before import = 0
Number of asset objects unloaded after import = 1
========================================================================
Received Import Request.
  Time since last request: 0.003133 seconds.
  path: Assets/Assets/Images/3성/정통대/치토정통대 정면 2/치토정통대 정면 2_00013.png
  artifactKey: Guid(a30fd5295fc481148b75edcb42fb37b2) Importer(815301076,1909f56bfc062723c751e8b465ee728b)
Start importing Assets/Assets/Images/3성/정통대/치토정통대 정면 2/치토정통대 정면 2_00013.png using Guid(a30fd5295fc481148b75edcb42fb37b2) Importer(815301076,1909f56bfc062723c751e8b465ee728b)  -> (artifact id: '58edb1210fb1eedfbff48abb250b2198') in 0.026280 seconds
Number of updated asset objects reloaded before import = 0
Number of asset objects unloaded after import = 3
========================================================================
Received Import Request.
  Time since last request: 0.026815 seconds.
  path: Assets/TextMesh Pro/Examples & Extras/Scripts/TMP_DigitValidator.cs
  artifactKey: Guid(1a7eb92a01ed499a987bde9def05fbce) Importer(815301076,1909f56bfc062723c751e8b465ee728b)
Start importing Assets/TextMesh Pro/Examples & Extras/Scripts/TMP_DigitValidator.cs using Guid(1a7eb92a01ed499a987bde9def05fbce) Importer(815301076,1909f56bfc062723c751e8b465ee728b)  -> (artifact id: '19cb004014576aa6f23bef4ca07a509c') in 0.000587 seconds
Number of updated asset objects reloaded before import = 0
Number of asset objects unloaded after import = 0
========================================================================
Received Import Request.
  Time since last request: 0.000940 seconds.
  path: Assets/Assets/Images/2성/간호대/치토간호대 후면
  artifactKey: Guid(da5cd1282d1d00f4b92873b9a99419f7) Importer(815301076,1909f56bfc062723c751e8b465ee728b)
Start importing Assets/Assets/Images/2성/간호대/치토간호대 후면 using Guid(da5cd1282d1d00f4b92873b9a99419f7) Importer(815301076,1909f56bfc062723c751e8b465ee728b)  -> (artifact id: '1a6f83fa6ce2bcae18198007daaeeed3') in 0.000388 seconds
Number of updated asset objects reloaded before import = 0
Number of asset objects unloaded after import = 0
========================================================================
Received Import Request.
  Time since last request: 0.021876 seconds.
  path: Assets/Assets/Images/2성/미디어/미디어 측면(우)/치토미디어 측면(우)_00002.png
  artifactKey: Guid(1b68f1ec222543b49b65a3fd6f02a4ae) Importer(815301076,1909f56bfc062723c751e8b465ee728b)
Start importing Assets/Assets/Images/2성/미디어/미디어 측면(우)/치토미디어 측면(우)_00002.png using Guid(1b68f1ec222543b49b65a3fd6f02a4ae) Importer(815301076,1909f56bfc062723c751e8b465ee728b)  -> (artifact id: '3948fb7ab05d11240c729701af8f5d45') in 0.022175 seconds
Number of updated asset objects reloaded before import = 0
Number of asset objects unloaded after import = 2
========================================================================
Received Import Request.
  Time since last request: 0.056187 seconds.
  path: Assets/Assets/Images/1성/소프트웨어 융합대/치토소융대 측면 모션(우)/치토소융대 측면(우)_00001.png
  artifactKey: Guid(3868e9021b69864489cec05373d7c5bf) Importer(815301076,1909f56bfc062723c751e8b465ee728b)
Start importing Assets/Assets/Images/1성/소프트웨어 융합대/치토소융대 측면 모션(우)/치토소융대 측면(우)_00001.png using Guid(3868e9021b69864489cec05373d7c5bf) Importer(815301076,1909f56bfc062723c751e8b465ee728b)  -> (artifact id: 'c4631f55964a2556087194a9ed23f35e') in 0.027085 seconds
Number of updated asset objects reloaded before import = 0
Number of asset objects unloaded after import = 3
========================================================================
Received Import Request.
  Time since last request: 0.006938 seconds.
  path: Assets/Assets/Images/1성/소프트웨어 융합대/치토소융대 측면 모션(좌)/치토소융대 측면(좌)_00019.png
  artifactKey: Guid(96dc7ed4d6738214ea9feb51bd668b8c) Importer(815301076,1909f56bfc062723c751e8b465ee728b)
Start importing Assets/Assets/Images/1성/소프트웨어 융합대/치토소융대 측면 모션(좌)/치토소융대 측면(좌)_00019.png using Guid(96dc7ed4d6738214ea9feb51bd668b8c) Importer(815301076,1909f56bfc062723c751e8b465ee728b)  -> (artifact id: 'c66d00ce44422f06ca6b1d98598879c3') in 0.030551 seconds
Number of updated asset objects reloaded before import = 0
Number of asset objects unloaded after import = 3
========================================================================
Received Import Request.
  Time since last request: 0.009455 seconds.
  path: Assets/Assets/Images/2성/소융대
  artifactKey: Guid(4f500802f3a3dbd46b862e8c6ece7437) Importer(815301076,1909f56bfc062723c751e8b465ee728b)
Start importing Assets/Assets/Images/2성/소융대 using Guid(4f500802f3a3dbd46b862e8c6ece7437) Importer(815301076,1909f56bfc062723c751e8b465ee728b)  -> (artifact id: 'f0c88b9f9087ae537a124a0c3b786768') in 0.000452 seconds
Number of updated asset objects reloaded before import = 0
Number of asset objects unloaded after import = 0
========================================================================
Received Import Request.
  Time since last request: 0.005253 seconds.
  path: Assets/TextMesh Pro/Examples & Extras/Resources/Fonts & Materials/Bangers SDF - Outline.mat
  artifactKey: Guid(f629c6e43dba4bf38cb74d8860150664) Importer(815301076,1909f56bfc062723c751e8b465ee728b)
Start importing Assets/TextMesh Pro/Examples & Extras/Resources/Fonts & Materials/Bangers SDF - Outline.mat using Guid(f629c6e43dba4bf38cb74d8860150664) Importer(815301076,1909f56bfc062723c751e8b465ee728b)  -> (artifact id: '1fd060388a1d9b75af81cd528779aff0') in 0.011390 seconds
Number of updated asset objects reloaded before import = 0
Number of asset objects unloaded after import = 2
========================================================================
Received Import Request.
  Time since last request: 0.004794 seconds.
  path: Assets/Assets/Images/3성/인문대/치토인문대 정면 2
  artifactKey: Guid(9949b8f08a0d17448a8a5e66ec8a1456) Importer(815301076,1909f56bfc062723c751e8b465ee728b)
Start importing Assets/Assets/Images/3성/인문대/치토인문대 정면 2 using Guid(9949b8f08a0d17448a8a5e66ec8a1456) Importer(815301076,1909f56bfc062723c751e8b465ee728b)  -> (artifact id: '216079156c912ead6c3d1046526ca8e9') in 0.000427 seconds
Number of updated asset objects reloaded before import = 0
Number of asset objects unloaded after import = 0
========================================================================
Received Import Request.
  Time since last request: 0.031081 seconds.
  path: Assets/Assets/Images/2성/미디어/치토미디어 후면/치토미디어 후면_00017.png
  artifactKey: Guid(78af08594c9a3dc40965f615bccd7722) Importer(815301076,1909f56bfc062723c751e8b465ee728b)
Start importing Assets/Assets/Images/2성/미디어/치토미디어 후면/치토미디어 후면_00017.png using Guid(78af08594c9a3dc40965f615bccd7722) Importer(815301076,1909f56bfc062723c751e8b465ee728b)  -> (artifact id: '5f834191686cc033acd7a83307b4e204') in 0.022616 seconds
Number of updated asset objects reloaded before import = 0
Number of asset objects unloaded after import = 2
========================================================================
Received Import Request.
  Time since last request: 0.008725 seconds.
  path: Assets/Assets/Images/3성/의과/치토의과 후면 2
  artifactKey: Guid(d78ab0a4e09bea944a0cca30d4c738fd) Importer(815301076,1909f56bfc062723c751e8b465ee728b)
Start importing Assets/Assets/Images/3성/의과/치토의과 후면 2 using Guid(d78ab0a4e09bea944a0cca30d4c738fd) Importer(815301076,1909f56bfc062723c751e8b465ee728b)  -> (artifact id: 'f8b4780d36dae4ad5c5d0fd21b486c17') in 0.000496 seconds
Number of updated asset objects reloaded before import = 0
Number of asset objects unloaded after import = 0
========================================================================
Received Import Request.
  Time since last request: 0.014795 seconds.
  path: Assets/Assets/Images/2성/간호대/치토간호대 측면(좌)
  artifactKey: Guid(862ae7f220274d6449e84f16a8b6a6b4) Importer(815301076,1909f56bfc062723c751e8b465ee728b)
Start importing Assets/Assets/Images/2성/간호대/치토간호대 측면(좌) using Guid(862ae7f220274d6449e84f16a8b6a6b4) Importer(815301076,1909f56bfc062723c751e8b465ee728b)  -> (artifact id: '33d75fcc36b122ec7f0ebfde94932ec4') in 0.000456 seconds
Number of updated asset objects reloaded before import = 0
Number of asset objects unloaded after import = 0
========================================================================
Received Import Request.
  Time since last request: 0.008814 seconds.
  path: Assets/Assets/Images/1성/약학대/치토약학대 측면 모션(좌)/치토약학대 측면(좌)_00003.png
  artifactKey: Guid(36dd22d6765fc994689b108dec202860) Importer(815301076,1909f56bfc062723c751e8b465ee728b)
Start importing Assets/Assets/Images/1성/약학대/치토약학대 측면 모션(좌)/치토약학대 측면(좌)_00003.png using Guid(36dd22d6765fc994689b108dec202860) Importer(815301076,1909f56bfc062723c751e8b465ee728b)  -> (artifact id: 'dea749a8e5b80f32786c3d46c32e89f9') in 0.026853 seconds
Number of updated asset objects reloaded before import = 0
Number of asset objects unloaded after import = 3
========================================================================
Received Import Request.
  Time since last request: 0.021116 seconds.
  path: Assets/Assets/Images/1성/소프트웨어 융합대/치토소융대 측면 모션(우)/치토소융대 측면(우)_00012.png
  artifactKey: Guid(349d769933b3c80498e6de1a2010e734) Importer(815301076,1909f56bfc062723c751e8b465ee728b)
Start importing Assets/Assets/Images/1성/소프트웨어 융합대/치토소융대 측면 모션(우)/치토소융대 측면(우)_00012.png using Guid(349d769933b3c80498e6de1a2010e734) Importer(815301076,1909f56bfc062723c751e8b465ee728b)  -> (artifact id: '3ce7f590670a6885d0008ee67326cade') in 0.027725 seconds
Number of updated asset objects reloaded before import = 0
Number of asset objects unloaded after import = 3
========================================================================
Received Import Request.
  Time since last request: 0.009633 seconds.
  path: Assets/Assets/Images/2성/미디어/치토미디어 측면(좌)/치토미디어 측면(좌)_00019.png
  artifactKey: Guid(387c9010b1d989043a2d2ba55559d4de) Importer(815301076,1909f56bfc062723c751e8b465ee728b)
Start importing Assets/Assets/Images/2성/미디어/치토미디어 측면(좌)/치토미디어 측면(좌)_00019.png using Guid(387c9010b1d989043a2d2ba55559d4de) Importer(815301076,1909f56bfc062723c751e8b465ee728b)  -> (artifact id: '147d89b3fee1b9a80c04fb0cf81c65b9') in 0.023079 seconds
Number of updated asset objects reloaded before import = 0
Number of asset objects unloaded after import = 2
========================================================================
Received Import Request.
  Time since last request: 0.033895 seconds.
  path: Assets/Assets/Images/2성/미디어/치토미디어 정면/치토미디어 정면_00011.png
  artifactKey: Guid(b9193391d4922df4084a8a8c013d92df) Importer(815301076,1909f56bfc062723c751e8b465ee728b)
Start importing Assets/Assets/Images/2성/미디어/치토미디어 정면/치토미디어 정면_00011.png using Guid(b9193391d4922df4084a8a8c013d92df) Importer(815301076,1909f56bfc062723c751e8b465ee728b)  -> (artifact id: '0d6b86bad16911edaa547842012b035f') in 0.022476 seconds
Number of updated asset objects reloaded before import = 0
Number of asset objects unloaded after import = 2
========================================================================
Received Import Request.
  Time since last request: 0.002197 seconds.
  path: Assets/TextMesh Pro/Examples & Extras/Textures/Wipe Pattern - Radial Quad.psd
  artifactKey: Guid(2b5e9ae96c5644d8bae932f8b4ca68a2) Importer(815301076,1909f56bfc062723c751e8b465ee728b)
Start importing Assets/TextMesh Pro/Examples & Extras/Textures/Wipe Pattern - Radial Quad.psd using Guid(2b5e9ae96c5644d8bae932f8b4ca68a2) Importer(815301076,1909f56bfc062723c751e8b465ee728b)  -> (artifact id: 'd93e848381c0c88c0702a4aa0f092485') in 0.020899 seconds
Number of updated asset objects reloaded before import = 0
Number of asset objects unloaded after import = 2
========================================================================
Received Import Request.
  Time since last request: 0.024392 seconds.
  path: Assets/Assets/Images/3성/미디어/치토미디어 측면(좌) 2/치토미디어 측면(좌) 2_00001.png
  artifactKey: Guid(4ef9049efe69b9546a901cb3fc46cd87) Importer(815301076,1909f56bfc062723c751e8b465ee728b)
Start importing Assets/Assets/Images/3성/미디어/치토미디어 측면(좌) 2/치토미디어 측면(좌) 2_00001.png using Guid(4ef9049efe69b9546a901cb3fc46cd87) Importer(815301076,1909f56bfc062723c751e8b465ee728b)  -> (artifact id: 'c200903c2f4119b75af3a7c2cf2f4b18') in 0.022219 seconds
Number of updated asset objects reloaded before import = 0
Number of asset objects unloaded after import = 2
========================================================================
Received Import Request.
  Time since last request: 0.011170 seconds.
  path: Assets/Assets/Images/1성/소프트웨어 융합대/치토소융대 측면 모션(좌)/치토소융대 측면(좌)_00025.png
  artifactKey: Guid(e22042acc57446546b976757606c412d) Importer(815301076,1909f56bfc062723c751e8b465ee728b)
Start importing Assets/Assets/Images/1성/소프트웨어 융합대/치토소융대 측면 모션(좌)/치토소융대 측면(좌)_00025.png using Guid(e22042acc57446546b976757606c412d) Importer(815301076,1909f56bfc062723c751e8b465ee728b)  -> (artifact id: '0dbfbefc37a5198d7bde4817e88a5f36') in 0.027680 seconds
Number of updated asset objects reloaded before import = 0
Number of asset objects unloaded after import = 3
========================================================================
Received Import Request.
  Time since last request: 0.016519 seconds.
  path: Assets/TextMesh Pro/Examples & Extras/Textures/Fruit Jelly (B&W).jpg
  artifactKey: Guid(1cdc5b506b1a4a33a53c30669ced1f51) Importer(815301076,1909f56bfc062723c751e8b465ee728b)
Start importing Assets/TextMesh Pro/Examples & Extras/Textures/Fruit Jelly (B&W).jpg using Guid(1cdc5b506b1a4a33a53c30669ced1f51) Importer(815301076,1909f56bfc062723c751e8b465ee728b)  -> (artifact id: 'e328a807d4ecc9e724aafafb6b0967e3') in 0.022388 seconds
Number of updated asset objects reloaded before import = 0
Number of asset objects unloaded after import = 2
========================================================================
Received Import Request.
  Time since last request: 0.003547 seconds.
  path: Assets/Assets/Images/3성/약학대
  artifactKey: Guid(c06bdf97d9446dd45aa4e18064d34f76) Importer(815301076,1909f56bfc062723c751e8b465ee728b)
Start importing Assets/Assets/Images/3성/약학대 using Guid(c06bdf97d9446dd45aa4e18064d34f76) Importer(815301076,1909f56bfc062723c751e8b465ee728b)  -> (artifact id: '411ecedb0fb8317c0708c1faec9d1273') in 0.000419 seconds
Number of updated asset objects reloaded before import = 0
Number of asset objects unloaded after import = 0
========================================================================
Received Import Request.
  Time since last request: 0.001325 seconds.
  path: Assets/Assets/Images/3성/간호대/Ndown3.anim
  artifactKey: Guid(6cc045acd356b9342b2fe78093bd7db4) Importer(815301076,1909f56bfc062723c751e8b465ee728b)
Start importing Assets/Assets/Images/3성/간호대/Ndown3.anim using Guid(6cc045acd356b9342b2fe78093bd7db4) Importer(815301076,1909f56bfc062723c751e8b465ee728b)  -> (artifact id: 'f8602bf5610b9f6f1233994f952a0236') in 0.001187 seconds
Number of updated asset objects reloaded before import = 0
Number of asset objects unloaded after import = 1
========================================================================
Received Import Request.
  Time since last request: 0.009184 seconds.
  path: Assets/Assets/Images/2성/미디어/미디어 측면(우)/치토미디어 측면(우)_00010.png
  artifactKey: Guid(464f4ff6ac8572746b0e2f1a56e53c8a) Importer(815301076,1909f56bfc062723c751e8b465ee728b)
Start importing Assets/Assets/Images/2성/미디어/미디어 측면(우)/치토미디어 측면(우)_00010.png using Guid(464f4ff6ac8572746b0e2f1a56e53c8a) Importer(815301076,1909f56bfc062723c751e8b465ee728b)  -> (artifact id: '2b1757cbcf06e3142d85af76f82bd188') in 0.022018 seconds
Number of updated asset objects reloaded before import = 0
Number of asset objects unloaded after import = 2
========================================================================
Received Import Request.
  Time since last request: 0.004447 seconds.
  path: Assets/Assets/Images/3성/정통대/치토정통대 정면 2/치토정통대 정면 2_00011.png
  artifactKey: Guid(cae34e878e8707c41adc5fb2e80f2320) Importer(815301076,1909f56bfc062723c751e8b465ee728b)
Start importing Assets/Assets/Images/3성/정통대/치토정통대 정면 2/치토정통대 정면 2_00011.png using Guid(cae34e878e8707c41adc5fb2e80f2320) Importer(815301076,1909f56bfc062723c751e8b465ee728b)  -> (artifact id: 'f63afea4fc641e71edab0ce6bb9d51e7') in 0.029391 seconds
Number of updated asset objects reloaded before import = 0
Number of asset objects unloaded after import = 3
========================================================================
Received Import Request.
  Time since last request: 0.003683 seconds.
  path: Assets/Assets/Images/3성/미디어/치토미디어 측면(좌) 2/치토미디어 측면(좌) 2_00009.png
  artifactKey: Guid(f55135d73f5c1f54f8e522d43811bed7) Importer(815301076,1909f56bfc062723c751e8b465ee728b)
Start importing Assets/Assets/Images/3성/미디어/치토미디어 측면(좌) 2/치토미디어 측면(좌) 2_00009.png using Guid(f55135d73f5c1f54f8e522d43811bed7) Importer(815301076,1909f56bfc062723c751e8b465ee728b)  -> (artifact id: '27002ce666d206fc3927c3ec4ef782ca') in 0.021056 seconds
Number of updated asset objects reloaded before import = 0
Number of asset objects unloaded after import = 2
========================================================================
Received Import Request.
  Time since last request: 0.006997 seconds.
  path: Assets/TextMesh Pro/Shaders/TMP_Bitmap-Mobile.shader
  artifactKey: Guid(1e3b057af24249748ff873be7fafee47) Importer(815301076,1909f56bfc062723c751e8b465ee728b)
Start importing Assets/TextMesh Pro/Shaders/TMP_Bitmap-Mobile.shader using Guid(1e3b057af24249748ff873be7fafee47) Importer(815301076,1909f56bfc062723c751e8b465ee728b)  -> (artifact id: 'c171eff0afc2acfc68db067ffa4caaa5') in 0.000730 seconds
Number of updated asset objects reloaded before import = 0
Number of asset objects unloaded after import = 0
========================================================================
Received Import Request.
  Time since last request: 0.003578 seconds.
  path: Assets/Assets/Images/1성/약학대/치토약학대 측면 모션(좌)/치토약학대 측면(좌)_00000.png
  artifactKey: Guid(ec0bc48ff51df6d45b33cab8499c372e) Importer(815301076,1909f56bfc062723c751e8b465ee728b)
Start importing Assets/Assets/Images/1성/약학대/치토약학대 측면 모션(좌)/치토약학대 측면(좌)_00000.png using Guid(ec0bc48ff51df6d45b33cab8499c372e) Importer(815301076,1909f56bfc062723c751e8b465ee728b)  -> (artifact id: '4a22fa4d63cecbb79f160a1f352fe23b') in 0.027582 seconds
Number of updated asset objects reloaded before import = 0
Number of asset objects unloaded after import = 3
========================================================================
Received Import Request.
  Time since last request: 0.002078 seconds.
  path: Assets/Assets/Images/2성/약학대/Mdown2.anim
  artifactKey: Guid(23a65e0857be2a446a0cca67096de8d5) Importer(815301076,1909f56bfc062723c751e8b465ee728b)
Start importing Assets/Assets/Images/2성/약학대/Mdown2.anim using Guid(23a65e0857be2a446a0cca67096de8d5) Importer(815301076,1909f56bfc062723c751e8b465ee728b)  -> (artifact id: 'd0af81b18e156f47971f2c50e6b7c106') in 0.001211 seconds
Number of updated asset objects reloaded before import = 0
Number of asset objects unloaded after import = 1
========================================================================
Received Import Request.
  Time since last request: 0.048058 seconds.
  path: Assets/Assets/Images/1성/소프트웨어 융합대/치토소융대 측면 모션(좌)/치토소융대 측면(좌)_00013.png
  artifactKey: Guid(b0b65af9fb819944da33790bef936183) Importer(815301076,1909f56bfc062723c751e8b465ee728b)
Start importing Assets/Assets/Images/1성/소프트웨어 융합대/치토소융대 측면 모션(좌)/치토소융대 측면(좌)_00013.png using Guid(b0b65af9fb819944da33790bef936183) Importer(815301076,1909f56bfc062723c751e8b465ee728b)  -> (artifact id: '1b2b9febe056d59063230644dc8f6015') in 0.027684 seconds
Number of updated asset objects reloaded before import = 0
Number of asset objects unloaded after import = 3
========================================================================
Received Import Request.
  Time since last request: 0.011348 seconds.
  path: Assets/Assets/Images/1성/약학대/치토약학대 측면 모션(좌)/치토약학대 측면(좌)_00009.png
  artifactKey: Guid(8c643c6483b2e394188c63bdf7533676) Importer(815301076,1909f56bfc062723c751e8b465ee728b)
Start importing Assets/Assets/Images/1성/약학대/치토약학대 측면 모션(좌)/치토약학대 측면(좌)_00009.png using Guid(8c643c6483b2e394188c63bdf7533676) Importer(815301076,1909f56bfc062723c751e8b465ee728b)  -> (artifact id: 'ffd31a2d6add8028fceb850507ebcb4e') in 0.026679 seconds
Number of updated asset objects reloaded before import = 0
Number of asset objects unloaded after import = 3
========================================================================
Received Import Request.
  Time since last request: 0.019303 seconds.
  path: Assets/TextMesh Pro/Examples & Extras/Resources/Fonts & Materials/Roboto-Bold SDF.asset
  artifactKey: Guid(5302535af1044152a457ed104f1f4b91) Importer(815301076,1909f56bfc062723c751e8b465ee728b)
Start importing Assets/TextMesh Pro/Examples & Extras/Resources/Fonts & Materials/Roboto-Bold SDF.asset using Guid(5302535af1044152a457ed104f1f4b91) Importer(815301076,1909f56bfc062723c751e8b465ee728b)  -> (artifact id: '4e8d904365340d043009296e5de7781d') in 0.010575 seconds
Number of updated asset objects reloaded before import = 0
Number of asset objects unloaded after import = 6
========================================================================
Received Import Request.
  Time since last request: 0.030999 seconds.
  path: Assets/TextMesh Pro/Shaders/TMP_SDF-Mobile.shader
  artifactKey: Guid(fe393ace9b354375a9cb14cdbbc28be4) Importer(815301076,1909f56bfc062723c751e8b465ee728b)
Start importing Assets/TextMesh Pro/Shaders/TMP_SDF-Mobile.shader using Guid(fe393ace9b354375a9cb14cdbbc28be4) Importer(815301076,1909f56bfc062723c751e8b465ee728b)  -> (artifact id: '643c3881714037fc3adcc25912c581ef') in 0.000811 seconds
Number of updated asset objects reloaded before import = 0
Number of asset objects unloaded after import = 0
========================================================================
Received Import Request.
  Time since last request: 0.032962 seconds.
  path: Assets/TextMesh Pro/Shaders/TMP_Bitmap.shader
  artifactKey: Guid(128e987d567d4e2c824d754223b3f3b0) Importer(815301076,1909f56bfc062723c751e8b465ee728b)
Start importing Assets/TextMesh Pro/Shaders/TMP_Bitmap.shader using Guid(128e987d567d4e2c824d754223b3f3b0) Importer(815301076,1909f56bfc062723c751e8b465ee728b)  -> (artifact id: '77b78122955bfa6c12444b9b3218c7b9') in 0.000779 seconds
Number of updated asset objects reloaded before import = 0
Number of asset objects unloaded after import = 0
========================================================================
Received Import Request.
  Time since last request: 0.146141 seconds.
  path: Assets/Assets/Images/1성/소프트웨어 융합대/치토소융대 측면 모션(좌)/치토소융대 측면(좌)_00027.png
  artifactKey: Guid(596ded146cf2ae54f951f537c4231a99) Importer(815301076,1909f56bfc062723c751e8b465ee728b)
Start importing Assets/Assets/Images/1성/소프트웨어 융합대/치토소융대 측면 모션(좌)/치토소융대 측면(좌)_00027.png using Guid(596ded146cf2ae54f951f537c4231a99) Importer(815301076,1909f56bfc062723c751e8b465ee728b)  -> (artifact id: '3866f897a5b1f7007f7293698f181cd1') in 0.027872 seconds
Number of updated asset objects reloaded before import = 0
Number of asset objects unloaded after import = 3
========================================================================
Received Import Request.
  Time since last request: 0.013981 seconds.
  path: Assets/Assets/Images/3성/간호대/Nright3.anim
  artifactKey: Guid(1a195d3bdb60ec74999edc6ee03920d3) Importer(815301076,1909f56bfc062723c751e8b465ee728b)
Start importing Assets/Assets/Images/3성/간호대/Nright3.anim using Guid(1a195d3bdb60ec74999edc6ee03920d3) Importer(815301076,1909f56bfc062723c751e8b465ee728b)  -> (artifact id: '9da6ca70dfe1059f87a5e2f15ae01588') in 0.001276 seconds
Number of updated asset objects reloaded before import = 0
Number of asset objects unloaded after import = 1
========================================================================
Received Import Request.
  Time since last request: 0.006706 seconds.
  path: Assets/Scripts/Jin/ProjectileRange.cs
  artifactKey: Guid(9498ab75c2f3d5f4baabe02d5d744fb6) Importer(815301076,1909f56bfc062723c751e8b465ee728b)
Start importing Assets/Scripts/Jin/ProjectileRange.cs using Guid(9498ab75c2f3d5f4baabe02d5d744fb6) Importer(815301076,1909f56bfc062723c751e8b465ee728b)  -> (artifact id: 'de308be6f4bbb29736589411db1e9ae7') in 0.000553 seconds
Number of updated asset objects reloaded before import = 0
Number of asset objects unloaded after import = 0
========================================================================
Received Import Request.
  Time since last request: 0.002437 seconds.
  path: Assets/TextMesh Pro/Fonts
  artifactKey: Guid(11b9ba6e2aa0cdf4e82ba140b1f01fe3) Importer(815301076,1909f56bfc062723c751e8b465ee728b)
Start importing Assets/TextMesh Pro/Fonts using Guid(11b9ba6e2aa0cdf4e82ba140b1f01fe3) Importer(815301076,1909f56bfc062723c751e8b465ee728b)  -> (artifact id: '70e7cf046d5f483f4fe86f94ceb70ebf') in 0.000442 seconds
Number of updated asset objects reloaded before import = 0
Number of asset objects unloaded after import = 0
========================================================================
Received Import Request.
  Time since last request: 0.019168 seconds.
  path: Assets/Assets/Images/2성/미디어/치토미디어 측면(좌)/치토미디어 측면(좌)_00006.png
  artifactKey: Guid(fe3374781bbab8c408b97cb5a1cd5daa) Importer(815301076,1909f56bfc062723c751e8b465ee728b)
Start importing Assets/Assets/Images/2성/미디어/치토미디어 측면(좌)/치토미디어 측면(좌)_00006.png using Guid(fe3374781bbab8c408b97cb5a1cd5daa) Importer(815301076,1909f56bfc062723c751e8b465ee728b)  -> (artifact id: '66e2734dc7e0ee0bcabde8eeda54bb2f') in 0.022201 seconds
Number of updated asset objects reloaded before import = 0
Number of asset objects unloaded after import = 2
========================================================================
Received Import Request.
  Time since last request: 0.011101 seconds.
  path: Assets/TextMesh Pro/Shaders/TMPro_Properties.cginc
  artifactKey: Guid(3997e2241185407d80309a82f9148466) Importer(815301076,1909f56bfc062723c751e8b465ee728b)
Start importing Assets/TextMesh Pro/Shaders/TMPro_Properties.cginc using Guid(3997e2241185407d80309a82f9148466) Importer(815301076,1909f56bfc062723c751e8b465ee728b)  -> (artifact id: 'fb17b39ab37ff5c4a0c347358e9d790f') in 0.001013 seconds
Number of updated asset objects reloaded before import = 0
Number of asset objects unloaded after import = 1
========================================================================
Received Import Request.
  Time since last request: 0.004014 seconds.
  path: Assets/Assets/Images/2성/미디어/치토미디어 후면/치토미디어 후면_00011.png
  artifactKey: Guid(6c892a6f09489594098508085e327894) Importer(815301076,1909f56bfc062723c751e8b465ee728b)
Start importing Assets/Assets/Images/2성/미디어/치토미디어 후면/치토미디어 후면_00011.png using Guid(6c892a6f09489594098508085e327894) Importer(815301076,1909f56bfc062723c751e8b465ee728b)  -> (artifact id: '68a0840edca5c38b3378af287653ea51') in 0.021220 seconds
Number of updated asset objects reloaded before import = 0
Number of asset objects unloaded after import = 2
========================================================================
Received Import Request.
  Time since last request: 0.003869 seconds.
  path: Assets/Assets/Images/2성/미디어/치토미디어 후면/치토미디어 후면_00015.png
  artifactKey: Guid(2383b278d3f474346883aa53673c8fd2) Importer(815301076,1909f56bfc062723c751e8b465ee728b)
Start importing Assets/Assets/Images/2성/미디어/치토미디어 후면/치토미디어 후면_00015.png using Guid(2383b278d3f474346883aa53673c8fd2) Importer(815301076,1909f56bfc062723c751e8b465ee728b)  -> (artifact id: 'ee068b4655bf9ab1911f1ff1ed69f8a9') in 0.021143 seconds
Number of updated asset objects reloaded before import = 0
Number of asset objects unloaded after import = 2
========================================================================
Received Import Request.
  Time since last request: 0.027844 seconds.
  path: Assets/TextMesh Pro/Examples & Extras/Resources/Color Gradient Presets
  artifactKey: Guid(7f422cd1388b01047a58cd07c7a23d9d) Importer(815301076,1909f56bfc062723c751e8b465ee728b)
Start importing Assets/TextMesh Pro/Examples & Extras/Resources/Color Gradient Presets using Guid(7f422cd1388b01047a58cd07c7a23d9d) Importer(815301076,1909f56bfc062723c751e8b465ee728b)  -> (artifact id: 'd4b3c3319c7b42776e499e41578a39ad') in 0.000603 seconds
Number of updated asset objects reloaded before import = 0
Number of asset objects unloaded after import = 0
========================================================================
Received Import Request.
  Time since last request: 0.011735 seconds.
  path: Assets/TextMesh Pro/Examples & Extras/Textures/Wipe Pattern - Radial Double.psd
  artifactKey: Guid(7631f4eff8f74ed38eb3eb9db17134e1) Importer(815301076,1909f56bfc062723c751e8b465ee728b)
Start importing Assets/TextMesh Pro/Examples & Extras/Textures/Wipe Pattern - Radial Double.psd using Guid(7631f4eff8f74ed38eb3eb9db17134e1) Importer(815301076,1909f56bfc062723c751e8b465ee728b)  -> (artifact id: '7c7e1c26c9e21de0b56999daab9932ee') in 0.020792 seconds
Number of updated asset objects reloaded before import = 0
Number of asset objects unloaded after import = 2
========================================================================
Received Import Request.
  Time since last request: 0.033253 seconds.
  path: Assets/TextMesh Pro/Examples & Extras/Textures/Gradient Vertical (Color).jpg
  artifactKey: Guid(03d0538de6e24c0f819bfc9ce084dfa9) Importer(815301076,1909f56bfc062723c751e8b465ee728b)
Start importing Assets/TextMesh Pro/Examples & Extras/Textures/Gradient Vertical (Color).jpg using Guid(03d0538de6e24c0f819bfc9ce084dfa9) Importer(815301076,1909f56bfc062723c751e8b465ee728b)  -> (artifact id: '789ea50700f18a4563ff923a3769b93e') in 0.021192 seconds
Number of updated asset objects reloaded before import = 0
Number of asset objects unloaded after import = 2
========================================================================
Received Import Request.
  Time since last request: 0.020040 seconds.
  path: Assets/Assets/Images/1성/소프트웨어 융합대/치토소융대 측면 모션(우)/치토소융대 측면(우)_00036.png
  artifactKey: Guid(f898043724146b540a4492cd43647663) Importer(815301076,1909f56bfc062723c751e8b465ee728b)
Start importing Assets/Assets/Images/1성/소프트웨어 융합대/치토소융대 측면 모션(우)/치토소융대 측면(우)_00036.png using Guid(f898043724146b540a4492cd43647663) Importer(815301076,1909f56bfc062723c751e8b465ee728b)  -> (artifact id: '302454b275b342ab3acb9a3bb478a9b0') in 0.027827 seconds
Number of updated asset objects reloaded before import = 0
Number of asset objects unloaded after import = 3
========================================================================
Received Import Request.
  Time since last request: 0.005261 seconds.
  path: Assets/Assets/Images/2성/공대/치토공대 측면(좌)
  artifactKey: Guid(36378dc2c9c1062468c86d3ccacb08ac) Importer(815301076,1909f56bfc062723c751e8b465ee728b)
Start importing Assets/Assets/Images/2성/공대/치토공대 측면(좌) using Guid(36378dc2c9c1062468c86d3ccacb08ac) Importer(815301076,1909f56bfc062723c751e8b465ee728b)  -> (artifact id: 'ce0d684184c9270d437fb8a2f2b3211b') in 0.000449 seconds
Number of updated asset objects reloaded before import = 0
Number of asset objects unloaded after import = 0
========================================================================
Received Import Request.
  Time since last request: 0.016261 seconds.
  path: Assets/Assets/Images/3성/자연과학대
  artifactKey: Guid(65cb2b91208ff6849b04d9bfdee9cbe5) Importer(815301076,1909f56bfc062723c751e8b465ee728b)
Start importing Assets/Assets/Images/3성/자연과학대 using Guid(65cb2b91208ff6849b04d9bfdee9cbe5) Importer(815301076,1909f56bfc062723c751e8b465ee728b)  -> (artifact id: 'c209a629924c62445d88ca32adf0907b') in 0.000424 seconds
Number of updated asset objects reloaded before import = 0
Number of asset objects unloaded after import = 0
========================================================================
Received Import Request.
  Time since last request: 0.013437 seconds.
  path: Assets/Assets/Images/3성/미디어/치토미디어 측면(좌) 2/치토미디어 측면(좌) 2_00014.png
  artifactKey: Guid(780202bdcbdcfc048af0ae7dcf7e0826) Importer(815301076,1909f56bfc062723c751e8b465ee728b)
Start importing Assets/Assets/Images/3성/미디어/치토미디어 측면(좌) 2/치토미디어 측면(좌) 2_00014.png using Guid(780202bdcbdcfc048af0ae7dcf7e0826) Importer(815301076,1909f56bfc062723c751e8b465ee728b)  -> (artifact id: '6995d5bbad8bd4641b97bc0cc168aa10') in 0.021757 seconds
Number of updated asset objects reloaded before import = 0
Number of asset objects unloaded after import = 2
========================================================================
Received Import Request.
  Time since last request: 0.006069 seconds.
  path: Assets/Assets/Images/3성/인문대/치토인문대 정면 2/치토인문대 정면 2_00008.png
  artifactKey: Guid(887db91aed4dc3c478145ac302be2aed) Importer(815301076,1909f56bfc062723c751e8b465ee728b)
Start importing Assets/Assets/Images/3성/인문대/치토인문대 정면 2/치토인문대 정면 2_00008.png using Guid(887db91aed4dc3c478145ac302be2aed) Importer(815301076,1909f56bfc062723c751e8b465ee728b)  -> (artifact id: 'b0a30ac77debf0d2d3fe9a6040752128') in 0.026374 seconds
Number of updated asset objects reloaded before import = 0
Number of asset objects unloaded after import = 3
========================================================================
Received Import Request.
  Time since last request: 0.044204 seconds.
  path: Assets/Assets/Images/2성/미디어/치토미디어 측면(좌)
  artifactKey: Guid(a299a4bf4092c8b45bebb42d6c8e3c6c) Importer(815301076,1909f56bfc062723c751e8b465ee728b)
Start importing Assets/Assets/Images/2성/미디어/치토미디어 측면(좌) using Guid(a299a4bf4092c8b45bebb42d6c8e3c6c) Importer(815301076,1909f56bfc062723c751e8b465ee728b)  -> (artifact id: 'ce8949dafb0f8c0e490e60c5b7640f63') in 0.000594 seconds
Number of updated asset objects reloaded before import = 0
Number of asset objects unloaded after import = 0
========================================================================
Received Import Request.
  Time since last request: 0.015243 seconds.
  path: Assets/Assets/Images/3성/인문대/치토인문대 정면 2/치토인문대 정면 2_00016.png
  artifactKey: Guid(01dc6be9e054a804f9508935ab62dc73) Importer(815301076,1909f56bfc062723c751e8b465ee728b)
Start importing Assets/Assets/Images/3성/인문대/치토인문대 정면 2/치토인문대 정면 2_00016.png using Guid(01dc6be9e054a804f9508935ab62dc73) Importer(815301076,1909f56bfc062723c751e8b465ee728b)  -> (artifact id: '0b35f6d7f5f69a8af999c8b7c5e7eeb4') in 0.027824 seconds
Number of updated asset objects reloaded before import = 0
Number of asset objects unloaded after import = 3
========================================================================
Received Import Request.
  Time since last request: 0.005149 seconds.
  path: Assets/Assets/Images/3성/미디어/치토미디어 후면 2/치토미디어 후면 2_00012.png
  artifactKey: Guid(57313caf5090f4e4dae130c86dcb9e4e) Importer(815301076,1909f56bfc062723c751e8b465ee728b)
Start importing Assets/Assets/Images/3성/미디어/치토미디어 후면 2/치토미디어 후면 2_00012.png using Guid(57313caf5090f4e4dae130c86dcb9e4e) Importer(815301076,1909f56bfc062723c751e8b465ee728b)  -> (artifact id: '0425ea62a0a5635cb0e37a9cde6e9aca') in 0.021753 seconds
Number of updated asset objects reloaded before import = 0
Number of asset objects unloaded after import = 2
========================================================================
Received Import Request.
  Time since last request: 0.003671 seconds.
  path: Assets/Assets/Images/1성/소프트웨어 융합대/치토소융대 측면 모션(좌)/치토소융대 측면(좌)_00026.png
  artifactKey: Guid(244d2281dd9366a4e91d8130fd3f4918) Importer(815301076,1909f56bfc062723c751e8b465ee728b)
Start importing Assets/Assets/Images/1성/소프트웨어 융합대/치토소융대 측면 모션(좌)/치토소융대 측면(좌)_00026.png using Guid(244d2281dd9366a4e91d8130fd3f4918) Importer(815301076,1909f56bfc062723c751e8b465ee728b)  -> (artifact id: '4afaf18305a2b9b388183757d76bdd4f') in 0.025824 seconds
Number of updated asset objects reloaded before import = 0
Number of asset objects unloaded after import = 3
========================================================================
Received Import Request.
  Time since last request: 0.004043 seconds.
  path: Assets/Assets/Images/1성/정통대/치토정통대 측면 모션(좌)/치토정통대 측면(좌)_00006.png
  artifactKey: Guid(89a5284a95511e54f9556f644616c1c1) Importer(815301076,1909f56bfc062723c751e8b465ee728b)
Start importing Assets/Assets/Images/1성/정통대/치토정통대 측면 모션(좌)/치토정통대 측면(좌)_00006.png using Guid(89a5284a95511e54f9556f644616c1c1) Importer(815301076,1909f56bfc062723c751e8b465ee728b)  -> (artifact id: '6888655ec30c336d4ec270109e91e300') in 0.026715 seconds
Number of updated asset objects reloaded before import = 0
Number of asset objects unloaded after import = 3
========================================================================
Received Import Request.
  Time since last request: 0.002191 seconds.
  path: Assets/TextMesh Pro/Examples & Extras/Scripts/Benchmark02.cs
  artifactKey: Guid(e8538afcddc14efbb5d9e94b7ae50197) Importer(815301076,1909f56bfc062723c751e8b465ee728b)
Start importing Assets/TextMesh Pro/Examples & Extras/Scripts/Benchmark02.cs using Guid(e8538afcddc14efbb5d9e94b7ae50197) Importer(815301076,1909f56bfc062723c751e8b465ee728b)  -> (artifact id: 'c9ebb5a957ab430549667b7f1dc6dcc3') in 0.000496 seconds
Number of updated asset objects reloaded before import = 0
Number of asset objects unloaded after import = 0
========================================================================
Received Import Request.
  Time since last request: 0.039534 seconds.
  path: Assets/Assets/Images/1성/소프트웨어 융합대/치토소융대 측면 모션(좌)/치토소융대 측면(좌)_00024.png
  artifactKey: Guid(cce7b0faf4157a947a3442b0cfe8c805) Importer(815301076,1909f56bfc062723c751e8b465ee728b)
Start importing Assets/Assets/Images/1성/소프트웨어 융합대/치토소융대 측면 모션(좌)/치토소융대 측면(좌)_00024.png using Guid(cce7b0faf4157a947a3442b0cfe8c805) Importer(815301076,1909f56bfc062723c751e8b465ee728b)  -> (artifact id: 'ea3bf8c128d0b2837657875fa687c66e') in 0.027853 seconds
Number of updated asset objects reloaded before import = 0
Number of asset objects unloaded after import = 3
========================================================================
Received Import Request.
  Time since last request: 0.010279 seconds.
  path: Assets/Assets/Images/3성/자연과학대/자연과학대 측면(우)2/자연과학대 측면(우)2_00004.png
  artifactKey: Guid(603738a6596de274ab6a51339d520014) Importer(815301076,1909f56bfc062723c751e8b465ee728b)
Start importing Assets/Assets/Images/3성/자연과학대/자연과학대 측면(우)2/자연과학대 측면(우)2_00004.png using Guid(603738a6596de274ab6a51339d520014) Importer(815301076,1909f56bfc062723c751e8b465ee728b)  -> (artifact id: '554df9315a29cea081d0915b794a557e') in 0.028237 seconds
Number of updated asset objects reloaded before import = 0
Number of asset objects unloaded after import = 3
========================================================================
Received Import Request.
  Time since last request: 0.023003 seconds.
  path: Assets/TextMesh Pro/Examples & Extras/Resources/Fonts & Materials/Anton SDF - Outline.mat
  artifactKey: Guid(a00013af81304728b2be1f4309ee2433) Importer(815301076,1909f56bfc062723c751e8b465ee728b)
Start importing Assets/TextMesh Pro/Examples & Extras/Resources/Fonts & Materials/Anton SDF - Outline.mat using Guid(a00013af81304728b2be1f4309ee2433) Importer(815301076,1909f56bfc062723c751e8b465ee728b)  -> (artifact id: 'de58820364049408ce160fb00f8b92f1') in 0.006976 seconds
Number of updated asset objects reloaded before import = 0
Number of asset objects unloaded after import = 2
========================================================================
Received Import Request.
  Time since last request: 0.020098 seconds.
  path: Assets/Assets/Images/2성/미디어/치토미디어 정면/치토미디어 정면_00012.png
  artifactKey: Guid(ce93c08410da49c4abcec080a0929ff5) Importer(815301076,1909f56bfc062723c751e8b465ee728b)
Start importing Assets/Assets/Images/2성/미디어/치토미디어 정면/치토미디어 정면_00012.png using Guid(ce93c08410da49c4abcec080a0929ff5) Importer(815301076,1909f56bfc062723c751e8b465ee728b)  -> (artifact id: '2c93d40eff79ff9c1278da2c8ba5b67d') in 0.022013 seconds
Number of updated asset objects reloaded before import = 0
Number of asset objects unloaded after import = 2
========================================================================
Received Import Request.
  Time since last request: 0.005532 seconds.
  path: Assets/Assets/Images/2성/미디어/치토미디어 후면/치토미디어 후면_00001.png
  artifactKey: Guid(963015e28ea516f4bb8c20793dd85a30) Importer(815301076,1909f56bfc062723c751e8b465ee728b)
Start importing Assets/Assets/Images/2성/미디어/치토미디어 후면/치토미디어 후면_00001.png using Guid(963015e28ea516f4bb8c20793dd85a30) Importer(815301076,1909f56bfc062723c751e8b465ee728b)  -> (artifact id: '2861243fa2946624bb1af3a984a093e6') in 0.021284 seconds
Number of updated asset objects reloaded before import = 0
Number of asset objects unloaded after import = 2
========================================================================
Received Import Request.
  Time since last request: 0.009999 seconds.
  path: Assets/TextMesh Pro/Examples & Extras/Scripts/TextMeshSpawner.cs
  artifactKey: Guid(76c11bbcfddf44e0ba17d6c2751c8d84) Importer(815301076,1909f56bfc062723c751e8b465ee728b)
Start importing Assets/TextMesh Pro/Examples & Extras/Scripts/TextMeshSpawner.cs using Guid(76c11bbcfddf44e0ba17d6c2751c8d84) Importer(815301076,1909f56bfc062723c751e8b465ee728b)  -> (artifact id: 'b6c18fcc5f9f8fd390e7258b4a97d6dc') in 0.000540 seconds
Number of updated asset objects reloaded before import = 0
Number of asset objects unloaded after import = 0
========================================================================
Received Import Request.
  Time since last request: 0.045503 seconds.
  path: Assets/TextMesh Pro/Examples & Extras/Resources
  artifactKey: Guid(d6d3a169ad794942a21da6a552d62f6f) Importer(815301076,1909f56bfc062723c751e8b465ee728b)
Start importing Assets/TextMesh Pro/Examples & Extras/Resources using Guid(d6d3a169ad794942a21da6a552d62f6f) Importer(815301076,1909f56bfc062723c751e8b465ee728b)  -> (artifact id: 'b43072bfea874f6e5f7ed930e3dfd28e') in 0.000516 seconds
Number of updated asset objects reloaded before import = 0
Number of asset objects unloaded after import = 0
========================================================================
Received Import Request.
  Time since last request: 0.011161 seconds.
  path: Assets/Assets/Images/1성/자연과학대/치토자연과학대 측면 모션(우)/치토자연과학대 측면(우)_00018.png
  artifactKey: Guid(a78b4f219ec2f674baa8248ad4aec8c2) Importer(815301076,1909f56bfc062723c751e8b465ee728b)
Start importing Assets/Assets/Images/1성/자연과학대/치토자연과학대 측면 모션(우)/치토자연과학대 측면(우)_00018.png using Guid(a78b4f219ec2f674baa8248ad4aec8c2) Importer(815301076,1909f56bfc062723c751e8b465ee728b)  -> (artifact id: '596dafbfdd6f3af4809cc48539ec55ac') in 0.027333 seconds
Number of updated asset objects reloaded before import = 0
Number of asset objects unloaded after import = 3
========================================================================
Received Import Request.
  Time since last request: 0.021344 seconds.
  path: Assets/TextMesh Pro/Resources/Sprite Assets/EmojiOne.asset
  artifactKey: Guid(c41005c129ba4d66911b75229fd70b45) Importer(815301076,1909f56bfc062723c751e8b465ee728b)
Start importing Assets/TextMesh Pro/Resources/Sprite Assets/EmojiOne.asset using Guid(c41005c129ba4d66911b75229fd70b45) Importer(815301076,1909f56bfc062723c751e8b465ee728b)  -> (artifact id: '49f57928ea3e50016ba38984b95b8e5d') in 0.002289 seconds
Number of updated asset objects reloaded before import = 0
Number of asset objects unloaded after import = 3
========================================================================
Received Import Request.
  Time since last request: 0.014019 seconds.
  path: Assets/Assets/Images/1성/정통대/치토정통대 측면 모션(좌)/치토정통대 측면(좌)_00009.png
  artifactKey: Guid(b9cdb41c4a37d2e4db948cf714079eea) Importer(815301076,1909f56bfc062723c751e8b465ee728b)
Start importing Assets/Assets/Images/1성/정통대/치토정통대 측면 모션(좌)/치토정통대 측면(좌)_00009.png using Guid(b9cdb41c4a37d2e4db948cf714079eea) Importer(815301076,1909f56bfc062723c751e8b465ee728b)  -> (artifact id: '673e11dbbe204445a141526ab75b582c') in 0.025406 seconds
Number of updated asset objects reloaded before import = 0
Number of asset objects unloaded after import = 3
========================================================================
Received Import Request.
  Time since last request: 0.020024 seconds.
  path: Assets/Assets/Images/3성/간호대/치토간호대 정면 2
  artifactKey: Guid(0c12e87b993e38a46a2d243fe968de4b) Importer(815301076,1909f56bfc062723c751e8b465ee728b)
Start importing Assets/Assets/Images/3성/간호대/치토간호대 정면 2 using Guid(0c12e87b993e38a46a2d243fe968de4b) Importer(815301076,1909f56bfc062723c751e8b465ee728b)  -> (artifact id: 'a627bcfd5fd2a0ec5b153c085e30813c') in 0.000511 seconds
Number of updated asset objects reloaded before import = 0
Number of asset objects unloaded after import = 0
========================================================================
Received Import Request.
  Time since last request: 0.012686 seconds.
  path: Assets/TextMesh Pro/Examples & Extras/Textures/Wipe Pattern - Diagonal.psd
  artifactKey: Guid(ed5290d8df18488780e2996b9b882f01) Importer(815301076,1909f56bfc062723c751e8b465ee728b)
Start importing Assets/TextMesh Pro/Examples & Extras/Textures/Wipe Pattern - Diagonal.psd using Guid(ed5290d8df18488780e2996b9b882f01) Importer(815301076,1909f56bfc062723c751e8b465ee728b)  -> (artifact id: '65ee3aee800a8e553be83c38779ebda0') in 0.020786 seconds
Number of updated asset objects reloaded before import = 0
Number of asset objects unloaded after import = 2
========================================================================
Received Import Request.
  Time since last request: 0.003968 seconds.
  path: Assets/Assets/Images/1성/소프트웨어 융합대/치토소융대 측면 모션(우)/치토소융대 측면(우)_00019.png
  artifactKey: Guid(49ba037002393e44aa2e3eaa4a180f05) Importer(815301076,1909f56bfc062723c751e8b465ee728b)
Start importing Assets/Assets/Images/1성/소프트웨어 융합대/치토소융대 측면 모션(우)/치토소융대 측면(우)_00019.png using Guid(49ba037002393e44aa2e3eaa4a180f05) Importer(815301076,1909f56bfc062723c751e8b465ee728b)  -> (artifact id: '792e3dc330efc9b9dfc7ed42e29cde50') in 0.026800 seconds
Number of updated asset objects reloaded before import = 0
Number of asset objects unloaded after import = 3
========================================================================
Received Import Request.
  Time since last request: 0.052887 seconds.
  path: Assets/Assets/Images/3성/인문대/치토인문대 정면 2/치토인문대 정면 2_00010.png
  artifactKey: Guid(4b7cf65fdc357054aadfcf2866a6edc7) Importer(815301076,1909f56bfc062723c751e8b465ee728b)
Start importing Assets/Assets/Images/3성/인문대/치토인문대 정면 2/치토인문대 정면 2_00010.png using Guid(4b7cf65fdc357054aadfcf2866a6edc7) Importer(815301076,1909f56bfc062723c751e8b465ee728b)  -> (artifact id: '50bc3ae6045eec522a5f29df7adface8') in 0.027433 seconds
Number of updated asset objects reloaded before import = 0
Number of asset objects unloaded after import = 3
========================================================================
Received Import Request.
  Time since last request: 0.019524 seconds.
  path: Assets/Assets/Images/2성/의과/치토의과 후면
  artifactKey: Guid(6c235c742d0faca4092ec96fbe5357a1) Importer(815301076,1909f56bfc062723c751e8b465ee728b)
Start importing Assets/Assets/Images/2성/의과/치토의과 후면 using Guid(6c235c742d0faca4092ec96fbe5357a1) Importer(815301076,1909f56bfc062723c751e8b465ee728b)  -> (artifact id: 'e6ae5690a826a07d7de0da2881b2d493') in 0.000492 seconds
Number of updated asset objects reloaded before import = 0
Number of asset objects unloaded after import = 0
========================================================================
Received Import Request.
  Time since last request: 0.010957 seconds.
  path: Assets/Assets/Images/1성/의과/치토의과 측면 모션(좌)/치토의과 측면(좌)_00001.png
  artifactKey: Guid(b6c71a6d43df35f4ab6811f3bf5a3f2d) Importer(815301076,1909f56bfc062723c751e8b465ee728b)
Start importing Assets/Assets/Images/1성/의과/치토의과 측면 모션(좌)/치토의과 측면(좌)_00001.png using Guid(b6c71a6d43df35f4ab6811f3bf5a3f2d) Importer(815301076,1909f56bfc062723c751e8b465ee728b)  -> (artifact id: '320b000b596f8200667259227a59f7de') in 0.027397 seconds
Number of updated asset objects reloaded before import = 0
Number of asset objects unloaded after import = 3
========================================================================
Received Import Request.
  Time since last request: 0.004835 seconds.
  path: Assets/Assets/Images/3성/정통대/치토정통대 정면 2/치토정통대 정면 2_00008.png
  artifactKey: Guid(7565f2f6159b58d40a189aaeecef6c81) Importer(815301076,1909f56bfc062723c751e8b465ee728b)
Start importing Assets/Assets/Images/3성/정통대/치토정통대 정면 2/치토정통대 정면 2_00008.png using Guid(7565f2f6159b58d40a189aaeecef6c81) Importer(815301076,1909f56bfc062723c751e8b465ee728b)  -> (artifact id: 'a2d3aef28bdeef0c440d4b962fd8545d') in 0.026115 seconds
Number of updated asset objects reloaded before import = 0
Number of asset objects unloaded after import = 3
========================================================================
Received Import Request.
  Time since last request: 0.003768 seconds.
  path: Assets/Assets/Images/3성/정통대/치토정통대 정면 2/치토정통대 정면 2_00018.png
  artifactKey: Guid(d4c06d94cab03e04fbba03098382d899) Importer(815301076,1909f56bfc062723c751e8b465ee728b)
Start importing Assets/Assets/Images/3성/정통대/치토정통대 정면 2/치토정통대 정면 2_00018.png using Guid(d4c06d94cab03e04fbba03098382d899) Importer(815301076,1909f56bfc062723c751e8b465ee728b)  -> (artifact id: '9389d9baf3912ec21fc4805230c56a26') in 0.027960 seconds
Number of updated asset objects reloaded before import = 0
Number of asset objects unloaded after import = 3
========================================================================
Received Import Request.
  Time since last request: 0.017146 seconds.
  path: Assets/Assets/Images/3성/사회과학대/사과대 측면(우)2
  artifactKey: Guid(b2b732a7f8305324aafd5ddf3f42b765) Importer(815301076,1909f56bfc062723c751e8b465ee728b)
Start importing Assets/Assets/Images/3성/사회과학대/사과대 측면(우)2 using Guid(b2b732a7f8305324aafd5ddf3f42b765) Importer(815301076,1909f56bfc062723c751e8b465ee728b)  -> (artifact id: '33c96a04101a01a4b49e057451dcde8d') in 0.000509 seconds
Number of updated asset objects reloaded before import = 0
Number of asset objects unloaded after import = 0
========================================================================
Received Import Request.
  Time since last request: 0.013651 seconds.
  path: Assets/Assets/Images/1성/자연과학대/치토자연과학대 측면 모션(좌)/치토자연과학대 측면(좌)_00005.png
  artifactKey: Guid(228ceec189f17e24bb280ff505f625c0) Importer(815301076,1909f56bfc062723c751e8b465ee728b)
Start importing Assets/Assets/Images/1성/자연과학대/치토자연과학대 측면 모션(좌)/치토자연과학대 측면(좌)_00005.png using Guid(228ceec189f17e24bb280ff505f625c0) Importer(815301076,1909f56bfc062723c751e8b465ee728b)  -> (artifact id: '991f0b12295e79230b60a556827ecfd7') in 0.027734 seconds
Number of updated asset objects reloaded before import = 0
Number of asset objects unloaded after import = 3
========================================================================
Received Import Request.
  Time since last request: 0.015176 seconds.
  path: Assets/Assets/Images/3성/공대/Gup3.anim
  artifactKey: Guid(bc58007ec909c484ea904f14fecc1fa4) Importer(815301076,1909f56bfc062723c751e8b465ee728b)
Start importing Assets/Assets/Images/3성/공대/Gup3.anim using Guid(bc58007ec909c484ea904f14fecc1fa4) Importer(815301076,1909f56bfc062723c751e8b465ee728b)  -> (artifact id: '4ff9ded81e621e5f63d2d5da329b1e5f') in 0.001248 seconds
Number of updated asset objects reloaded before import = 0
Number of asset objects unloaded after import = 1
========================================================================
Received Import Request.
  Time since last request: 0.001426 seconds.
  path: Assets/TextMesh Pro/Examples & Extras/Resources/Fonts & Materials/LiberationSans SDF - Metalic Green.mat
  artifactKey: Guid(8b29aaa3eec7468097ff07adfcf29ac9) Importer(815301076,1909f56bfc062723c751e8b465ee728b)
Start importing Assets/TextMesh Pro/Examples & Extras/Resources/Fonts & Materials/LiberationSans SDF - Metalic Green.mat using Guid(8b29aaa3eec7468097ff07adfcf29ac9) Importer(815301076,1909f56bfc062723c751e8b465ee728b)  -> (artifact id: 'd8177db95d4fa1fc6c2b7ab4993ba5c4') in 0.025173 seconds
Number of updated asset objects reloaded before import = 0
Number of asset objects unloaded after import = 4
========================================================================
Received Import Request.
  Time since last request: 0.019396 seconds.
  path: Assets/Assets/Images/3성/인문대/인문대 측면(우)2/치토인문대 측면(우) 2_00012.png
  artifactKey: Guid(1b9b5b8f9900650438c826d7f0fb32aa) Importer(815301076,1909f56bfc062723c751e8b465ee728b)
Start importing Assets/Assets/Images/3성/인문대/인문대 측면(우)2/치토인문대 측면(우) 2_00012.png using Guid(1b9b5b8f9900650438c826d7f0fb32aa) Importer(815301076,1909f56bfc062723c751e8b465ee728b)  -> (artifact id: '777f9d29b0e29ba84f2cfc2170c41715') in 0.028650 seconds
Number of updated asset objects reloaded before import = 0
Number of asset objects unloaded after import = 3
========================================================================
Received Import Request.
  Time since last request: 0.017718 seconds.
  path: Assets/TextMesh Pro/Examples & Extras/Fonts/Oswald-Bold - OFL.txt
  artifactKey: Guid(d2cf87a8a7a94aa8b80dff1c807c1178) Importer(815301076,1909f56bfc062723c751e8b465ee728b)
Start importing Assets/TextMesh Pro/Examples & Extras/Fonts/Oswald-Bold - OFL.txt using Guid(d2cf87a8a7a94aa8b80dff1c807c1178) Importer(815301076,1909f56bfc062723c751e8b465ee728b)  -> (artifact id: '2d055f66bfcc8cbaaf65e2dee7c4a237') in 0.001130 seconds
Number of updated asset objects reloaded before import = 0
Number of asset objects unloaded after import = 1
========================================================================
Received Import Request.
  Time since last request: 0.003604 seconds.
  path: Assets/Assets/Images/3성/미디어/치토미디어 후면 2/치토미디어 후면 2_00007.png
  artifactKey: Guid(810664e3f39497c40a036696e390ed8f) Importer(815301076,1909f56bfc062723c751e8b465ee728b)
Start importing Assets/Assets/Images/3성/미디어/치토미디어 후면 2/치토미디어 후면 2_00007.png using Guid(810664e3f39497c40a036696e390ed8f) Importer(815301076,1909f56bfc062723c751e8b465ee728b)  -> (artifact id: '357156746da7dae8044d9cf837a45e72') in 0.021827 seconds
Number of updated asset objects reloaded before import = 0
Number of asset objects unloaded after import = 2
========================================================================
Received Import Request.
  Time since last request: 0.025652 seconds.
  path: Assets/Assets/Images/1성/공대/G_Chito_anim.controller
  artifactKey: Guid(dc6509d2ff8bd324bbfac21271eae5ca) Importer(815301076,1909f56bfc062723c751e8b465ee728b)
Start importing Assets/Assets/Images/1성/공대/G_Chito_anim.controller using Guid(dc6509d2ff8bd324bbfac21271eae5ca) Importer(815301076,1909f56bfc062723c751e8b465ee728b)  -> (artifact id: '44d6638efddf0715d2841c79d0d954c4') in 0.006945 seconds
Number of updated asset objects reloaded before import = 0
Number of asset objects unloaded after import = 41
========================================================================
Received Import Request.
  Time since last request: 0.056252 seconds.
  path: Assets/Assets/Images/2성/미디어/치토미디어 정면/치토미디어 정면_00019.png
  artifactKey: Guid(91d8ed7a6cc567e469627258077ff5ab) Importer(815301076,1909f56bfc062723c751e8b465ee728b)
Start importing Assets/Assets/Images/2성/미디어/치토미디어 정면/치토미디어 정면_00019.png using Guid(91d8ed7a6cc567e469627258077ff5ab) Importer(815301076,1909f56bfc062723c751e8b465ee728b)  -> (artifact id: '66429c6fd37d9d24a658c3acd2626e2a') in 0.022080 seconds
Number of updated asset objects reloaded before import = 0
Number of asset objects unloaded after import = 2
========================================================================
Received Import Request.
  Time since last request: 0.004142 seconds.
  path: Assets/Assets/Images/1성/소프트웨어 융합대/치토소융대 측면 모션(좌)/치토소융대 측면(좌)_00002.png
  artifactKey: Guid(55c606162aeef634ca3dea327ce5d489) Importer(815301076,1909f56bfc062723c751e8b465ee728b)
Start importing Assets/Assets/Images/1성/소프트웨어 융합대/치토소융대 측면 모션(좌)/치토소융대 측면(좌)_00002.png using Guid(55c606162aeef634ca3dea327ce5d489) Importer(815301076,1909f56bfc062723c751e8b465ee728b)  -> (artifact id: 'd599253dc1e102ff5d509866de88759d') in 0.027444 seconds
Number of updated asset objects reloaded before import = 0
Number of asset objects unloaded after import = 3
========================================================================
Received Import Request.
  Time since last request: 0.014812 seconds.
  path: Assets/Assets/Images/2성/미디어/미디어 측면(우)/치토미디어 측면(우)_00016.png
  artifactKey: Guid(bc88e3a4432ce0640a95c34ac3a280ff) Importer(815301076,1909f56bfc062723c751e8b465ee728b)
Start importing Assets/Assets/Images/2성/미디어/미디어 측면(우)/치토미디어 측면(우)_00016.png using Guid(bc88e3a4432ce0640a95c34ac3a280ff) Importer(815301076,1909f56bfc062723c751e8b465ee728b)  -> (artifact id: 'ba47b5844cfc5c3c04e1940a9dfef566') in 0.021905 seconds
Number of updated asset objects reloaded before import = 0
Number of asset objects unloaded after import = 2
========================================================================
Received Import Request.
  Time since last request: 0.004856 seconds.
  path: Assets/Assets/Images/1성/정통대/치토정통대 측면 모션(우)/치토정통대 측면(우)_00010.png
  artifactKey: Guid(2d1a9a11c5634664dbfc64ef644199c3) Importer(815301076,1909f56bfc062723c751e8b465ee728b)
Start importing Assets/Assets/Images/1성/정통대/치토정통대 측면 모션(우)/치토정통대 측면(우)_00010.png using Guid(2d1a9a11c5634664dbfc64ef644199c3) Importer(815301076,1909f56bfc062723c751e8b465ee728b)  -> (artifact id: 'db340ddace40692899accba33a1bf448') in 0.026672 seconds
Number of updated asset objects reloaded before import = 0
Number of asset objects unloaded after import = 3
========================================================================
Received Import Request.
  Time since last request: 0.006957 seconds.
  path: Assets/Assets/Images/2성/미디어/치토미디어 정면/치토미디어 정면_00005.png
  artifactKey: Guid(44103bf801d4a5945ae262f6c5396586) Importer(815301076,1909f56bfc062723c751e8b465ee728b)
Start importing Assets/Assets/Images/2성/미디어/치토미디어 정면/치토미디어 정면_00005.png using Guid(44103bf801d4a5945ae262f6c5396586) Importer(815301076,1909f56bfc062723c751e8b465ee728b)  -> (artifact id: '926f9a03d585403c1ab6a110f41dd97e') in 0.021560 seconds
Number of updated asset objects reloaded before import = 0
Number of asset objects unloaded after import = 2
========================================================================
Received Import Request.
  Time since last request: 0.021136 seconds.
  path: Assets/Assets/Images/3성/미디어/치토미디어 정면 2/치토미디어 정면 2_00007.png
  artifactKey: Guid(0950d070cf83b1a4fb8d138e3da62278) Importer(815301076,1909f56bfc062723c751e8b465ee728b)
Start importing Assets/Assets/Images/3성/미디어/치토미디어 정면 2/치토미디어 정면 2_00007.png using Guid(0950d070cf83b1a4fb8d138e3da62278) Importer(815301076,1909f56bfc062723c751e8b465ee728b)  -> (artifact id: '880568c3a81f3249817668a93dcbc3ff') in 0.021788 seconds
Number of updated asset objects reloaded before import = 0
Number of asset objects unloaded after import = 2
========================================================================
Received Import Request.
  Time since last request: 0.031716 seconds.
  path: Assets/TextMesh Pro/Examples & Extras/Fonts/Electronic Highway Sign.TTF
  artifactKey: Guid(8a2b9e2a607dd2143b58c44bc32410b4) Importer(815301076,1909f56bfc062723c751e8b465ee728b)
Start importing Assets/TextMesh Pro/Examples & Extras/Fonts/Electronic Highway Sign.TTF using Guid(8a2b9e2a607dd2143b58c44bc32410b4) Importer(815301076,1909f56bfc062723c751e8b465ee728b)  -> (artifact id: '982b6653d703c18de0e519e4e39e98c4') in 0.009180 seconds
Number of updated asset objects reloaded before import = 0
Number of asset objects unloaded after import = 4
========================================================================
Received Import Request.
  Time since last request: 0.004390 seconds.
  path: Assets/Assets/Images/1성/소프트웨어 융합대/치토소융대 측면 모션(우)/치토소융대 측면(우)_00005.png
  artifactKey: Guid(393cb718b4cd85c4d8a441d6c36334c7) Importer(815301076,1909f56bfc062723c751e8b465ee728b)
Start importing Assets/Assets/Images/1성/소프트웨어 융합대/치토소융대 측면 모션(우)/치토소융대 측면(우)_00005.png using Guid(393cb718b4cd85c4d8a441d6c36334c7) Importer(815301076,1909f56bfc062723c751e8b465ee728b)  -> (artifact id: 'f8e159ac72e6040ce504dc7d68198820') in 0.025309 seconds
Number of updated asset objects reloaded before import = 0
Number of asset objects unloaded after import = 3
========================================================================
Received Import Request.
  Time since last request: 0.021853 seconds.
  path: Assets/Assets/Images/1성/정통대/치토정통대 측면 모션(우)/치토정통대 측면(우)_00017.png
  artifactKey: Guid(17cd0fd0af346e743b6daf21091cfd05) Importer(815301076,1909f56bfc062723c751e8b465ee728b)
Start importing Assets/Assets/Images/1성/정통대/치토정통대 측면 모션(우)/치토정통대 측면(우)_00017.png using Guid(17cd0fd0af346e743b6daf21091cfd05) Importer(815301076,1909f56bfc062723c751e8b465ee728b)  -> (artifact id: '1b43ee44d5dae062e8699e095c71a2dc') in 0.026985 seconds
Number of updated asset objects reloaded before import = 0
Number of asset objects unloaded after import = 3
========================================================================
Received Import Request.
  Time since last request: 0.035298 seconds.
  path: Assets/Assets/Images/2성/미디어/미디어 측면(우)/치토미디어 측면(우)_00006.png
  artifactKey: Guid(72ce39ee02c96c14eabd7a4e973a7d61) Importer(815301076,1909f56bfc062723c751e8b465ee728b)
Start importing Assets/Assets/Images/2성/미디어/미디어 측면(우)/치토미디어 측면(우)_00006.png using Guid(72ce39ee02c96c14eabd7a4e973a7d61) Importer(815301076,1909f56bfc062723c751e8b465ee728b)  -> (artifact id: '39efea8e1ac61b1b220b60f248f6041f') in 0.021629 seconds
Number of updated asset objects reloaded before import = 0
Number of asset objects unloaded after import = 2
========================================================================
Received Import Request.
  Time since last request: 0.017646 seconds.
  path: Assets/Assets/Images/3성/자연과학대/치토자연과학대 정면 2
  artifactKey: Guid(4721ed74762bd7a4283263f588ea51e7) Importer(815301076,1909f56bfc062723c751e8b465ee728b)
Start importing Assets/Assets/Images/3성/자연과학대/치토자연과학대 정면 2 using Guid(4721ed74762bd7a4283263f588ea51e7) Importer(815301076,1909f56bfc062723c751e8b465ee728b)  -> (artifact id: '7fcaab5c158fa398395b42593c74a0c8') in 0.000522 seconds
Number of updated asset objects reloaded before import = 0
Number of asset objects unloaded after import = 0
========================================================================
Received Import Request.
  Time since last request: 0.003844 seconds.
  path: Assets/Assets/Images/3성/미디어/치토미디어 측면(좌) 2/치토미디어 측면(좌) 2_00016.png
  artifactKey: Guid(295bb1671a7afd849b5da8f0ee6509ee) Importer(815301076,1909f56bfc062723c751e8b465ee728b)
Start importing Assets/Assets/Images/3성/미디어/치토미디어 측면(좌) 2/치토미디어 측면(좌) 2_00016.png using Guid(295bb1671a7afd849b5da8f0ee6509ee) Importer(815301076,1909f56bfc062723c751e8b465ee728b)  -> (artifact id: '178f446fc80390ac8ce7632a416d21df') in 0.021700 seconds
Number of updated asset objects reloaded before import = 0
Number of asset objects unloaded after import = 2
========================================================================
Received Import Request.
  Time since last request: 0.024092 seconds.
  path: Assets/Assets/Images/3성/사회과학대/치토사회과학대 정면 모션
  artifactKey: Guid(beb3aa0c957cbf74089f16cb8c1b3acb) Importer(815301076,1909f56bfc062723c751e8b465ee728b)
Start importing Assets/Assets/Images/3성/사회과학대/치토사회과학대 정면 모션 using Guid(beb3aa0c957cbf74089f16cb8c1b3acb) Importer(815301076,1909f56bfc062723c751e8b465ee728b)  -> (artifact id: 'fb57ea2201f7651ff176a7099b10a37b') in 0.000581 seconds
Number of updated asset objects reloaded before import = 0
Number of asset objects unloaded after import = 0
========================================================================
Received Import Request.
  Time since last request: 0.007796 seconds.
  path: Assets/Assets/Images/3성/자연과학대/자연과학대 측면(우)2/자연과학대 측면(우)2_00011.png
  artifactKey: Guid(8e7f2285d35469b40a6e63f41eca57db) Importer(815301076,1909f56bfc062723c751e8b465ee728b)
Start importing Assets/Assets/Images/3성/자연과학대/자연과학대 측면(우)2/자연과학대 측면(우)2_00011.png using Guid(8e7f2285d35469b40a6e63f41eca57db) Importer(815301076,1909f56bfc062723c751e8b465ee728b)  -> (artifact id: '8a2f52e46682cd519a48ea1d8bc54a91') in 0.028611 seconds
Number of updated asset objects reloaded before import = 0
Number of asset objects unloaded after import = 3
========================================================================
Received Import Request.
  Time since last request: 0.002192 seconds.
  path: Assets/Scripts/Jin/Projectile.cs
  artifactKey: Guid(6566d9bc5dd384f40991fdc8636e3f77) Importer(815301076,1909f56bfc062723c751e8b465ee728b)
Start importing Assets/Scripts/Jin/Projectile.cs using Guid(6566d9bc5dd384f40991fdc8636e3f77) Importer(815301076,1909f56bfc062723c751e8b465ee728b)  -> (artifact id: 'f8b78fa56454dd0730066c1f61f0f2f1') in 0.000474 seconds
Number of updated asset objects reloaded before import = 0
Number of asset objects unloaded after import = 0
========================================================================
Received Import Request.
  Time since last request: 0.042785 seconds.
  path: Assets/Assets/Images/1성/정통대/치토정통대 측면 모션(우)/치토정통대 측면(우)_00015.png
  artifactKey: Guid(dc031ff4d0dfa2f41b4d69ffc47de41d) Importer(815301076,1909f56bfc062723c751e8b465ee728b)
Start importing Assets/Assets/Images/1성/정통대/치토정통대 측면 모션(우)/치토정통대 측면(우)_00015.png using Guid(dc031ff4d0dfa2f41b4d69ffc47de41d) Importer(815301076,1909f56bfc062723c751e8b465ee728b)  -> (artifact id: '3d0b87799feeef7bf1add2239c92c700') in 0.027598 seconds
Number of updated asset objects reloaded before import = 0
Number of asset objects unloaded after import = 3
========================================================================
Received Import Request.
  Time since last request: 0.004313 seconds.
  path: Assets/Assets/Images/1성/소프트웨어 융합대/치토소융대 후면 모션/치토소융대 후면_00003.png
  artifactKey: Guid(841e7f52ab81ee1408c928c3267e628d) Importer(815301076,1909f56bfc062723c751e8b465ee728b)
Start importing Assets/Assets/Images/1성/소프트웨어 융합대/치토소융대 후면 모션/치토소융대 후면_00003.png using Guid(841e7f52ab81ee1408c928c3267e628d) Importer(815301076,1909f56bfc062723c751e8b465ee728b)  -> (artifact id: '9df33529ef916974719f797c47e9d535') in 0.023851 seconds
Number of updated asset objects reloaded before import = 0
Number of asset objects unloaded after import = 3
========================================================================
Received Import Request.
  Time since last request: 0.053872 seconds.
  path: Assets/Assets/Images/1성/자연과학대/치토자연과학대 측면 모션(우)/치토자연과학대 측면(우)_00015.png
  artifactKey: Guid(8e392c5ca5ef5ef4bb3295fe3884637a) Importer(815301076,1909f56bfc062723c751e8b465ee728b)
Start importing Assets/Assets/Images/1성/자연과학대/치토자연과학대 측면 모션(우)/치토자연과학대 측면(우)_00015.png using Guid(8e392c5ca5ef5ef4bb3295fe3884637a) Importer(815301076,1909f56bfc062723c751e8b465ee728b)  -> (artifact id: '47c00449078afc4a24a4b18856464174') in 0.025959 seconds
Number of updated asset objects reloaded before import = 0
Number of asset objects unloaded after import = 3
========================================================================
Received Import Request.
  Time since last request: 0.003818 seconds.
  path: Assets/Assets/Images/2성/미디어/미디어 측면(우)/치토미디어 측면(우)_00013.png
  artifactKey: Guid(8d2967953ece24a4b8453b060c6d60e9) Importer(815301076,1909f56bfc062723c751e8b465ee728b)
Start importing Assets/Assets/Images/2성/미디어/미디어 측면(우)/치토미디어 측면(우)_00013.png using Guid(8d2967953ece24a4b8453b060c6d60e9) Importer(815301076,1909f56bfc062723c751e8b465ee728b)  -> (artifact id: 'a27dddaefd1061a77d3c1e1078a42139') in 0.021315 seconds
Number of updated asset objects reloaded before import = 0
Number of asset objects unloaded after import = 2
========================================================================
Received Import Request.
  Time since last request: 0.002367 seconds.
  path: Assets/Assets/Images/2성/의과/의과 측면(우)
  artifactKey: Guid(6c2f6f049e92a78448c4fa8c3ea89963) Importer(815301076,1909f56bfc062723c751e8b465ee728b)
Start importing Assets/Assets/Images/2성/의과/의과 측면(우) using Guid(6c2f6f049e92a78448c4fa8c3ea89963) Importer(815301076,1909f56bfc062723c751e8b465ee728b)  -> (artifact id: '444559077cd95dd7e98b6a6bc83b9ea1') in 0.000426 seconds
Number of updated asset objects reloaded before import = 0
Number of asset objects unloaded after import = 0
========================================================================
Received Import Request.
  Time since last request: 0.004313 seconds.
  path: Assets/Assets/Images/1성/소프트웨어 융합대/치토소융대 측면 모션(좌)/치토소융대 측면(좌)_00022.png
  artifactKey: Guid(cdf2eeb5a9d805243b700219cf6b4cf8) Importer(815301076,1909f56bfc062723c751e8b465ee728b)
Start importing Assets/Assets/Images/1성/소프트웨어 융합대/치토소융대 측면 모션(좌)/치토소융대 측면(좌)_00022.png using Guid(cdf2eeb5a9d805243b700219cf6b4cf8) Importer(815301076,1909f56bfc062723c751e8b465ee728b)  -> (artifact id: '260218f1b13027a2d880f3f1a249633e') in 0.026134 seconds
Number of updated asset objects reloaded before import = 0
Number of asset objects unloaded after import = 3
========================================================================
Received Import Request.
  Time since last request: 0.001984 seconds.
  path: Assets/Assets/Images/2성/ㄱ.기본형/Left2.anim
  artifactKey: Guid(c16290450a9d54746a0931f61625f582) Importer(815301076,1909f56bfc062723c751e8b465ee728b)
Start importing Assets/Assets/Images/2성/ㄱ.기본형/Left2.anim using Guid(c16290450a9d54746a0931f61625f582) Importer(815301076,1909f56bfc062723c751e8b465ee728b)  -> (artifact id: '0746278a7148d4b482c8147a5788b6a5') in 0.001180 seconds
Number of updated asset objects reloaded before import = 0
Number of asset objects unloaded after import = 1
========================================================================
Received Import Request.
  Time since last request: 0.003430 seconds.
  path: Assets/Assets/Images/1성/소프트웨어 융합대/치토소융대 측면 모션(우)/치토소융대 측면(우)_00010.png
  artifactKey: Guid(c2b55680ccb8fb042a5655c15d1121de) Importer(815301076,1909f56bfc062723c751e8b465ee728b)
Start importing Assets/Assets/Images/1성/소프트웨어 융합대/치토소융대 측면 모션(우)/치토소융대 측면(우)_00010.png using Guid(c2b55680ccb8fb042a5655c15d1121de) Importer(815301076,1909f56bfc062723c751e8b465ee728b)  -> (artifact id: '765c946ac4bb5a58c3833a0e98e577e2') in 0.025180 seconds
Number of updated asset objects reloaded before import = 0
Number of asset objects unloaded after import = 3
========================================================================
Received Import Request.
  Time since last request: 0.002335 seconds.
  path: Assets/TextMesh Pro/Fonts/LiberationSans.ttf
  artifactKey: Guid(e3265ab4bf004d28a9537516768c1c75) Importer(815301076,1909f56bfc062723c751e8b465ee728b)
Start importing Assets/TextMesh Pro/Fonts/LiberationSans.ttf using Guid(e3265ab4bf004d28a9537516768c1c75) Importer(815301076,1909f56bfc062723c751e8b465ee728b)  -> (artifact id: '8756f7c291147a75e95d0f4a0d9e7e56') in 0.008180 seconds
Number of updated asset objects reloaded before import = 0
Number of asset objects unloaded after import = 4
========================================================================
Received Import Request.
  Time since last request: 0.008913 seconds.
  path: Assets/Assets/Images/3성/사회과학대/Sleft3.anim
  artifactKey: Guid(c7f56f7c77d4bd1448f30a709975ccb1) Importer(815301076,1909f56bfc062723c751e8b465ee728b)
Start importing Assets/Assets/Images/3성/사회과학대/Sleft3.anim using Guid(c7f56f7c77d4bd1448f30a709975ccb1) Importer(815301076,1909f56bfc062723c751e8b465ee728b)  -> (artifact id: 'f5e0a3cb49dbeef79a167a3c764eb8fb') in 0.001264 seconds
Number of updated asset objects reloaded before import = 0
Number of asset objects unloaded after import = 1
========================================================================
Received Import Request.
  Time since last request: 0.016571 seconds.
  path: Assets/TextMesh Pro/Examples & Extras/Scenes/26 - Dropdown Placeholder Example.unity
  artifactKey: Guid(0851605490a599b46b6ac5cb681d93ea) Importer(815301076,1909f56bfc062723c751e8b465ee728b)
Start importing Assets/TextMesh Pro/Examples & Extras/Scenes/26 - Dropdown Placeholder Example.unity using Guid(0851605490a599b46b6ac5cb681d93ea) Importer(815301076,1909f56bfc062723c751e8b465ee728b)  -> (artifact id: 'bb7a235d3781eeccc387a63d405b1f13') in 0.000505 seconds
Number of updated asset objects reloaded before import = 0
Number of asset objects unloaded after import = 0
========================================================================
Received Import Request.
  Time since last request: 0.000989 seconds.
  path: Assets/TextMesh Pro/Examples & Extras/Resources/Sprite Assets
  artifactKey: Guid(3ac6db30e75b49b282a3564110579f27) Importer(815301076,1909f56bfc062723c751e8b465ee728b)
Start importing Assets/TextMesh Pro/Examples & Extras/Resources/Sprite Assets using Guid(3ac6db30e75b49b282a3564110579f27) Importer(815301076,1909f56bfc062723c751e8b465ee728b)  -> (artifact id: '3de005bd5b96a50c363461c8a430d5af') in 0.000391 seconds
Number of updated asset objects reloaded before import = 0
Number of asset objects unloaded after import = 0
========================================================================
Received Import Request.
  Time since last request: 0.002918 seconds.
  path: Assets/Assets/Images/1성/소프트웨어 융합대/치토소융대 측면 모션(우)/치토소융대 측면(우)_00032.png
  artifactKey: Guid(34ec8872316d40c4c8ec333f7a82985d) Importer(815301076,1909f56bfc062723c751e8b465ee728b)
Start importing Assets/Assets/Images/1성/소프트웨어 융합대/치토소융대 측면 모션(우)/치토소융대 측면(우)_00032.png using Guid(34ec8872316d40c4c8ec333f7a82985d) Importer(815301076,1909f56bfc062723c751e8b465ee728b)  -> (artifact id: 'bf3dfd57c0127c9479082dc42b1ef996') in 0.026445 seconds
Number of updated asset objects reloaded before import = 0
Number of asset objects unloaded after import = 3
========================================================================
Received Import Request.
  Time since last request: 0.022361 seconds.
  path: Assets/Assets/Images/1성/의과/치토의과 측면 모션(우)/치토의과 측면(우)_00010.png
  artifactKey: Guid(d6ffb4c1c61d24542a471d8fa468ddb9) Importer(815301076,1909f56bfc062723c751e8b465ee728b)
Start importing Assets/Assets/Images/1성/의과/치토의과 측면 모션(우)/치토의과 측면(우)_00010.png using Guid(d6ffb4c1c61d24542a471d8fa468ddb9) Importer(815301076,1909f56bfc062723c751e8b465ee728b)  -> (artifact id: 'd8a137d92f2e8164a9f559586aeedd58') in 0.027383 seconds
Number of updated asset objects reloaded before import = 0
Number of asset objects unloaded after import = 3
========================================================================
Received Import Request.
  Time since last request: 0.003733 seconds.
  path: Assets/Assets/Images/1성/소프트웨어 융합대/치토소융대 측면 모션(좌)/치토소융대 측면(좌)_00036.png
  artifactKey: Guid(b67b1bb9c4965294487d7fb8b5c98148) Importer(815301076,1909f56bfc062723c751e8b465ee728b)
Start importing Assets/Assets/Images/1성/소프트웨어 융합대/치토소융대 측면 모션(좌)/치토소융대 측면(좌)_00036.png using Guid(b67b1bb9c4965294487d7fb8b5c98148) Importer(815301076,1909f56bfc062723c751e8b465ee728b)  -> (artifact id: '5dfecaab98a2bb85ef9424412c40efc5') in 0.027333 seconds
Number of updated asset objects reloaded before import = 0
Number of asset objects unloaded after import = 3
========================================================================
Received Import Request.
  Time since last request: 0.010068 seconds.
  path: Assets/Assets/Images/2성/약학대/치토약학대 후면
  artifactKey: Guid(30a876b5f082e894eb0ab0a2187f9c7c) Importer(815301076,1909f56bfc062723c751e8b465ee728b)
Start importing Assets/Assets/Images/2성/약학대/치토약학대 후면 using Guid(30a876b5f082e894eb0ab0a2187f9c7c) Importer(815301076,1909f56bfc062723c751e8b465ee728b)  -> (artifact id: '1899de6ff88f01028a8dbbd4fa04269a') in 0.000480 seconds
Number of updated asset objects reloaded before import = 0
Number of asset objects unloaded after import = 0
========================================================================
Received Import Request.
  Time since last request: 0.007786 seconds.
  path: Assets/Assets/Images/3성/미디어/치토미디어 정면 2/치토미디어 정면 2_00009.png
  artifactKey: Guid(d5a2c3e6d63b6214ab6339bdf116b960) Importer(815301076,1909f56bfc062723c751e8b465ee728b)
Start importing Assets/Assets/Images/3성/미디어/치토미디어 정면 2/치토미디어 정면 2_00009.png using Guid(d5a2c3e6d63b6214ab6339bdf116b960) Importer(815301076,1909f56bfc062723c751e8b465ee728b)  -> (artifact id: 'cd3597d78f4c7e1198f68c6ea6e6c455') in 0.022241 seconds
Number of updated asset objects reloaded before import = 0
Number of asset objects unloaded after import = 2
========================================================================
Received Import Request.
  Time since last request: 0.013171 seconds.
  path: Assets/TextMesh Pro/Examples & Extras/Resources/Fonts & Materials/Roboto-Bold SDF - Surface.mat
  artifactKey: Guid(e6b276ec991f467aa14ef1f3cc665993) Importer(815301076,1909f56bfc062723c751e8b465ee728b)
Start importing Assets/TextMesh Pro/Examples & Extras/Resources/Fonts & Materials/Roboto-Bold SDF - Surface.mat using Guid(e6b276ec991f467aa14ef1f3cc665993) Importer(815301076,1909f56bfc062723c751e8b465ee728b)  -> (artifact id: '0a2692e0302c4d1aebfd7f18eb657722') in 0.013575 seconds
Number of updated asset objects reloaded before import = 0
Number of asset objects unloaded after import = 2
========================================================================
Received Import Request.
  Time since last request: 0.007317 seconds.
  path: Assets/Assets/Images/2성/미디어/치토미디어 후면/치토미디어 후면_00012.png
  artifactKey: Guid(8e38202ea929002449a1ec37a5823912) Importer(815301076,1909f56bfc062723c751e8b465ee728b)
Start importing Assets/Assets/Images/2성/미디어/치토미디어 후면/치토미디어 후면_00012.png using Guid(8e38202ea929002449a1ec37a5823912) Importer(815301076,1909f56bfc062723c751e8b465ee728b)  -> (artifact id: '54883b2a98a56fb86ece2a244f4c691d') in 0.021807 seconds
Number of updated asset objects reloaded before import = 0
Number of asset objects unloaded after import = 2
========================================================================
Received Import Request.
  Time since last request: 0.003737 seconds.
  path: Assets/Assets/Images/1성/의과/치토의과 측면 모션(우)/치토의과 측면(우)_00002.png
  artifactKey: Guid(6971d25f18b4239499c8928c312b604e) Importer(815301076,1909f56bfc062723c751e8b465ee728b)
Start importing Assets/Assets/Images/1성/의과/치토의과 측면 모션(우)/치토의과 측면(우)_00002.png using Guid(6971d25f18b4239499c8928c312b604e) Importer(815301076,1909f56bfc062723c751e8b465ee728b)  -> (artifact id: '25924a7ad87e4cd4c6275b236eabb94a') in 0.027298 seconds
Number of updated asset objects reloaded before import = 0
Number of asset objects unloaded after import = 3
========================================================================
Received Import Request.
  Time since last request: 0.060990 seconds.
  path: Assets/TextMesh Pro/Examples & Extras/Scripts/Benchmark03.cs
  artifactKey: Guid(a73109742c8d47ac822895a473300c29) Importer(815301076,1909f56bfc062723c751e8b465ee728b)
Start importing Assets/TextMesh Pro/Examples & Extras/Scripts/Benchmark03.cs using Guid(a73109742c8d47ac822895a473300c29) Importer(815301076,1909f56bfc062723c751e8b465ee728b)  -> (artifact id: '4d514aad5d0f26012c0a9c0f24b3bddc') in 0.000599 seconds
Number of updated asset objects reloaded before import = 0
Number of asset objects unloaded after import = 0
========================================================================
Received Import Request.
  Time since last request: 0.020595 seconds.
  path: Assets/Assets/Images/2성/미디어/미디어 측면(우)/치토미디어 측면(우)_00009.png
  artifactKey: Guid(55c917665c0fd684eb68a552b7ad6c04) Importer(815301076,1909f56bfc062723c751e8b465ee728b)
Start importing Assets/Assets/Images/2성/미디어/미디어 측면(우)/치토미디어 측면(우)_00009.png using Guid(55c917665c0fd684eb68a552b7ad6c04) Importer(815301076,1909f56bfc062723c751e8b465ee728b)  -> (artifact id: '23bfab578518d66c1ccc450ad0d6bb1b') in 0.022188 seconds
Number of updated asset objects reloaded before import = 0
Number of asset objects unloaded after import = 2
========================================================================
Received Import Request.
  Time since last request: 0.011989 seconds.
  path: Assets/Assets/Images/1성/소프트웨어 융합대/치토소융대 측면 모션(우)/치토소융대 측면(우)_00033.png
  artifactKey: Guid(b07b81604dcb03348a203b7f3fb6ef1f) Importer(815301076,1909f56bfc062723c751e8b465ee728b)
Start importing Assets/Assets/Images/1성/소프트웨어 융합대/치토소융대 측면 모션(우)/치토소융대 측면(우)_00033.png using Guid(b07b81604dcb03348a203b7f3fb6ef1f) Importer(815301076,1909f56bfc062723c751e8b465ee728b)  -> (artifact id: '05f354f591a4d8afa222171d79dd001c') in 0.027994 seconds
Number of updated asset objects reloaded before import = 0
Number of asset objects unloaded after import = 3
========================================================================
Received Import Request.
  Time since last request: 0.007770 seconds.
  path: Assets/Assets/Images/2성/미디어/치토미디어 후면/치토미디어 후면_00005.png
  artifactKey: Guid(eca4914e5d6c7b14483327f3ad6ee813) Importer(815301076,1909f56bfc062723c751e8b465ee728b)
Start importing Assets/Assets/Images/2성/미디어/치토미디어 후면/치토미디어 후면_00005.png using Guid(eca4914e5d6c7b14483327f3ad6ee813) Importer(815301076,1909f56bfc062723c751e8b465ee728b)  -> (artifact id: '0e0ebe12713df847e66116cb0b5bd6e7') in 0.021489 seconds
Number of updated asset objects reloaded before import = 0
Number of asset objects unloaded after import = 2
========================================================================
Received Import Request.
  Time since last request: 0.007960 seconds.
  path: Assets/TextMesh Pro/Examples & Extras/Resources/Color Gradient Presets/Yellow to Orange - Vertical.asset
  artifactKey: Guid(69a525efa7e6472eab268f6ea605f06e) Importer(815301076,1909f56bfc062723c751e8b465ee728b)
Start importing Assets/TextMesh Pro/Examples & Extras/Resources/Color Gradient Presets/Yellow to Orange - Vertical.asset using Guid(69a525efa7e6472eab268f6ea605f06e) Importer(815301076,1909f56bfc062723c751e8b465ee728b)  -> (artifact id: '864e8d55703971e3eb17199d7ad7dfdb') in 0.001121 seconds
Number of updated asset objects reloaded before import = 0
Number of asset objects unloaded after import = 1
========================================================================
Received Import Request.
  Time since last request: 0.007706 seconds.
  path: Assets/Assets/Images/1성/자연과학대/치토자연과학대 측면 모션(우)/치토자연과학대 측면(우)_00002.png
  artifactKey: Guid(944fa2216fb3ae6499045440bae21699) Importer(815301076,1909f56bfc062723c751e8b465ee728b)
Start importing Assets/Assets/Images/1성/자연과학대/치토자연과학대 측면 모션(우)/치토자연과학대 측면(우)_00002.png using Guid(944fa2216fb3ae6499045440bae21699) Importer(815301076,1909f56bfc062723c751e8b465ee728b)  -> (artifact id: 'aafe390b016c3b887bc98d609dfd2f85') in 0.025352 seconds
Number of updated asset objects reloaded before import = 0
Number of asset objects unloaded after import = 3
========================================================================
Received Import Request.
  Time since last request: 0.023142 seconds.
  path: Assets/Prefabs/Chito_09.asset
  artifactKey: Guid(a8b24c0bb7f08224e8a94b2c59c451e6) Importer(815301076,1909f56bfc062723c751e8b465ee728b)
Start importing Assets/Prefabs/Chito_09.asset using Guid(a8b24c0bb7f08224e8a94b2c59c451e6) Importer(815301076,1909f56bfc062723c751e8b465ee728b)  -> (artifact id: 'e6c35a267bb6a804c30f2137a3b534b1') in 0.003804 seconds
Number of updated asset objects reloaded before import = 0
Number of asset objects unloaded after import = 30
========================================================================
Received Import Request.
  Time since last request: 0.022836 seconds.
  path: Assets/Assets/Images/3성/미디어/치토미디어 측면(좌) 2/치토미디어 측면(좌) 2_00002.png
  artifactKey: Guid(123a733825b14b645825540e9bad2936) Importer(815301076,1909f56bfc062723c751e8b465ee728b)
Start importing Assets/Assets/Images/3성/미디어/치토미디어 측면(좌) 2/치토미디어 측면(좌) 2_00002.png using Guid(123a733825b14b645825540e9bad2936) Importer(815301076,1909f56bfc062723c751e8b465ee728b)  -> (artifact id: '2814d97a861a3a48ccc8cc8de3d63308') in 0.022288 seconds
Number of updated asset objects reloaded before import = 0
Number of asset objects unloaded after import = 2
========================================================================
Received Import Request.
  Time since last request: 0.002120 seconds.
  path: Assets/TextMesh Pro/Examples & Extras/Fonts/Oswald-Bold.ttf
  artifactKey: Guid(c9f6d0e7bc8541498c9a4799ba184ede) Importer(815301076,1909f56bfc062723c751e8b465ee728b)
Start importing Assets/TextMesh Pro/Examples & Extras/Fonts/Oswald-Bold.ttf using Guid(c9f6d0e7bc8541498c9a4799ba184ede) Importer(815301076,1909f56bfc062723c751e8b465ee728b)  -> (artifact id: 'ad0f5fb7ce287f3943c453a0870f16d0') in 0.011099 seconds
Number of updated asset objects reloaded before import = 0
Number of asset objects unloaded after import = 4
========================================================================
Received Import Request.
  Time since last request: 0.018448 seconds.
  path: Assets/TextMesh Pro/Examples & Extras/Fonts/Anton.ttf
  artifactKey: Guid(997a43b767814dd0a7642ec9b78cba41) Importer(815301076,1909f56bfc062723c751e8b465ee728b)
Start importing Assets/TextMesh Pro/Examples & Extras/Fonts/Anton.ttf using Guid(997a43b767814dd0a7642ec9b78cba41) Importer(815301076,1909f56bfc062723c751e8b465ee728b)  -> (artifact id: 'd07c1fec7e1ba8f56ab9eb3c6ff450ce') in 0.009183 seconds
Number of updated asset objects reloaded before import = 0
Number of asset objects unloaded after import = 4
========================================================================
Received Import Request.
  Time since last request: 0.014894 seconds.
  path: Assets/Assets/Images/2성/미디어/치토미디어 정면/치토미디어 정면_00004.png
  artifactKey: Guid(579091177b558bb46903dc98727b900d) Importer(815301076,1909f56bfc062723c751e8b465ee728b)
Start importing Assets/Assets/Images/2성/미디어/치토미디어 정면/치토미디어 정면_00004.png using Guid(579091177b558bb46903dc98727b900d) Importer(815301076,1909f56bfc062723c751e8b465ee728b)  -> (artifact id: 'd99bde3a8288d32dc0296954a618358c') in 0.022131 seconds
Number of updated asset objects reloaded before import = 0
Number of asset objects unloaded after import = 2
========================================================================
Received Import Request.
  Time since last request: 0.048326 seconds.
  path: Assets/Assets/Images/3성/인문대/인문대 측면(우)2/치토인문대 측면(우) 2_00007.png
  artifactKey: Guid(23f0fa852aefb2344b3309e609a55a9f) Importer(815301076,1909f56bfc062723c751e8b465ee728b)
Start importing Assets/Assets/Images/3성/인문대/인문대 측면(우)2/치토인문대 측면(우) 2_00007.png using Guid(23f0fa852aefb2344b3309e609a55a9f) Importer(815301076,1909f56bfc062723c751e8b465ee728b)  -> (artifact id: 'e9de82ecc12d17602ccab170c7b70682') in 0.028189 seconds
Number of updated asset objects reloaded before import = 0
Number of asset objects unloaded after import = 3
========================================================================
Received Import Request.
  Time since last request: 0.004909 seconds.
  path: Assets/Assets/Images/1성/정통대/치토정통대 측면 모션(우)/치토정통대 측면(우)_00008.png
  artifactKey: Guid(c1a7a5c5294168744835062d24493521) Importer(815301076,1909f56bfc062723c751e8b465ee728b)
Start importing Assets/Assets/Images/1성/정통대/치토정통대 측면 모션(우)/치토정통대 측면(우)_00008.png using Guid(c1a7a5c5294168744835062d24493521) Importer(815301076,1909f56bfc062723c751e8b465ee728b)  -> (artifact id: '032a5ad2ee47c46ecfbf0b962e7e9b3c') in 0.026820 seconds
Number of updated asset objects reloaded before import = 0
Number of asset objects unloaded after import = 3
========================================================================
Received Import Request.
  Time since last request: 0.021417 seconds.
  path: Assets/Assets/Images/3성/공대/Gright3.anim
  artifactKey: Guid(6c75a28edfb91ad4fa847f9c0df980ab) Importer(815301076,1909f56bfc062723c751e8b465ee728b)
Start importing Assets/Assets/Images/3성/공대/Gright3.anim using Guid(6c75a28edfb91ad4fa847f9c0df980ab) Importer(815301076,1909f56bfc062723c751e8b465ee728b)  -> (artifact id: '9bc659082ee70e8e2660584918fcad1d') in 0.001370 seconds
Number of updated asset objects reloaded before import = 0
Number of asset objects unloaded after import = 1
========================================================================
Received Import Request.
  Time since last request: 0.017686 seconds.
  path: Assets/Assets/Images/1성/소프트웨어 융합대/치토소융대 측면 모션(우)/치토소융대 측면(우)_00021.png
  artifactKey: Guid(f04f8c2e110420143a8b2f6244f1c387) Importer(815301076,1909f56bfc062723c751e8b465ee728b)
Start importing Assets/Assets/Images/1성/소프트웨어 융합대/치토소융대 측면 모션(우)/치토소융대 측면(우)_00021.png using Guid(f04f8c2e110420143a8b2f6244f1c387) Importer(815301076,1909f56bfc062723c751e8b465ee728b)  -> (artifact id: 'e7b3c852a574658dba9513a5cd951cf3') in 0.028110 seconds
Number of updated asset objects reloaded before import = 0
Number of asset objects unloaded after import = 3
========================================================================
Received Import Request.
  Time since last request: 0.021237 seconds.
  path: Assets/TextMesh Pro/Examples & Extras/Resources/Color Gradient Presets/Dark to Light Green - Vertical.asset
  artifactKey: Guid(4c86a3366cd840348ebe8dc438570ee4) Importer(815301076,1909f56bfc062723c751e8b465ee728b)
Start importing Assets/TextMesh Pro/Examples & Extras/Resources/Color Gradient Presets/Dark to Light Green - Vertical.asset using Guid(4c86a3366cd840348ebe8dc438570ee4) Importer(815301076,1909f56bfc062723c751e8b465ee728b)  -> (artifact id: '7d2ab69f9fee08eaf1321fd62702b6fb') in 0.001224 seconds
Number of updated asset objects reloaded before import = 0
Number of asset objects unloaded after import = 1
========================================================================
Received Import Request.
  Time since last request: 0.010422 seconds.
  path: Assets/Assets/Images/1성/소프트웨어 융합대/치토소융대 측면 모션(좌)/치토소융대 측면(좌)_00012.png
  artifactKey: Guid(3288264c15701d54dabd349e4345ce9a) Importer(815301076,1909f56bfc062723c751e8b465ee728b)
Start importing Assets/Assets/Images/1성/소프트웨어 융합대/치토소융대 측면 모션(좌)/치토소융대 측면(좌)_00012.png using Guid(3288264c15701d54dabd349e4345ce9a) Importer(815301076,1909f56bfc062723c751e8b465ee728b)  -> (artifact id: '00d952658a53963601bac87e2f798294') in 0.030312 seconds
Number of updated asset objects reloaded before import = 0
Number of asset objects unloaded after import = 3
========================================================================
Received Import Request.
  Time since last request: 0.007738 seconds.
  path: Assets/Assets/Images/1성/소프트웨어 융합대/치토소융대 측면 모션(좌)/치토소융대 측면(좌)_00020.png
  artifactKey: Guid(cf9fdca756e0ec64c9a95e28a6af8f6a) Importer(815301076,1909f56bfc062723c751e8b465ee728b)
Start importing Assets/Assets/Images/1성/소프트웨어 융합대/치토소융대 측면 모션(좌)/치토소융대 측면(좌)_00020.png using Guid(cf9fdca756e0ec64c9a95e28a6af8f6a) Importer(815301076,1909f56bfc062723c751e8b465ee728b)  -> (artifact id: 'e8292ab5bee1b4e71826828c08929b7a') in 0.027647 seconds
Number of updated asset objects reloaded before import = 0
Number of asset objects unloaded after import = 3
========================================================================
Received Import Request.
  Time since last request: 0.003930 seconds.
  path: Assets/Assets/Images/1성/소프트웨어 융합대/치토소융대 측면 모션(좌)/치토소융대 측면(좌)_00034.png
  artifactKey: Guid(2c31e5a7652b4fa4db45990d59480576) Importer(815301076,1909f56bfc062723c751e8b465ee728b)
Start importing Assets/Assets/Images/1성/소프트웨어 융합대/치토소융대 측면 모션(좌)/치토소융대 측면(좌)_00034.png using Guid(2c31e5a7652b4fa4db45990d59480576) Importer(815301076,1909f56bfc062723c751e8b465ee728b)  -> (artifact id: '5c115ab590db9b5a38fe9cfac0295f1c') in 0.025337 seconds
Number of updated asset objects reloaded before import = 0
Number of asset objects unloaded after import = 3
========================================================================
Received Import Request.
  Time since last request: 0.022213 seconds.
  path: Assets/Assets/Images/2성/미디어/치토미디어 측면(좌)/치토미디어 측면(좌)_00010.png
  artifactKey: Guid(c046298c6e979454c91e11511e798e45) Importer(815301076,1909f56bfc062723c751e8b465ee728b)
Start importing Assets/Assets/Images/2성/미디어/치토미디어 측면(좌)/치토미디어 측면(좌)_00010.png using Guid(c046298c6e979454c91e11511e798e45) Importer(815301076,1909f56bfc062723c751e8b465ee728b)  -> (artifact id: 'f8c45f41695f3bd7f42019a58560336d') in 0.022177 seconds
Number of updated asset objects reloaded before import = 0
Number of asset objects unloaded after import = 2
========================================================================
Received Import Request.
  Time since last request: 0.008913 seconds.
  path: Assets/Assets/Images/2성/미디어/치토미디어 측면(좌)/치토미디어 측면(좌)_00008.png
  artifactKey: Guid(374f648ba0d875b4ca3ee27dc7c720a4) Importer(815301076,1909f56bfc062723c751e8b465ee728b)
Start importing Assets/Assets/Images/2성/미디어/치토미디어 측면(좌)/치토미디어 측면(좌)_00008.png using Guid(374f648ba0d875b4ca3ee27dc7c720a4) Importer(815301076,1909f56bfc062723c751e8b465ee728b)  -> (artifact id: 'ec3b791c8325964f47da93a77a004e26') in 0.021970 seconds
Number of updated asset objects reloaded before import = 0
Number of asset objects unloaded after import = 2
========================================================================
Received Import Request.
  Time since last request: 0.001990 seconds.
  path: Assets/TextMesh Pro/Resources/LineBreaking Leading Characters.txt
  artifactKey: Guid(d82c1b31c7e74239bff1220585707d2b) Importer(815301076,1909f56bfc062723c751e8b465ee728b)
Start importing Assets/TextMesh Pro/Resources/LineBreaking Leading Characters.txt using Guid(d82c1b31c7e74239bff1220585707d2b) Importer(815301076,1909f56bfc062723c751e8b465ee728b)  -> (artifact id: 'c0e0872a344a2232916630376c77a2c5') in 0.000990 seconds
Number of updated asset objects reloaded before import = 0
Number of asset objects unloaded after import = 1
========================================================================
Received Import Request.
  Time since last request: 0.017123 seconds.
  path: Assets/Assets/Images/1성/의과/치토의과 측면 모션(우)/치토의과 측면(우)_00006.png
  artifactKey: Guid(29cf9c68ad4431d44b9d7d482e4cc782) Importer(815301076,1909f56bfc062723c751e8b465ee728b)
Start importing Assets/Assets/Images/1성/의과/치토의과 측면 모션(우)/치토의과 측면(우)_00006.png using Guid(29cf9c68ad4431d44b9d7d482e4cc782) Importer(815301076,1909f56bfc062723c751e8b465ee728b)  -> (artifact id: 'e8fe5f490125bc87579fae70effffca6') in 0.027577 seconds
Number of updated asset objects reloaded before import = 0
Number of asset objects unloaded after import = 3
========================================================================
Received Import Request.
  Time since last request: 0.017179 seconds.
  path: Assets/TextMesh Pro/Examples & Extras/Textures/Small Crate_diffuse.jpg
  artifactKey: Guid(602cb87b6a29443b8636370ea0751574) Importer(815301076,1909f56bfc062723c751e8b465ee728b)
Start importing Assets/TextMesh Pro/Examples & Extras/Textures/Small Crate_diffuse.jpg using Guid(602cb87b6a29443b8636370ea0751574) Importer(815301076,1909f56bfc062723c751e8b465ee728b)  -> (artifact id: '3ea3ab979f24e72775e11ff9bd21468d') in 0.022667 seconds
Number of updated asset objects reloaded before import = 0
Number of asset objects unloaded after import = 2
========================================================================
Received Import Request.
  Time since last request: 0.007647 seconds.
  path: Assets/Assets/Images/3성/간호대/치토간호대 측면(좌) 2
  artifactKey: Guid(4677d532875530a4c872d660d78691ea) Importer(815301076,1909f56bfc062723c751e8b465ee728b)
Start importing Assets/Assets/Images/3성/간호대/치토간호대 측면(좌) 2 using Guid(4677d532875530a4c872d660d78691ea) Importer(815301076,1909f56bfc062723c751e8b465ee728b)  -> (artifact id: '9ce16b4188b4c6d24a7be47180a1750f') in 0.000478 seconds
Number of updated asset objects reloaded before import = 0
Number of asset objects unloaded after import = 0
========================================================================
Received Import Request.
  Time since last request: 0.046269 seconds.
  path: Assets/TextMesh Pro/Examples & Extras/Prefabs/TextMeshPro - Prefab 2.prefab
  artifactKey: Guid(fdad9d952ae84cafb74c63f2e694d042) Importer(815301076,1909f56bfc062723c751e8b465ee728b)
Start importing Assets/TextMesh Pro/Examples & Extras/Prefabs/TextMeshPro - Prefab 2.prefab using Guid(fdad9d952ae84cafb74c63f2e694d042) Importer(815301076,1909f56bfc062723c751e8b465ee728b)  -> (artifact id: '098b7e4be4f652d75ebeafd086848b56') in 0.018003 seconds
Number of updated asset objects reloaded before import = 0
Number of asset objects unloaded after import = 16
========================================================================
Received Import Request.
  Time since last request: 0.132819 seconds.
  path: Assets/Assets/Images/1성/소프트웨어 융합대/치토소융대 측면 모션(우)/치토소융대 측면(우)_00024.png
  artifactKey: Guid(b5f03366d5a2a8143815ca2b7e4f47a7) Importer(815301076,1909f56bfc062723c751e8b465ee728b)
Start importing Assets/Assets/Images/1성/소프트웨어 융합대/치토소융대 측면 모션(우)/치토소융대 측면(우)_00024.png using Guid(b5f03366d5a2a8143815ca2b7e4f47a7) Importer(815301076,1909f56bfc062723c751e8b465ee728b)  -> (artifact id: '79b5867eb7dffbfa1cbd5b6b90876f73') in 0.027380 seconds
Number of updated asset objects reloaded before import = 0
Number of asset objects unloaded after import = 3
========================================================================
Received Import Request.
  Time since last request: 0.037861 seconds.
  path: Assets/Assets/Images/3성/자연과학대/치토자연과학대 정면 2/치토자연과학대 정면 2_00006.png
  artifactKey: Guid(e09d5a084ef7d0a43a86a316ae29c94d) Importer(815301076,1909f56bfc062723c751e8b465ee728b)
Start importing Assets/Assets/Images/3성/자연과학대/치토자연과학대 정면 2/치토자연과학대 정면 2_00006.png using Guid(e09d5a084ef7d0a43a86a316ae29c94d) Importer(815301076,1909f56bfc062723c751e8b465ee728b)  -> (artifact id: '6b137cde3d6db17909b6fd5569d510cb') in 0.029022 seconds
Number of updated asset objects reloaded before import = 0
Number of asset objects unloaded after import = 3
========================================================================
Received Import Request.
  Time since last request: 0.002051 seconds.
  path: Assets/TextMesh Pro/Examples & Extras/Materials/Crate - Surface Shader Scene.mat
  artifactKey: Guid(e6b9b44320f4448d9d5e0ee634259966) Importer(815301076,1909f56bfc062723c751e8b465ee728b)
Start importing Assets/TextMesh Pro/Examples & Extras/Materials/Crate - Surface Shader Scene.mat using Guid(e6b9b44320f4448d9d5e0ee634259966) Importer(815301076,1909f56bfc062723c751e8b465ee728b)  -> (artifact id: '6dd6e0c80c4ac40767a246fa41d20a0a') in 0.013381 seconds
Number of updated asset objects reloaded before import = 0
Number of asset objects unloaded after import = 3
========================================================================
Received Import Request.
  Time since last request: 0.034998 seconds.
  path: Assets/Assets/Images/2성/사회과학대/치토사회과학대 측면(좌)
  artifactKey: Guid(d10922d0657690b42b900d5205d8e38d) Importer(815301076,1909f56bfc062723c751e8b465ee728b)
Start importing Assets/Assets/Images/2성/사회과학대/치토사회과학대 측면(좌) using Guid(d10922d0657690b42b900d5205d8e38d) Importer(815301076,1909f56bfc062723c751e8b465ee728b)  -> (artifact id: 'aac29843e7d62df7fe92d68907b8481e') in 0.000594 seconds
Number of updated asset objects reloaded before import = 0
Number of asset objects unloaded after import = 0
========================================================================
Received Import Request.
  Time since last request: 0.023981 seconds.
  path: Assets/Assets/Images/3성/소융대/치토소융대 정면 2
  artifactKey: Guid(b69fd376211be2f4aad02d53c839e89d) Importer(815301076,1909f56bfc062723c751e8b465ee728b)
Start importing Assets/Assets/Images/3성/소융대/치토소융대 정면 2 using Guid(b69fd376211be2f4aad02d53c839e89d) Importer(815301076,1909f56bfc062723c751e8b465ee728b)  -> (artifact id: 'e72d271f968a99925cc11ceec4ce135c') in 0.000540 seconds
Number of updated asset objects reloaded before import = 0
Number of asset objects unloaded after import = 0
========================================================================
Received Import Request.
  Time since last request: 0.033468 seconds.
  path: Assets/Assets/Images/1성/소프트웨어 융합대/SWdown.anim
  artifactKey: Guid(695ead56af6c74148b9831fd8294d164) Importer(815301076,1909f56bfc062723c751e8b465ee728b)
Start importing Assets/Assets/Images/1성/소프트웨어 융합대/SWdown.anim using Guid(695ead56af6c74148b9831fd8294d164) Importer(815301076,1909f56bfc062723c751e8b465ee728b)  -> (artifact id: 'd4453b06fe7ad74252364d6ec47af216') in 0.001480 seconds
Number of updated asset objects reloaded before import = 0
Number of asset objects unloaded after import = 1
========================================================================
Received Import Request.
  Time since last request: 0.025892 seconds.
  path: Assets/Assets/Images/1성/의과/치토의과 측면 모션(좌)/치토의과 측면(좌)_00002.png
  artifactKey: Guid(b765e474c31f8f54ab5b83d89062313c) Importer(815301076,1909f56bfc062723c751e8b465ee728b)
Start importing Assets/Assets/Images/1성/의과/치토의과 측면 모션(좌)/치토의과 측면(좌)_00002.png using Guid(b765e474c31f8f54ab5b83d89062313c) Importer(815301076,1909f56bfc062723c751e8b465ee728b)  -> (artifact id: '13d678e9ad03b5c5dabbe23399bf1cb5') in 0.028156 seconds
Number of updated asset objects reloaded before import = 0
Number of asset objects unloaded after import = 3
========================================================================
Received Import Request.
  Time since last request: 0.004277 seconds.
  path: Assets/Assets/Images/2성/미디어/치토미디어 정면/치토미디어 정면_00018.png
  artifactKey: Guid(58688b0c27515c34aa32b4844338a43c) Importer(815301076,1909f56bfc062723c751e8b465ee728b)
Start importing Assets/Assets/Images/2성/미디어/치토미디어 정면/치토미디어 정면_00018.png using Guid(58688b0c27515c34aa32b4844338a43c) Importer(815301076,1909f56bfc062723c751e8b465ee728b)  -> (artifact id: '44a95fdf78e6a37b2ad9a054a7c37876') in 0.030079 seconds
Number of updated asset objects reloaded before import = 0
Number of asset objects unloaded after import = 2
========================================================================
Received Import Request.
  Time since last request: 0.045771 seconds.
  path: Assets/Assets/Images/1성/자연과학대/치토자연과학대 측면 모션(좌)/치토자연과학대 측면(좌)_00004.png
  artifactKey: Guid(cc62997f6ed8b9a43a3215af069b6b55) Importer(815301076,1909f56bfc062723c751e8b465ee728b)
Start importing Assets/Assets/Images/1성/자연과학대/치토자연과학대 측면 모션(좌)/치토자연과학대 측면(좌)_00004.png using Guid(cc62997f6ed8b9a43a3215af069b6b55) Importer(815301076,1909f56bfc062723c751e8b465ee728b)  -> (artifact id: '2f4335b83b078c66d31c6356444f8d5a') in 0.028309 seconds
Number of updated asset objects reloaded before import = 0
Number of asset objects unloaded after import = 3
========================================================================
Received Import Request.
  Time since last request: 0.011342 seconds.
  path: Assets/Assets/Images/3성/자연과학대/자연과학대 측면(우)2/자연과학대 측면(우)2_00019.png
  artifactKey: Guid(298f9f249b1ad2d479d6bf6b9a89159c) Importer(815301076,1909f56bfc062723c751e8b465ee728b)
Start importing Assets/Assets/Images/3성/자연과학대/자연과학대 측면(우)2/자연과학대 측면(우)2_00019.png using Guid(298f9f249b1ad2d479d6bf6b9a89159c) Importer(815301076,1909f56bfc062723c751e8b465ee728b)  -> (artifact id: '3c287fabe2972c93d2e4106c8c85594f') in 0.031614 seconds
Number of updated asset objects reloaded before import = 0
Number of asset objects unloaded after import = 3
========================================================================
Received Import Request.
  Time since last request: 0.009058 seconds.
  path: Assets/Assets/Images/2성/미디어/치토미디어 정면/치토미디어 정면_00000.png
  artifactKey: Guid(542b8c2ca9f1ba749a6f5eef1647035e) Importer(815301076,1909f56bfc062723c751e8b465ee728b)
Start importing Assets/Assets/Images/2성/미디어/치토미디어 정면/치토미디어 정면_00000.png using Guid(542b8c2ca9f1ba749a6f5eef1647035e) Importer(815301076,1909f56bfc062723c751e8b465ee728b)  -> (artifact id: '1dc3dc9e0d45f9c522fd9098510a6db3') in 0.024553 seconds
Number of updated asset objects reloaded before import = 0
Number of asset objects unloaded after import = 2
========================================================================
Received Import Request.
  Time since last request: 0.035905 seconds.
  path: Assets/Assets/Images/1성/약학대/치토약학대 측면 모션(좌)/치토약학대 측면(좌)_00005.png
  artifactKey: Guid(794edfa23cf9efb4a9c3493f60228b0c) Importer(815301076,1909f56bfc062723c751e8b465ee728b)
Start importing Assets/Assets/Images/1성/약학대/치토약학대 측면 모션(좌)/치토약학대 측면(좌)_00005.png using Guid(794edfa23cf9efb4a9c3493f60228b0c) Importer(815301076,1909f56bfc062723c751e8b465ee728b)  -> (artifact id: '07c89cdca5db98d9334ff56eb0556fbe') in 0.028634 seconds
Number of updated asset objects reloaded before import = 0
Number of asset objects unloaded after import = 3
========================================================================
Received Import Request.
  Time since last request: 0.019301 seconds.
  path: Assets/Assets/Images/3성/정통대/치토정통대 정면 2/치토정통대 정면 2_00005.png
  artifactKey: Guid(fa5f25a882c18aa4c9bc4de337c22dbf) Importer(815301076,1909f56bfc062723c751e8b465ee728b)
Start importing Assets/Assets/Images/3성/정통대/치토정통대 정면 2/치토정통대 정면 2_00005.png using Guid(fa5f25a882c18aa4c9bc4de337c22dbf) Importer(815301076,1909f56bfc062723c751e8b465ee728b)  -> (artifact id: 'f5b3076fd5091c7b9ee38f7d9f3ca5f6') in 0.031829 seconds
Number of updated asset objects reloaded before import = 0
Number of asset objects unloaded after import = 3
========================================================================
Received Import Request.
  Time since last request: 0.004111 seconds.
  path: Assets/Assets/Images/3성/자연과학대/치토자연과학대 정면 2/치토자연과학대 정면 2_00000.png
  artifactKey: Guid(6e76b5b6d10003f49b9b000cba0c2caa) Importer(815301076,1909f56bfc062723c751e8b465ee728b)
Start importing Assets/Assets/Images/3성/자연과학대/치토자연과학대 정면 2/치토자연과학대 정면 2_00000.png using Guid(6e76b5b6d10003f49b9b000cba0c2caa) Importer(815301076,1909f56bfc062723c751e8b465ee728b)  -> (artifact id: 'd2dc3a17889abfaaa27d865143f4bcd2') in 0.029146 seconds
Number of updated asset objects reloaded before import = 0
Number of asset objects unloaded after import = 3
========================================================================
Received Import Request.
  Time since last request: 0.019254 seconds.
  path: Assets/Assets/Images/2성/공대/Gup2.anim
  artifactKey: Guid(086f047041f243e4cbcee116ac51df0f) Importer(815301076,1909f56bfc062723c751e8b465ee728b)
Start importing Assets/Assets/Images/2성/공대/Gup2.anim using Guid(086f047041f243e4cbcee116ac51df0f) Importer(815301076,1909f56bfc062723c751e8b465ee728b)  -> (artifact id: 'dd7fabef9c01f8c2876dfdcf19578d98') in 0.001470 seconds
Number of updated asset objects reloaded before import = 0
Number of asset objects unloaded after import = 1
========================================================================
Received Import Request.
  Time since last request: 0.039906 seconds.
  path: Assets/Assets/Images/3성/미디어/치토미디어 측면(좌) 2/치토미디어 측면(좌) 2_00000.png
  artifactKey: Guid(eb021d18c2c5d5640972076d8575cb16) Importer(815301076,1909f56bfc062723c751e8b465ee728b)
Start importing Assets/Assets/Images/3성/미디어/치토미디어 측면(좌) 2/치토미디어 측면(좌) 2_00000.png using Guid(eb021d18c2c5d5640972076d8575cb16) Importer(815301076,1909f56bfc062723c751e8b465ee728b)  -> (artifact id: 'e79b78e238a4c774575e1a8e050cd4f9') in 0.023932 seconds
Number of updated asset objects reloaded before import = 0
Number of asset objects unloaded after import = 2
========================================================================
Received Import Request.
  Time since last request: 0.019296 seconds.
  path: Assets/Assets/Images/1성/정통대/치토정통대 측면 모션(우)/치토정통대 측면(우)_00012.png
  artifactKey: Guid(38b0fcb9b2407944aa5eb72c280ab41f) Importer(815301076,1909f56bfc062723c751e8b465ee728b)
Start importing Assets/Assets/Images/1성/정통대/치토정통대 측면 모션(우)/치토정통대 측면(우)_00012.png using Guid(38b0fcb9b2407944aa5eb72c280ab41f) Importer(815301076,1909f56bfc062723c751e8b465ee728b)  -> (artifact id: '7a78b9521f4a2886be8a4bfbc793b119') in 0.030381 seconds
Number of updated asset objects reloaded before import = 0
Number of asset objects unloaded after import = 3
========================================================================
Received Import Request.
  Time since last request: 0.006202 seconds.
  path: Assets/Assets/Images/3성/의과/치토의과 측면(좌) 2
  artifactKey: Guid(9e591f5f093842948ae9aa6221c27fc8) Importer(815301076,1909f56bfc062723c751e8b465ee728b)
Start importing Assets/Assets/Images/3성/의과/치토의과 측면(좌) 2 using Guid(9e591f5f093842948ae9aa6221c27fc8) Importer(815301076,1909f56bfc062723c751e8b465ee728b)  -> (artifact id: 'fcafa7ac9e6457393ff0c535af68693d') in 0.000487 seconds
Number of updated asset objects reloaded before import = 0
Number of asset objects unloaded after import = 0
========================================================================
Received Import Request.
  Time since last request: 0.007500 seconds.
  path: Assets/Assets/Images/1성/약학대/Mdown.anim
  artifactKey: Guid(890329ea371f2ce4582bd53cbbb57715) Importer(815301076,1909f56bfc062723c751e8b465ee728b)
Start importing Assets/Assets/Images/1성/약학대/Mdown.anim using Guid(890329ea371f2ce4582bd53cbbb57715) Importer(815301076,1909f56bfc062723c751e8b465ee728b)  -> (artifact id: '21840f7ecbd13dc719877b61a90153f6') in 0.001390 seconds
Number of updated asset objects reloaded before import = 0
Number of asset objects unloaded after import = 1
========================================================================
Received Import Request.
  Time since last request: 0.014162 seconds.
  path: Assets/Assets/Images/1성/소프트웨어 융합대/치토소융대 측면 모션(좌)/치토소융대 측면(좌)_00029.png
  artifactKey: Guid(2ac7744e47668034e93fa98b366b25d1) Importer(815301076,1909f56bfc062723c751e8b465ee728b)
Start importing Assets/Assets/Images/1성/소프트웨어 융합대/치토소융대 측면 모션(좌)/치토소융대 측면(좌)_00029.png using Guid(2ac7744e47668034e93fa98b366b25d1) Importer(815301076,1909f56bfc062723c751e8b465ee728b)  -> (artifact id: 'de335df41ce44f97855da92332ce1c63') in 0.032924 seconds
Number of updated asset objects reloaded before import = 0
Number of asset objects unloaded after import = 3
========================================================================
Received Import Request.
  Time since last request: 0.029391 seconds.
  path: Assets/Assets/Images/3성/자연과학대/치토자연과학대 정면 2/치토자연과학대 정면 2_00009.png
  artifactKey: Guid(059272fc921400e42a88721c48383b7e) Importer(815301076,1909f56bfc062723c751e8b465ee728b)
Start importing Assets/Assets/Images/3성/자연과학대/치토자연과학대 정면 2/치토자연과학대 정면 2_00009.png using Guid(059272fc921400e42a88721c48383b7e) Importer(815301076,1909f56bfc062723c751e8b465ee728b)  -> (artifact id: 'f138ad4a94ae79f27a96912272db6330') in 0.029347 seconds
Number of updated asset objects reloaded before import = 0
Number of asset objects unloaded after import = 3
========================================================================
Received Import Request.
  Time since last request: 0.010327 seconds.
  path: Assets/Assets/Images/2성/미디어
  artifactKey: Guid(54861ee4d9562704a9099c7c3c995c57) Importer(815301076,1909f56bfc062723c751e8b465ee728b)
Start importing Assets/Assets/Images/2성/미디어 using Guid(54861ee4d9562704a9099c7c3c995c57) Importer(815301076,1909f56bfc062723c751e8b465ee728b)  -> (artifact id: '48a0e932be28a7b63ad0e7ebb1f2b894') in 0.000541 seconds
Number of updated asset objects reloaded before import = 0
Number of asset objects unloaded after import = 0
========================================================================
Received Import Request.
  Time since last request: 0.069043 seconds.
  path: Assets/Assets/Images/2성/미디어/치토미디어 후면/치토미디어 후면_00007.png
  artifactKey: Guid(3bcc9e4573ed6d449898e7d694b3f83e) Importer(815301076,1909f56bfc062723c751e8b465ee728b)
Start importing Assets/Assets/Images/2성/미디어/치토미디어 후면/치토미디어 후면_00007.png using Guid(3bcc9e4573ed6d449898e7d694b3f83e) Importer(815301076,1909f56bfc062723c751e8b465ee728b)  -> (artifact id: '20ee63d8d694116817f5b7409851dec4') in 0.023740 seconds
Number of updated asset objects reloaded before import = 0
Number of asset objects unloaded after import = 2
========================================================================
Received Import Request.
  Time since last request: 0.004103 seconds.
  path: Assets/Assets/Images/3성/미디어/치토미디어 정면 2/치토미디어 정면 2_00018.png
  artifactKey: Guid(17b8b2dd20cb0bd48aac038f0dda4103) Importer(815301076,1909f56bfc062723c751e8b465ee728b)
Start importing Assets/Assets/Images/3성/미디어/치토미디어 정면 2/치토미디어 정면 2_00018.png using Guid(17b8b2dd20cb0bd48aac038f0dda4103) Importer(815301076,1909f56bfc062723c751e8b465ee728b)  -> (artifact id: '724f95e26e791cdfe7962a763a36017e') in 0.025759 seconds
Number of updated asset objects reloaded before import = 0
Number of asset objects unloaded after import = 2
========================================================================
Received Import Request.
  Time since last request: 0.019885 seconds.
  path: Assets/Assets/Images/2성/미디어/치토미디어 후면/치토미디어 후면_00002.png
  artifactKey: Guid(3c93252bd6c740443b4d5e26ee1f15fc) Importer(815301076,1909f56bfc062723c751e8b465ee728b)
Start importing Assets/Assets/Images/2성/미디어/치토미디어 후면/치토미디어 후면_00002.png using Guid(3c93252bd6c740443b4d5e26ee1f15fc) Importer(815301076,1909f56bfc062723c751e8b465ee728b)  -> (artifact id: '53582ab35da675c56d2b47922697f3e5') in 0.022313 seconds
Number of updated asset objects reloaded before import = 0
Number of asset objects unloaded after import = 2
========================================================================
Received Import Request.
  Time since last request: 0.008232 seconds.
  path: Assets/Assets/Images/2성/미디어/치토미디어 측면(좌)/치토미디어 측면(좌)_00003.png
  artifactKey: Guid(836103e1903dc6c4296c04cdc6a31d19) Importer(815301076,1909f56bfc062723c751e8b465ee728b)
Start importing Assets/Assets/Images/2성/미디어/치토미디어 측면(좌)/치토미디어 측면(좌)_00003.png using Guid(836103e1903dc6c4296c04cdc6a31d19) Importer(815301076,1909f56bfc062723c751e8b465ee728b)  -> (artifact id: 'a422765b5ead4d9b02b669105cb63372') in 0.022482 seconds
Number of updated asset objects reloaded before import = 0
Number of asset objects unloaded after import = 2
========================================================================
Received Import Request.
  Time since last request: 0.002195 seconds.
  path: Assets/TextMesh Pro/Examples & Extras/Scripts/TMP_FrameRateCounter.cs
  artifactKey: Guid(686ec78b56aa445795335fbadafcfaa4) Importer(815301076,1909f56bfc062723c751e8b465ee728b)
Start importing Assets/TextMesh Pro/Examples & Extras/Scripts/TMP_FrameRateCounter.cs using Guid(686ec78b56aa445795335fbadafcfaa4) Importer(815301076,1909f56bfc062723c751e8b465ee728b)  -> (artifact id: '5de035903632b321be43e3e9e6c46899') in 0.000512 seconds
Number of updated asset objects reloaded before import = 0
Number of asset objects unloaded after import = 0
========================================================================
Received Import Request.
  Time since last request: 0.022983 seconds.
  path: Assets/Assets/Images/1성/자연과학대/치토자연과학대 측면 모션(우)/치토자연과학대 측면(우)_00007.png
  artifactKey: Guid(dc2fb5ba10eb32c4193d61d98388fe13) Importer(815301076,1909f56bfc062723c751e8b465ee728b)
Start importing Assets/Assets/Images/1성/자연과학대/치토자연과학대 측면 모션(우)/치토자연과학대 측면(우)_00007.png using Guid(dc2fb5ba10eb32c4193d61d98388fe13) Importer(815301076,1909f56bfc062723c751e8b465ee728b)  -> (artifact id: '286de07604f5af7263b61245174a63a0') in 0.025847 seconds
Number of updated asset objects reloaded before import = 0
Number of asset objects unloaded after import = 3
========================================================================
Received Import Request.
  Time since last request: 0.010512 seconds.
  path: Assets/Assets/Images/2성/미디어/치토미디어 측면(좌)/치토미디어 측면(좌)_00018.png
  artifactKey: Guid(d9abebd5865870e4fb7f8bcebb933eec) Importer(815301076,1909f56bfc062723c751e8b465ee728b)
Start importing Assets/Assets/Images/2성/미디어/치토미디어 측면(좌)/치토미디어 측면(좌)_00018.png using Guid(d9abebd5865870e4fb7f8bcebb933eec) Importer(815301076,1909f56bfc062723c751e8b465ee728b)  -> (artifact id: '5f0dc32373c02eb93ed7ef1f5ffdfb0d') in 0.022596 seconds
Number of updated asset objects reloaded before import = 0
Number of asset objects unloaded after import = 2
========================================================================
Received Import Request.
  Time since last request: 0.022336 seconds.
  path: Assets/Assets/Images/3성/인문대/치토인문대 정면 2/치토인문대 정면 2_00007.png
  artifactKey: Guid(363f4a71e12e14c46b780a47bba37cc0) Importer(815301076,1909f56bfc062723c751e8b465ee728b)
Start importing Assets/Assets/Images/3성/인문대/치토인문대 정면 2/치토인문대 정면 2_00007.png using Guid(363f4a71e12e14c46b780a47bba37cc0) Importer(815301076,1909f56bfc062723c751e8b465ee728b)  -> (artifact id: '0ad4e7a0fb09b178084c2e48dfe01379') in 0.029375 seconds
Number of updated asset objects reloaded before import = 0
Number of asset objects unloaded after import = 3
========================================================================
Received Import Request.
  Time since last request: 0.046219 seconds.
  path: Assets/Assets/Images/1성/의과/치토의과 측면 모션(우)/치토의과 측면(우)_00011.png
  artifactKey: Guid(cd85ff4e15ff23b4b9ec8721ba56280e) Importer(815301076,1909f56bfc062723c751e8b465ee728b)
Start importing Assets/Assets/Images/1성/의과/치토의과 측면 모션(우)/치토의과 측면(우)_00011.png using Guid(cd85ff4e15ff23b4b9ec8721ba56280e) Importer(815301076,1909f56bfc062723c751e8b465ee728b)  -> (artifact id: '226b5a78d7aec495f058cb7687d1bb01') in 0.026440 seconds
Number of updated asset objects reloaded before import = 0
Number of asset objects unloaded after import = 3
========================================================================
Received Import Request.
  Time since last request: 0.039435 seconds.
  path: Assets/Assets/Images/1성/소프트웨어 융합대/치토소융대 측면 모션(우)/치토소융대 측면(우)_00004.png
  artifactKey: Guid(81da9918633dff949adf6b4b98d514f0) Importer(815301076,1909f56bfc062723c751e8b465ee728b)
Start importing Assets/Assets/Images/1성/소프트웨어 융합대/치토소융대 측면 모션(우)/치토소융대 측면(우)_00004.png using Guid(81da9918633dff949adf6b4b98d514f0) Importer(815301076,1909f56bfc062723c751e8b465ee728b)  -> (artifact id: 'ab2b43018be49dae1a16a8a16c882b34') in 0.026041 seconds
Number of updated asset objects reloaded before import = 0
Number of asset objects unloaded after import = 3
========================================================================
Received Import Request.
  Time since last request: 0.004495 seconds.
  path: Assets/Assets/Images/1성/소프트웨어 융합대/치토소융대 측면 모션(우)/치토소융대 측면(우)_00013.png
  artifactKey: Guid(0668e5ea717eaac418b4eb53b1aa65cd) Importer(815301076,1909f56bfc062723c751e8b465ee728b)
Start importing Assets/Assets/Images/1성/소프트웨어 융합대/치토소융대 측면 모션(우)/치토소융대 측면(우)_00013.png using Guid(0668e5ea717eaac418b4eb53b1aa65cd) Importer(815301076,1909f56bfc062723c751e8b465ee728b)  -> (artifact id: '19dcfd89f2a043ca6d0252ab8eb304c1') in 0.025860 seconds
Number of updated asset objects reloaded before import = 0
Number of asset objects unloaded after import = 3
========================================================================
Received Import Request.
  Time since last request: 0.015103 seconds.
  path: Assets/Assets/Images/3성/자연과학대/자연과학대 측면(우)2/자연과학대 측면(우)2_00007.png
  artifactKey: Guid(6797a5e72f43ebb418262bc1d9e45e76) Importer(815301076,1909f56bfc062723c751e8b465ee728b)
Start importing Assets/Assets/Images/3성/자연과학대/자연과학대 측면(우)2/자연과학대 측면(우)2_00007.png using Guid(6797a5e72f43ebb418262bc1d9e45e76) Importer(815301076,1909f56bfc062723c751e8b465ee728b)  -> (artifact id: '4aa35b0cd43dc09acb36b61a93eceaf6') in 0.027812 seconds
Number of updated asset objects reloaded before import = 0
Number of asset objects unloaded after import = 3
========================================================================
Received Import Request.
  Time since last request: 0.012843 seconds.
  path: Assets/Assets/Images/3성/인문대/치토인문대 정면 2/치토인문대 정면 2_00003.png
  artifactKey: Guid(8b6c14165a39ef2489cf10a8ba7eedf7) Importer(815301076,1909f56bfc062723c751e8b465ee728b)
Start importing Assets/Assets/Images/3성/인문대/치토인문대 정면 2/치토인문대 정면 2_00003.png using Guid(8b6c14165a39ef2489cf10a8ba7eedf7) Importer(815301076,1909f56bfc062723c751e8b465ee728b)  -> (artifact id: '7ee182acfe0b36e0c8d9dba22eb221a5') in 0.027531 seconds
Number of updated asset objects reloaded before import = 0
Number of asset objects unloaded after import = 3
========================================================================
Received Import Request.
  Time since last request: 0.016528 seconds.
  path: Assets/Assets/Images/3성/간호대/Nup3.anim
  artifactKey: Guid(bebea87abc1989d4f9451b17424a6221) Importer(815301076,1909f56bfc062723c751e8b465ee728b)
Start importing Assets/Assets/Images/3성/간호대/Nup3.anim using Guid(bebea87abc1989d4f9451b17424a6221) Importer(815301076,1909f56bfc062723c751e8b465ee728b)  -> (artifact id: '421d4433ac428c111d271332745d2d69') in 0.001353 seconds
Number of updated asset objects reloaded before import = 0
Number of asset objects unloaded after import = 1
========================================================================
Received Import Request.
  Time since last request: 0.012610 seconds.
  path: Assets/Assets/Images/3성/인문대/인문대 측면(우)2/치토인문대 측면(우) 2_00018.png
  artifactKey: Guid(7f1de428345422a46877f8290f91b436) Importer(815301076,1909f56bfc062723c751e8b465ee728b)
Start importing Assets/Assets/Images/3성/인문대/인문대 측면(우)2/치토인문대 측면(우) 2_00018.png using Guid(7f1de428345422a46877f8290f91b436) Importer(815301076,1909f56bfc062723c751e8b465ee728b)  -> (artifact id: '2be2bb6c898e4aed2bb6914934d4d8bd') in 0.027086 seconds
Number of updated asset objects reloaded before import = 0
Number of asset objects unloaded after import = 3
========================================================================
Received Import Request.
  Time since last request: 0.016176 seconds.
  path: Assets/Assets/Images/3성/미디어/치토미디어 후면 2/치토미디어 후면 2_00004.png
  artifactKey: Guid(4937d41e062cf914d89b8b10e46b4002) Importer(815301076,1909f56bfc062723c751e8b465ee728b)
Start importing Assets/Assets/Images/3성/미디어/치토미디어 후면 2/치토미디어 후면 2_00004.png using Guid(4937d41e062cf914d89b8b10e46b4002) Importer(815301076,1909f56bfc062723c751e8b465ee728b)  -> (artifact id: 'b0cf4e8fb7ed07d84dbb440ba2790a7b') in 0.022534 seconds
Number of updated asset objects reloaded before import = 0
Number of asset objects unloaded after import = 2
========================================================================
Received Import Request.
  Time since last request: 0.023300 seconds.
  path: Assets/Assets/Images/2성/인문대/치토인문대 측면(좌)
  artifactKey: Guid(5f7a9b2567c371247a62fbce5d797eb5) Importer(815301076,1909f56bfc062723c751e8b465ee728b)
Start importing Assets/Assets/Images/2성/인문대/치토인문대 측면(좌) using Guid(5f7a9b2567c371247a62fbce5d797eb5) Importer(815301076,1909f56bfc062723c751e8b465ee728b)  -> (artifact id: 'f8d419b3db4e62a86f8487d030675da3') in 0.000557 seconds
Number of updated asset objects reloaded before import = 0
Number of asset objects unloaded after import = 0
========================================================================
Received Import Request.
  Time since last request: 0.020395 seconds.
  path: Assets/Scripts/Jin/TowerDataViewer.cs
  artifactKey: Guid(d0584d73062ed0247950ee8445d720cd) Importer(815301076,1909f56bfc062723c751e8b465ee728b)
Start importing Assets/Scripts/Jin/TowerDataViewer.cs using Guid(d0584d73062ed0247950ee8445d720cd) Importer(815301076,1909f56bfc062723c751e8b465ee728b)  -> (artifact id: '69c96245da53349f546b72e8c1047666') in 0.000561 seconds
Number of updated asset objects reloaded before import = 0
Number of asset objects unloaded after import = 0
========================================================================
Received Import Request.
  Time since last request: 0.001073 seconds.
  path: Assets/Assets/Images/2성/공대/치토공대 후면
  artifactKey: Guid(d811c5f5cc86fb645a0c910388eb1e2b) Importer(815301076,1909f56bfc062723c751e8b465ee728b)
Start importing Assets/Assets/Images/2성/공대/치토공대 후면 using Guid(d811c5f5cc86fb645a0c910388eb1e2b) Importer(815301076,1909f56bfc062723c751e8b465ee728b)  -> (artifact id: 'a148f4d0d58fc1eac2625f5c9e028049') in 0.000361 seconds
Number of updated asset objects reloaded before import = 0
Number of asset objects unloaded after import = 0
========================================================================
Received Import Request.
  Time since last request: 0.006952 seconds.
  path: Assets/Assets/Images/1성/소프트웨어 융합대/치토소융대 측면 모션(좌)/치토소융대 측면(좌)_00038.png
  artifactKey: Guid(8adb541908309a842b0e77c6f9faeff0) Importer(815301076,1909f56bfc062723c751e8b465ee728b)
Start importing Assets/Assets/Images/1성/소프트웨어 융합대/치토소융대 측면 모션(좌)/치토소융대 측면(좌)_00038.png using Guid(8adb541908309a842b0e77c6f9faeff0) Importer(815301076,1909f56bfc062723c751e8b465ee728b)  -> (artifact id: '274f5c4f3a2aed16dfde5c2d57998a5c') in 0.026252 seconds
Number of updated asset objects reloaded before import = 0
Number of asset objects unloaded after import = 3
========================================================================
Received Import Request.
  Time since last request: 0.006894 seconds.
  path: Assets/Assets/Images/2성/약학대/치토약학대 측면(좌)
  artifactKey: Guid(5141540d58cb33e448e4b25dd0560e97) Importer(815301076,1909f56bfc062723c751e8b465ee728b)
Start importing Assets/Assets/Images/2성/약학대/치토약학대 측면(좌) using Guid(5141540d58cb33e448e4b25dd0560e97) Importer(815301076,1909f56bfc062723c751e8b465ee728b)  -> (artifact id: '3467361e8f8b78e88f5328db29fe877e') in 0.000444 seconds
Number of updated asset objects reloaded before import = 0
Number of asset objects unloaded after import = 0
========================================================================
Received Import Request.
  Time since last request: 0.051052 seconds.
  path: Assets/Assets/Images/2성/의과
  artifactKey: Guid(6cef7e84a7755e24e80a182633d6a298) Importer(815301076,1909f56bfc062723c751e8b465ee728b)
Start importing Assets/Assets/Images/2성/의과 using Guid(6cef7e84a7755e24e80a182633d6a298) Importer(815301076,1909f56bfc062723c751e8b465ee728b)  -> (artifact id: '37b06b8a5a1df3349fc82acf358e8747') in 0.000523 seconds
Number of updated asset objects reloaded before import = 0
Number of asset objects unloaded after import = 0
========================================================================
Received Import Request.
  Time since last request: 0.009063 seconds.
  path: Assets/TextMesh Pro/Shaders
  artifactKey: Guid(e369e473347050646a947b51d395ae48) Importer(815301076,1909f56bfc062723c751e8b465ee728b)
Start importing Assets/TextMesh Pro/Shaders using Guid(e369e473347050646a947b51d395ae48) Importer(815301076,1909f56bfc062723c751e8b465ee728b)  -> (artifact id: 'b466c5d5a3fff041e53ee1bfc807cb53') in 0.000444 seconds
Number of updated asset objects reloaded before import = 0
Number of asset objects unloaded after import = 0
========================================================================
Received Import Request.
  Time since last request: 0.012301 seconds.
  path: Assets/Assets/Images/3성/정통대/치토정통대 정면 2/치토정통대 정면 2_00006.png
  artifactKey: Guid(ed7289fc6400ca44fae586a6b9a8c2cf) Importer(815301076,1909f56bfc062723c751e8b465ee728b)
Start importing Assets/Assets/Images/3성/정통대/치토정통대 정면 2/치토정통대 정면 2_00006.png using Guid(ed7289fc6400ca44fae586a6b9a8c2cf) Importer(815301076,1909f56bfc062723c751e8b465ee728b)  -> (artifact id: '2cebf15a92ed9d7967fde713d487d55a') in 0.027839 seconds
Number of updated asset objects reloaded before import = 0
Number of asset objects unloaded after import = 3
========================================================================
Received Import Request.
  Time since last request: 0.007860 seconds.
  path: Assets/Assets/Images/1성/소프트웨어 융합대/치토소융대 측면 모션(우)/치토소융대 측면(우)_00022.png
  artifactKey: Guid(b614ad68a9cca4e49b56a90b916b3d72) Importer(815301076,1909f56bfc062723c751e8b465ee728b)
Start importing Assets/Assets/Images/1성/소프트웨어 융합대/치토소융대 측면 모션(우)/치토소융대 측면(우)_00022.png using Guid(b614ad68a9cca4e49b56a90b916b3d72) Importer(815301076,1909f56bfc062723c751e8b465ee728b)  -> (artifact id: '99a25979d36ab833a165988418a1d91b') in 0.028986 seconds
Number of updated asset objects reloaded before import = 0
Number of asset objects unloaded after import = 3
========================================================================
Received Import Request.
  Time since last request: 0.032459 seconds.
  path: Assets/Assets/Images/2성/소융대/치토소융대 측면(좌)
  artifactKey: Guid(18891a0f0c67044478a1f76613b61e97) Importer(815301076,1909f56bfc062723c751e8b465ee728b)
Start importing Assets/Assets/Images/2성/소융대/치토소융대 측면(좌) using Guid(18891a0f0c67044478a1f76613b61e97) Importer(815301076,1909f56bfc062723c751e8b465ee728b)  -> (artifact id: '0fd7fb46e7b0100ff3cc1bdc4e056f4b') in 0.000550 seconds
Number of updated asset objects reloaded before import = 0
Number of asset objects unloaded after import = 0
========================================================================
Received Import Request.
  Time since last request: 0.005489 seconds.
  path: Assets/Assets/Images/2성/인문대/치토인문대 정면
  artifactKey: Guid(40c8d5c025f225e428bff6cd5246bc1a) Importer(815301076,1909f56bfc062723c751e8b465ee728b)
Start importing Assets/Assets/Images/2성/인문대/치토인문대 정면 using Guid(40c8d5c025f225e428bff6cd5246bc1a) Importer(815301076,1909f56bfc062723c751e8b465ee728b)  -> (artifact id: 'b0709316d08b11c975211bb9406ae2a6') in 0.000430 seconds
Number of updated asset objects reloaded before import = 0
Number of asset objects unloaded after import = 0
========================================================================
Received Import Request.
  Time since last request: 0.022959 seconds.
  path: Assets/Assets/Images/2성/간호대/간호 측면(우)
  artifactKey: Guid(0611ae618de44b845899e9487cc59fe5) Importer(815301076,1909f56bfc062723c751e8b465ee728b)
Start importing Assets/Assets/Images/2성/간호대/간호 측면(우) using Guid(0611ae618de44b845899e9487cc59fe5) Importer(815301076,1909f56bfc062723c751e8b465ee728b)  -> (artifact id: '0762c33b6247ec6a71a1a5d015dfac1d') in 0.000485 seconds
Number of updated asset objects reloaded before import = 0
Number of asset objects unloaded after import = 0
========================================================================
Received Import Request.
  Time since last request: 0.019941 seconds.
  path: Assets/Assets/Images/3성/인문대/치토인문대 정면 2/치토인문대 정면 2_00002.png
  artifactKey: Guid(cac46b537fa595a4e844a985da2abceb) Importer(815301076,1909f56bfc062723c751e8b465ee728b)
Start importing Assets/Assets/Images/3성/인문대/치토인문대 정면 2/치토인문대 정면 2_00002.png using Guid(cac46b537fa595a4e844a985da2abceb) Importer(815301076,1909f56bfc062723c751e8b465ee728b)  -> (artifact id: '4aab1bed9457d211b31c03a58f8c0aa3') in 0.028529 seconds
Number of updated asset objects reloaded before import = 0
Number of asset objects unloaded after import = 3
========================================================================
Received Import Request.
  Time since last request: 0.019352 seconds.
  path: Assets/Assets/Images/2성/인문대
  artifactKey: Guid(2866e69d39169ea449c3e2c501865af4) Importer(815301076,1909f56bfc062723c751e8b465ee728b)
Start importing Assets/Assets/Images/2성/인문대 using Guid(2866e69d39169ea449c3e2c501865af4) Importer(815301076,1909f56bfc062723c751e8b465ee728b)  -> (artifact id: '04e1b6c69f48de4e0806e3eed06ac0f3') in 0.000508 seconds
Number of updated asset objects reloaded before import = 0
Number of asset objects unloaded after import = 0
========================================================================
Received Import Request.
  Time since last request: 0.001238 seconds.
  path: Assets/Assets/Images/3성/의과/치토의과 정면 2
  artifactKey: Guid(0730c16a0afe45249b823258bdb69bea) Importer(815301076,1909f56bfc062723c751e8b465ee728b)
Start importing Assets/Assets/Images/3성/의과/치토의과 정면 2 using Guid(0730c16a0afe45249b823258bdb69bea) Importer(815301076,1909f56bfc062723c751e8b465ee728b)  -> (artifact id: 'ebf40a30a48af40fd1e4a5e8ce17b3bd') in 0.000416 seconds
Number of updated asset objects reloaded before import = 0
Number of asset objects unloaded after import = 0
========================================================================
Received Import Request.
  Time since last request: 0.007412 seconds.
  path: Assets/Assets/Images/1성/소프트웨어 융합대/치토소융대 후면 모션/치토소융대 후면_00006.png
  artifactKey: Guid(a30988de90fe5fb4a9838d2fd2bedd80) Importer(815301076,1909f56bfc062723c751e8b465ee728b)
Start importing Assets/Assets/Images/1성/소프트웨어 융합대/치토소융대 후면 모션/치토소융대 후면_00006.png using Guid(a30988de90fe5fb4a9838d2fd2bedd80) Importer(815301076,1909f56bfc062723c751e8b465ee728b)  -> (artifact id: 'b1f16008f61ff8b6e712bab50b42f587') in 0.027151 seconds
Number of updated asset objects reloaded before import = 0
Number of asset objects unloaded after import = 3
========================================================================
Received Import Request.
  Time since last request: 0.009510 seconds.
  path: Assets/TextMesh Pro/Sprites/EmojiOne.json
  artifactKey: Guid(8f05276190cf498a8153f6cbe761d4e6) Importer(815301076,1909f56bfc062723c751e8b465ee728b)
Start importing Assets/TextMesh Pro/Sprites/EmojiOne.json using Guid(8f05276190cf498a8153f6cbe761d4e6) Importer(815301076,1909f56bfc062723c751e8b465ee728b)  -> (artifact id: '40ec48189e7285c5a95e70ea17d6f693') in 0.001046 seconds
Number of updated asset objects reloaded before import = 0
Number of asset objects unloaded after import = 1
========================================================================
Received Import Request.
  Time since last request: 0.001045 seconds.
  path: Assets/Assets/Images/2성/정통대/치토정통대 후면
  artifactKey: Guid(a67982e9ee2e0d649bd0ff90680a77b0) Importer(815301076,1909f56bfc062723c751e8b465ee728b)
Start importing Assets/Assets/Images/2성/정통대/치토정통대 후면 using Guid(a67982e9ee2e0d649bd0ff90680a77b0) Importer(815301076,1909f56bfc062723c751e8b465ee728b)  -> (artifact id: 'ba8f2423f2c93f2cedcfcf119e4c9190') in 0.000381 seconds
Number of updated asset objects reloaded before import = 0
Number of asset objects unloaded after import = 0
========================================================================
Received Import Request.
  Time since last request: 0.005143 seconds.
  path: Assets/TextMesh Pro/Examples & Extras/Scenes/17 - Old Computer Terminal.unity
  artifactKey: Guid(3e2e4d7b0bed4cf9ab827e9f32448f69) Importer(815301076,1909f56bfc062723c751e8b465ee728b)
Start importing Assets/TextMesh Pro/Examples & Extras/Scenes/17 - Old Computer Terminal.unity using Guid(3e2e4d7b0bed4cf9ab827e9f32448f69) Importer(815301076,1909f56bfc062723c751e8b465ee728b)  -> (artifact id: '8954bfad614b9abfe917baa16e6029a2') in 0.000434 seconds
Number of updated asset objects reloaded before import = 0
Number of asset objects unloaded after import = 0
========================================================================
Received Import Request.
  Time since last request: 0.008897 seconds.
  path: Assets/Prefabs/Chito_04.asset
  artifactKey: Guid(16eb9f3ffff7ae8458084f5049fa88b4) Importer(815301076,1909f56bfc062723c751e8b465ee728b)
Start importing Assets/Prefabs/Chito_04.asset using Guid(16eb9f3ffff7ae8458084f5049fa88b4) Importer(815301076,1909f56bfc062723c751e8b465ee728b)  -> (artifact id: 'f9c67b088d1a07efc1a680ff10aa3c6f') in 0.012855 seconds
Number of updated asset objects reloaded before import = 0
Number of asset objects unloaded after import = 95
========================================================================
Received Import Request.
  Time since last request: 0.002920 seconds.
  path: Assets/TextMesh Pro/Examples & Extras/Textures/Floor Tiles 1 - diffuse.jpg
  artifactKey: Guid(85ac55597b97403c82fc6601a93cf241) Importer(815301076,1909f56bfc062723c751e8b465ee728b)
Start importing Assets/TextMesh Pro/Examples & Extras/Textures/Floor Tiles 1 - diffuse.jpg using Guid(85ac55597b97403c82fc6601a93cf241) Importer(815301076,1909f56bfc062723c751e8b465ee728b)  -> (artifact id: '9a51b2468827cc806f6e6909eff194a2') in 0.022377 seconds
Number of updated asset objects reloaded before import = 0
Number of asset objects unloaded after import = 2
========================================================================
Received Import Request.
  Time since last request: 0.009739 seconds.
  path: Assets/Assets/Images/3성/정통대/치토정통대 정면 2
  artifactKey: Guid(3cea96e64a2cdb3449ef66b681afe5a4) Importer(815301076,1909f56bfc062723c751e8b465ee728b)
Start importing Assets/Assets/Images/3성/정통대/치토정통대 정면 2 using Guid(3cea96e64a2cdb3449ef66b681afe5a4) Importer(815301076,1909f56bfc062723c751e8b465ee728b)  -> (artifact id: 'd45dd5c78367b532711c609f967d4472') in 0.000495 seconds
Number of updated asset objects reloaded before import = 0
Number of asset objects unloaded after import = 0
========================================================================
Received Import Request.
  Time since last request: 0.017943 seconds.
  path: Assets/TextMesh Pro/Examples & Extras/Scripts/VertexJitter.cs
  artifactKey: Guid(2ed57967c52645d390a89dcf8f61ba73) Importer(815301076,1909f56bfc062723c751e8b465ee728b)
Start importing Assets/TextMesh Pro/Examples & Extras/Scripts/VertexJitter.cs using Guid(2ed57967c52645d390a89dcf8f61ba73) Importer(815301076,1909f56bfc062723c751e8b465ee728b)  -> (artifact id: '5658357ca57901ac298d022534f1357c') in 0.000539 seconds
Number of updated asset objects reloaded before import = 0
Number of asset objects unloaded after import = 0
========================================================================
Received Import Request.
  Time since last request: 0.003016 seconds.
  path: Assets/Assets/Images/1성/소프트웨어 융합대/치토소융대 측면 모션(좌)/치토소융대 측면(좌)_00032.png
  artifactKey: Guid(f8187233e520c4247a01d42e72270cf6) Importer(815301076,1909f56bfc062723c751e8b465ee728b)
Start importing Assets/Assets/Images/1성/소프트웨어 융합대/치토소융대 측면 모션(좌)/치토소융대 측면(좌)_00032.png using Guid(f8187233e520c4247a01d42e72270cf6) Importer(815301076,1909f56bfc062723c751e8b465ee728b)  -> (artifact id: '3992afa0d85ccf9799f174c3be20f492') in 0.028041 seconds
Number of updated asset objects reloaded before import = 0
Number of asset objects unloaded after import = 3
========================================================================
Received Import Request.
  Time since last request: 0.019744 seconds.
  path: Assets/Assets/Images/1성/소프트웨어 융합대/치토소융대 후면 모션/치토소융대 후면_00000.png
  artifactKey: Guid(21f1a0182532cb44dbfd76782329dce4) Importer(815301076,1909f56bfc062723c751e8b465ee728b)
Start importing Assets/Assets/Images/1성/소프트웨어 융합대/치토소융대 후면 모션/치토소융대 후면_00000.png using Guid(21f1a0182532cb44dbfd76782329dce4) Importer(815301076,1909f56bfc062723c751e8b465ee728b)  -> (artifact id: '85b574b476139adb73135d453d76f3ac') in 0.026037 seconds
Number of updated asset objects reloaded before import = 0
Number of asset objects unloaded after import = 3
========================================================================
Received Import Request.
  Time since last request: 0.024683 seconds.
  path: Assets/Assets/Images/3성/미디어/치토미디어 측면(좌) 2
  artifactKey: Guid(1593aa5f92b8d0e41b2dd1e4d2509c4a) Importer(815301076,1909f56bfc062723c751e8b465ee728b)
Start importing Assets/Assets/Images/3성/미디어/치토미디어 측면(좌) 2 using Guid(1593aa5f92b8d0e41b2dd1e4d2509c4a) Importer(815301076,1909f56bfc062723c751e8b465ee728b)  -> (artifact id: 'c0b9da3d8be81bf9df1d3f82331b0aa6') in 0.000520 seconds
Number of updated asset objects reloaded before import = 0
Number of asset objects unloaded after import = 0
========================================================================
Received Import Request.
  Time since last request: 0.001503 seconds.
  path: Assets/TextMesh Pro/Examples & Extras/Scenes/09 - Margin Tag Example.unity
  artifactKey: Guid(349f38d3606449708c7340d26740e1e2) Importer(815301076,1909f56bfc062723c751e8b465ee728b)
Start importing Assets/TextMesh Pro/Examples & Extras/Scenes/09 - Margin Tag Example.unity using Guid(349f38d3606449708c7340d26740e1e2) Importer(815301076,1909f56bfc062723c751e8b465ee728b)  -> (artifact id: '3d5992cd175184422187a02a41ea9499') in 0.000443 seconds
Number of updated asset objects reloaded before import = 0
Number of asset objects unloaded after import = 0
========================================================================
Received Import Request.
  Time since last request: 0.051606 seconds.
  path: Assets/TextMesh Pro
  artifactKey: Guid(a5788fd6ac6e8dc40b520b4e2453dfc2) Importer(815301076,1909f56bfc062723c751e8b465ee728b)
Start importing Assets/TextMesh Pro using Guid(a5788fd6ac6e8dc40b520b4e2453dfc2) Importer(815301076,1909f56bfc062723c751e8b465ee728b)  -> (artifact id: '20e7c226277ce10602ff806b3f78fdbf') in 0.000542 seconds
Number of updated asset objects reloaded before import = 0
Number of asset objects unloaded after import = 0
========================================================================
Received Import Request.
  Time since last request: 0.012299 seconds.
  path: Assets/Assets/Images/3성/미디어/치토미디어 정면 2/치토미디어 정면 2_00017.png
  artifactKey: Guid(611d2a0285c50534689b3637217b8018) Importer(815301076,1909f56bfc062723c751e8b465ee728b)
Start importing Assets/Assets/Images/3성/미디어/치토미디어 정면 2/치토미디어 정면 2_00017.png using Guid(611d2a0285c50534689b3637217b8018) Importer(815301076,1909f56bfc062723c751e8b465ee728b)  -> (artifact id: 'c8d02177cb8b338d186b2ea9c9cd10e9') in 0.023913 seconds
Number of updated asset objects reloaded before import = 0
Number of asset objects unloaded after import = 2
========================================================================
Received Import Request.
  Time since last request: 0.029420 seconds.
  path: Assets/Assets/Images/2성/ㄱ.기본형/Down2.anim
  artifactKey: Guid(2660dad51e2961a428b0d3d69fdd6680) Importer(815301076,1909f56bfc062723c751e8b465ee728b)
Start importing Assets/Assets/Images/2성/ㄱ.기본형/Down2.anim using Guid(2660dad51e2961a428b0d3d69fdd6680) Importer(815301076,1909f56bfc062723c751e8b465ee728b)  -> (artifact id: 'c9d60b496c3c2fabe7801205f43f92d5') in 0.001392 seconds
Number of updated asset objects reloaded before import = 0
Number of asset objects unloaded after import = 1
========================================================================
Received Import Request.
  Time since last request: 0.009262 seconds.
  path: Assets/TextMesh Pro/Examples & Extras/Scenes/08 - Improved Text Alignment.unity
  artifactKey: Guid(5fe2257128d9401fad0790f581dc8a6f) Importer(815301076,1909f56bfc062723c751e8b465ee728b)
Start importing Assets/TextMesh Pro/Examples & Extras/Scenes/08 - Improved Text Alignment.unity using Guid(5fe2257128d9401fad0790f581dc8a6f) Importer(815301076,1909f56bfc062723c751e8b465ee728b)  -> (artifact id: '72f13e62d23a7e7f7a5e40f3298cd8b8') in 0.000519 seconds
Number of updated asset objects reloaded before import = 0
Number of asset objects unloaded after import = 0
========================================================================
Received Import Request.
  Time since last request: 0.014795 seconds.
  path: Assets/TextMesh Pro/Resources/TMP Settings.asset
  artifactKey: Guid(3f5b5dff67a942289a9defa416b206f3) Importer(815301076,1909f56bfc062723c751e8b465ee728b)
Start importing Assets/TextMesh Pro/Resources/TMP Settings.asset using Guid(3f5b5dff67a942289a9defa416b206f3) Importer(815301076,1909f56bfc062723c751e8b465ee728b)  -> (artifact id: '03ea1972c79e2717dc61467c8ce2277e') in 0.018623 seconds
Number of updated asset objects reloaded before import = 0
Number of asset objects unloaded after import = 15
========================================================================
Received Import Request.
  Time since last request: 0.001698 seconds.
  path: Assets/Assets/Images/2성/사회과학대/Sup2.anim
  artifactKey: Guid(eb881ee1031c0ed4daf5ef9184d9e0a0) Importer(815301076,1909f56bfc062723c751e8b465ee728b)
Start importing Assets/Assets/Images/2성/사회과학대/Sup2.anim using Guid(eb881ee1031c0ed4daf5ef9184d9e0a0) Importer(815301076,1909f56bfc062723c751e8b465ee728b)  -> (artifact id: '672261bc892c12808d137607cd7fda6a') in 0.001154 seconds
Number of updated asset objects reloaded before import = 0
Number of asset objects unloaded after import = 1
========================================================================
Received Import Request.
  Time since last request: 0.005149 seconds.
  path: Assets/Assets/Images/2성/의과/치토의과 측면(좌)
  artifactKey: Guid(054f34f9a65173b409550d1f9ae821ee) Importer(815301076,1909f56bfc062723c751e8b465ee728b)
Start importing Assets/Assets/Images/2성/의과/치토의과 측면(좌) using Guid(054f34f9a65173b409550d1f9ae821ee) Importer(815301076,1909f56bfc062723c751e8b465ee728b)  -> (artifact id: '9e1aae2b5e54d5a3e742d6848bf32d7c') in 0.000425 seconds
Number of updated asset objects reloaded before import = 0
Number of asset objects unloaded after import = 0
========================================================================
Received Import Request.
  Time since last request: 0.003232 seconds.
  path: Assets/Assets/Images/1성/자연과학대/치토자연과학대 측면 모션(우)/치토자연과학대 측면(우)_00013.png
  artifactKey: Guid(390a679b763139844be0db1e1d237749) Importer(815301076,1909f56bfc062723c751e8b465ee728b)
Start importing Assets/Assets/Images/1성/자연과학대/치토자연과학대 측면 모션(우)/치토자연과학대 측면(우)_00013.png using Guid(390a679b763139844be0db1e1d237749) Importer(815301076,1909f56bfc062723c751e8b465ee728b)  -> (artifact id: '5c2b9108a792b3f8ff629040f6e5f829') in 0.026812 seconds
Number of updated asset objects reloaded before import = 0
Number of asset objects unloaded after import = 3
========================================================================
Received Import Request.
  Time since last request: 0.009313 seconds.
  path: Assets/Assets/Images/2성/미디어/치토미디어 측면(좌)/치토미디어 측면(좌)_00012.png
  artifactKey: Guid(de9d8a1f08e34db4d92079f66fc59ef1) Importer(815301076,1909f56bfc062723c751e8b465ee728b)
Start importing Assets/Assets/Images/2성/미디어/치토미디어 측면(좌)/치토미디어 측면(좌)_00012.png using Guid(de9d8a1f08e34db4d92079f66fc59ef1) Importer(815301076,1909f56bfc062723c751e8b465ee728b)  -> (artifact id: '33baec7728b48e8369b609458308ff7d') in 0.022161 seconds
Number of updated asset objects reloaded before import = 0
Number of asset objects unloaded after import = 2
========================================================================
Received Import Request.
  Time since last request: 0.012523 seconds.
  path: Assets/TextMesh Pro/Examples & Extras/Scripts/TMP_TextEventHandler.cs
  artifactKey: Guid(1312ae25639a4bae8e25ae223209cc50) Importer(815301076,1909f56bfc062723c751e8b465ee728b)
Start importing Assets/TextMesh Pro/Examples & Extras/Scripts/TMP_TextEventHandler.cs using Guid(1312ae25639a4bae8e25ae223209cc50) Importer(815301076,1909f56bfc062723c751e8b465ee728b)  -> (artifact id: 'aefe127084caee72198521a287ac3216') in 0.000560 seconds
Number of updated asset objects reloaded before import = 0
Number of asset objects unloaded after import = 0
========================================================================
Received Import Request.
  Time since last request: 0.027335 seconds.
  path: Assets/Assets/Images/3성/미디어/치토미디어 측면(좌) 2/치토미디어 측면(좌) 2_00018.png
  artifactKey: Guid(7fc9f77d979331846b03ddc7d3717c23) Importer(815301076,1909f56bfc062723c751e8b465ee728b)
Start importing Assets/Assets/Images/3성/미디어/치토미디어 측면(좌) 2/치토미디어 측면(좌) 2_00018.png using Guid(7fc9f77d979331846b03ddc7d3717c23) Importer(815301076,1909f56bfc062723c751e8b465ee728b)  -> (artifact id: 'a35809ebf73d8287a65fa2d7bde6aea6') in 0.023642 seconds
Number of updated asset objects reloaded before import = 0
Number of asset objects unloaded after import = 2
========================================================================
Received Import Request.
  Time since last request: 0.032669 seconds.
  path: Assets/TextMesh Pro/Examples & Extras/Materials/Ground - Logo Scene.mat
  artifactKey: Guid(c719e38f25a9480abd2480ab621a2949) Importer(815301076,1909f56bfc062723c751e8b465ee728b)
Start importing Assets/TextMesh Pro/Examples & Extras/Materials/Ground - Logo Scene.mat using Guid(c719e38f25a9480abd2480ab621a2949) Importer(815301076,1909f56bfc062723c751e8b465ee728b)  -> (artifact id: 'e0ed1f1c5e442a42406e396d1bea8579') in 0.008818 seconds
Number of updated asset objects reloaded before import = 0
Number of asset objects unloaded after import = 2
========================================================================
Received Import Request.
  Time since last request: 0.017411 seconds.
  path: Assets/Assets/Images/3성/인문대/치토인문대 정면 2/치토인문대 정면 2_00018.png
  artifactKey: Guid(12b9ed94a31c9ba429e9573050f8ca7a) Importer(815301076,1909f56bfc062723c751e8b465ee728b)
Start importing Assets/Assets/Images/3성/인문대/치토인문대 정면 2/치토인문대 정면 2_00018.png using Guid(12b9ed94a31c9ba429e9573050f8ca7a) Importer(815301076,1909f56bfc062723c751e8b465ee728b)  -> (artifact id: '9a5f7a17ee69ea21db07c756ea3432e3') in 0.032116 seconds
Number of updated asset objects reloaded before import = 0
Number of asset objects unloaded after import = 3
========================================================================
Received Import Request.
  Time since last request: 0.034436 seconds.
  path: Assets/Assets/Images/3성/ㄱ.기본형/Up3.anim
  artifactKey: Guid(e60d2e335c35235429b9d1923c4f70a4) Importer(815301076,1909f56bfc062723c751e8b465ee728b)
Start importing Assets/Assets/Images/3성/ㄱ.기본형/Up3.anim using Guid(e60d2e335c35235429b9d1923c4f70a4) Importer(815301076,1909f56bfc062723c751e8b465ee728b)  -> (artifact id: 'c064873173dfd543b33dc334eca954a5') in 0.001361 seconds
Number of updated asset objects reloaded before import = 0
Number of asset objects unloaded after import = 1
========================================================================
Received Import Request.
  Time since last request: 0.078122 seconds.
  path: Assets/Assets/Images/1성/의과/치토의과 측면 모션(우)/치토의과 측면(우)_00015.png
  artifactKey: Guid(7dd5ba55ca412ed4999812ab9bab0dbe) Importer(815301076,1909f56bfc062723c751e8b465ee728b)
Start importing Assets/Assets/Images/1성/의과/치토의과 측면 모션(우)/치토의과 측면(우)_00015.png using Guid(7dd5ba55ca412ed4999812ab9bab0dbe) Importer(815301076,1909f56bfc062723c751e8b465ee728b)  -> (artifact id: 'c6f76289ff3346f8d52fd59e17e6173d') in 0.025742 seconds
Number of updated asset objects reloaded before import = 0
Number of asset objects unloaded after import = 3
========================================================================
Received Import Request.
  Time since last request: 0.024226 seconds.
  path: Assets/Assets/Images/1성/소프트웨어 융합대/치토소융대 측면 모션(좌)/치토소융대 측면(좌)_00023.png
  artifactKey: Guid(ff3a39126941f044881e0561f36f4cf9) Importer(815301076,1909f56bfc062723c751e8b465ee728b)
Start importing Assets/Assets/Images/1성/소프트웨어 융합대/치토소융대 측면 모션(좌)/치토소융대 측면(좌)_00023.png using Guid(ff3a39126941f044881e0561f36f4cf9) Importer(815301076,1909f56bfc062723c751e8b465ee728b)  -> (artifact id: '509d1456c9a39695b7f0cbf03eba29c0') in 0.027790 seconds
Number of updated asset objects reloaded before import = 0
Number of asset objects unloaded after import = 3
========================================================================
Received Import Request.
  Time since last request: 0.019719 seconds.
  path: Assets/Assets/Images/2성/미디어/치토미디어 정면/치토미디어 정면_00001.png
  artifactKey: Guid(8d8b2c63b92ca0c4e81ef8dadb9d4be9) Importer(815301076,1909f56bfc062723c751e8b465ee728b)
Start importing Assets/Assets/Images/2성/미디어/치토미디어 정면/치토미디어 정면_00001.png using Guid(8d8b2c63b92ca0c4e81ef8dadb9d4be9) Importer(815301076,1909f56bfc062723c751e8b465ee728b)  -> (artifact id: '3dbc5eb40684555f5455646eac9e97e9') in 0.022432 seconds
Number of updated asset objects reloaded before import = 0
Number of asset objects unloaded after import = 2
========================================================================
Received Import Request.
  Time since last request: 0.002133 seconds.
  path: Assets/TextMesh Pro/Examples & Extras/Resources/Color Gradient Presets/Blue to Purple - Vertical.asset
  artifactKey: Guid(479a66fa4b094512a62b0a8e553ad95a) Importer(815301076,1909f56bfc062723c751e8b465ee728b)
Start importing Assets/TextMesh Pro/Examples & Extras/Resources/Color Gradient Presets/Blue to Purple - Vertical.asset using Guid(479a66fa4b094512a62b0a8e553ad95a) Importer(815301076,1909f56bfc062723c751e8b465ee728b)  -> (artifact id: '112341085a432de0e3d9e6476f02e610') in 0.001192 seconds
Number of updated asset objects reloaded before import = 0
Number of asset objects unloaded after import = 1
========================================================================
Received Import Request.
  Time since last request: 0.003401 seconds.
  path: Assets/Assets/Images/3성/자연과학대/치토자연과학대 정면 2/치토자연과학대 정면 2_00011.png
  artifactKey: Guid(e8db6c0b739f9d040b46d8e7296cdf19) Importer(815301076,1909f56bfc062723c751e8b465ee728b)
Start importing Assets/Assets/Images/3성/자연과학대/치토자연과학대 정면 2/치토자연과학대 정면 2_00011.png using Guid(e8db6c0b739f9d040b46d8e7296cdf19) Importer(815301076,1909f56bfc062723c751e8b465ee728b)  -> (artifact id: 'd8d4ee0a3fe1d271c5d28af993c9fbd2') in 0.027229 seconds
Number of updated asset objects reloaded before import = 0
Number of asset objects unloaded after import = 3
========================================================================
Received Import Request.
  Time since last request: 0.002288 seconds.
  path: Assets/Assets/Images/2성/간호대/Nright2.anim
  artifactKey: Guid(95cd36ea55f3f3647b7f7a4a438e3846) Importer(815301076,1909f56bfc062723c751e8b465ee728b)
Start importing Assets/Assets/Images/2성/간호대/Nright2.anim using Guid(95cd36ea55f3f3647b7f7a4a438e3846) Importer(815301076,1909f56bfc062723c751e8b465ee728b)  -> (artifact id: '95676dd5039099377ab2c8d7019907b1') in 0.001238 seconds
Number of updated asset objects reloaded before import = 0
Number of asset objects unloaded after import = 1
========================================================================
Received Import Request.
  Time since last request: 0.005408 seconds.
  path: Assets/TextMesh Pro/Examples & Extras/Scenes/15 - Inline Graphics & Sprites.unity
  artifactKey: Guid(e76e6c0f81964cbda3fe0b7d26ed8060) Importer(815301076,1909f56bfc062723c751e8b465ee728b)
Start importing Assets/TextMesh Pro/Examples & Extras/Scenes/15 - Inline Graphics & Sprites.unity using Guid(e76e6c0f81964cbda3fe0b7d26ed8060) Importer(815301076,1909f56bfc062723c751e8b465ee728b)  -> (artifact id: '4b7acf29e35d08523dd47a5ff2031553') in 0.000464 seconds
Number of updated asset objects reloaded before import = 0
Number of asset objects unloaded after import = 0
========================================================================
Received Import Request.
  Time since last request: 0.028421 seconds.
  path: Assets/Assets/Images/3성/ㄱ.기본형/기본형 측면(우)2
  artifactKey: Guid(fb63e2b14f5fc85439784f42a826661a) Importer(815301076,1909f56bfc062723c751e8b465ee728b)
Start importing Assets/Assets/Images/3성/ㄱ.기본형/기본형 측면(우)2 using Guid(fb63e2b14f5fc85439784f42a826661a) Importer(815301076,1909f56bfc062723c751e8b465ee728b)  -> (artifact id: '56a13e0336a66f4cff10555c3b949521') in 0.000525 seconds
Number of updated asset objects reloaded before import = 0
Number of asset objects unloaded after import = 0
========================================================================
Received Import Request.
  Time since last request: 0.005363 seconds.
  path: Assets/TextMesh Pro/Examples & Extras/Scripts/TMP_TextSelector_B.cs
  artifactKey: Guid(a05dcd8be7ec4ccbb35c26219884aa37) Importer(815301076,1909f56bfc062723c751e8b465ee728b)
Start importing Assets/TextMesh Pro/Examples & Extras/Scripts/TMP_TextSelector_B.cs using Guid(a05dcd8be7ec4ccbb35c26219884aa37) Importer(815301076,1909f56bfc062723c751e8b465ee728b)  -> (artifact id: '5aa0def461ed91d73f4a15b606b76fa1') in 0.000515 seconds
Number of updated asset objects reloaded before import = 0
Number of asset objects unloaded after import = 0
========================================================================
Received Import Request.
  Time since last request: 0.001813 seconds.
  path: Assets/TextMesh Pro/Examples & Extras/Textures/Gradient Diagonal (Color).jpg
  artifactKey: Guid(2ce5c55e85304b819a1826ecbc839aa5) Importer(815301076,1909f56bfc062723c751e8b465ee728b)
Start importing Assets/TextMesh Pro/Examples & Extras/Textures/Gradient Diagonal (Color).jpg using Guid(2ce5c55e85304b819a1826ecbc839aa5) Importer(815301076,1909f56bfc062723c751e8b465ee728b)  -> (artifact id: 'b6b35e308a91f85a414c49f4465435ff') in 0.023434 seconds
Number of updated asset objects reloaded before import = 0
Number of asset objects unloaded after import = 2
========================================================================
Received Import Request.
  Time since last request: 0.049247 seconds.
  path: Assets/TextMesh Pro/Examples & Extras/Sprites/Default Sprites.png
  artifactKey: Guid(a0fc465d6cf04254a2938578735e2383) Importer(815301076,1909f56bfc062723c751e8b465ee728b)
Start importing Assets/TextMesh Pro/Examples & Extras/Sprites/Default Sprites.png using Guid(a0fc465d6cf04254a2938578735e2383) Importer(815301076,1909f56bfc062723c751e8b465ee728b)  -> (artifact id: 'f9690deda7717e452078977974286498') in 0.023113 seconds
Number of updated asset objects reloaded before import = 0
Number of asset objects unloaded after import = 2
========================================================================
Received Import Request.
  Time since last request: 0.018884 seconds.
  path: Assets/TextMesh Pro/Examples & Extras/Scenes
  artifactKey: Guid(db1090641b3241f6995b587eb21637bc) Importer(815301076,1909f56bfc062723c751e8b465ee728b)
Start importing Assets/TextMesh Pro/Examples & Extras/Scenes using Guid(db1090641b3241f6995b587eb21637bc) Importer(815301076,1909f56bfc062723c751e8b465ee728b)  -> (artifact id: 'ff9a8d81da5e0d5385e9ee9046d4f560') in 0.000529 seconds
Number of updated asset objects reloaded before import = 0
Number of asset objects unloaded after import = 0
========================================================================
Received Import Request.
  Time since last request: 0.004893 seconds.
  path: Assets/Assets/Images/3성/정통대
  artifactKey: Guid(806529260a261cc4583920bffcf1d429) Importer(815301076,1909f56bfc062723c751e8b465ee728b)
Start importing Assets/Assets/Images/3성/정통대 using Guid(806529260a261cc4583920bffcf1d429) Importer(815301076,1909f56bfc062723c751e8b465ee728b)  -> (artifact id: '2f0c70a850c5ee5eff8c3bb4caaa68cf') in 0.000476 seconds
Number of updated asset objects reloaded before import = 0
Number of asset objects unloaded after import = 0
========================================================================
Received Import Request.
  Time since last request: 0.008354 seconds.
  path: Assets/Assets/Images/1성/소프트웨어 융합대/치토소융대 후면 모션/치토소융대 후면_00008.png
  artifactKey: Guid(cafb2586a08bc274a9666b22730a524a) Importer(815301076,1909f56bfc062723c751e8b465ee728b)
Start importing Assets/Assets/Images/1성/소프트웨어 융합대/치토소융대 후면 모션/치토소융대 후면_00008.png using Guid(cafb2586a08bc274a9666b22730a524a) Importer(815301076,1909f56bfc062723c751e8b465ee728b)  -> (artifact id: '288bf163b01512b604613b257e22b91a') in 0.030159 seconds
Number of updated asset objects reloaded before import = 0
Number of asset objects unloaded after import = 3
========================================================================
Received Import Request.
  Time since last request: 0.004431 seconds.
  path: Assets/Assets/Images/3성/자연과학대/자연과학대 측면(우)2/자연과학대 측면(우)2_00009.png
  artifactKey: Guid(bd43edba5e5d49f4e9f94c90cafb57a8) Importer(815301076,1909f56bfc062723c751e8b465ee728b)
Start importing Assets/Assets/Images/3성/자연과학대/자연과학대 측면(우)2/자연과학대 측면(우)2_00009.png using Guid(bd43edba5e5d49f4e9f94c90cafb57a8) Importer(815301076,1909f56bfc062723c751e8b465ee728b)  -> (artifact id: 'ff538b35059fa41fac930be13ea99c8c') in 0.027205 seconds
Number of updated asset objects reloaded before import = 0
Number of asset objects unloaded after import = 3
========================================================================
Received Import Request.
  Time since last request: 0.004114 seconds.
  path: Assets/Assets/Images/1성/의과/치토의과 측면 모션(우)/치토의과 측면(우)_00007.png
  artifactKey: Guid(c0364ca7ec689b944a9dcd818df38143) Importer(815301076,1909f56bfc062723c751e8b465ee728b)
Start importing Assets/Assets/Images/1성/의과/치토의과 측면 모션(우)/치토의과 측면(우)_00007.png using Guid(c0364ca7ec689b944a9dcd818df38143) Importer(815301076,1909f56bfc062723c751e8b465ee728b)  -> (artifact id: '49e61d3194fe8bf9237a3c6e72137e2a') in 0.027302 seconds
Number of updated asset objects reloaded before import = 0
Number of asset objects unloaded after import = 3
========================================================================
Received Import Request.
  Time since last request: 0.004106 seconds.
  path: Assets/Assets/Images/3성/인문대/치토인문대 정면 2/치토인문대 정면 2_00013.png
  artifactKey: Guid(0e0d0254ea29d884186bd95ce20d6429) Importer(815301076,1909f56bfc062723c751e8b465ee728b)
Start importing Assets/Assets/Images/3성/인문대/치토인문대 정면 2/치토인문대 정면 2_00013.png using Guid(0e0d0254ea29d884186bd95ce20d6429) Importer(815301076,1909f56bfc062723c751e8b465ee728b)  -> (artifact id: '0981ea10b769a1e3622e5173142efe9f') in 0.027046 seconds
Number of updated asset objects reloaded before import = 0
Number of asset objects unloaded after import = 3
========================================================================
Received Import Request.
  Time since last request: 0.008674 seconds.
  path: Assets/Assets/Images/1성/소프트웨어 융합대/치토소융대 측면 모션(우)/치토소융대 측면(우)_00017.png
  artifactKey: Guid(75a068962315324478d7942984b14d70) Importer(815301076,1909f56bfc062723c751e8b465ee728b)
Start importing Assets/Assets/Images/1성/소프트웨어 융합대/치토소융대 측면 모션(우)/치토소융대 측면(우)_00017.png using Guid(75a068962315324478d7942984b14d70) Importer(815301076,1909f56bfc062723c751e8b465ee728b)  -> (artifact id: '17720f85fedb3da10f4e32f3119ce196') in 0.025916 seconds
Number of updated asset objects reloaded before import = 0
Number of asset objects unloaded after import = 3
========================================================================
Received Import Request.
  Time since last request: 0.006595 seconds.
  path: Assets/TextMesh Pro/Examples & Extras/Textures/Text Overflow - Linked Text UI Screenshot.png
  artifactKey: Guid(c76d18757a194d618355f05f815cb0a1) Importer(815301076,1909f56bfc062723c751e8b465ee728b)
Start importing Assets/TextMesh Pro/Examples & Extras/Textures/Text Overflow - Linked Text UI Screenshot.png using Guid(c76d18757a194d618355f05f815cb0a1) Importer(815301076,1909f56bfc062723c751e8b465ee728b)  -> (artifact id: '11e9bfe176667865db544f9366e1e10d') in 0.027793 seconds
Number of updated asset objects reloaded before import = 0
Number of asset objects unloaded after import = 2
========================================================================
Received Import Request.
  Time since last request: 0.024207 seconds.
  path: Assets/Assets/Images/3성/공대/Gleft3.anim
  artifactKey: Guid(c73498abf481b264f9fe1e98399924c4) Importer(815301076,1909f56bfc062723c751e8b465ee728b)
Start importing Assets/Assets/Images/3성/공대/Gleft3.anim using Guid(c73498abf481b264f9fe1e98399924c4) Importer(815301076,1909f56bfc062723c751e8b465ee728b)  -> (artifact id: 'da117c18379a93266f5855873dee36c5') in 0.001401 seconds
Number of updated asset objects reloaded before import = 0
Number of asset objects unloaded after import = 1
========================================================================
Received Import Request.
  Time since last request: 0.003481 seconds.
  path: Assets/Assets/Images/1성/소프트웨어 융합대/치토소융대 측면 모션(좌)/치토소융대 측면(좌)_00008.png
  artifactKey: Guid(7a6d4f122f5939749a515241c0a37a8b) Importer(815301076,1909f56bfc062723c751e8b465ee728b)
Start importing Assets/Assets/Images/1성/소프트웨어 융합대/치토소융대 측면 모션(좌)/치토소융대 측면(좌)_00008.png using Guid(7a6d4f122f5939749a515241c0a37a8b) Importer(815301076,1909f56bfc062723c751e8b465ee728b)  -> (artifact id: 'b9fbd9b675d9c38cf76595b9f04fa4d8') in 0.029020 seconds
Number of updated asset objects reloaded before import = 0
Number of asset objects unloaded after import = 3
========================================================================
Received Import Request.
  Time since last request: 0.042331 seconds.
  path: Assets/Assets/Images/1성/의과/치토의과 측면 모션(우)/치토의과 측면(우)_00012.png
  artifactKey: Guid(cc4a11efb1ab2e34b8d5a526602fc5e2) Importer(815301076,1909f56bfc062723c751e8b465ee728b)
Start importing Assets/Assets/Images/1성/의과/치토의과 측면 모션(우)/치토의과 측면(우)_00012.png using Guid(cc4a11efb1ab2e34b8d5a526602fc5e2) Importer(815301076,1909f56bfc062723c751e8b465ee728b)  -> (artifact id: '1c2feb6e91e123ac9209d829a6631628') in 0.029422 seconds
Number of updated asset objects reloaded before import = 0
Number of asset objects unloaded after import = 3
========================================================================
Received Import Request.
  Time since last request: 0.015338 seconds.
  path: Assets/Assets/Images/2성/미디어/미디어 측면(우)/치토미디어 측면(우)_00014.png
  artifactKey: Guid(79f4593fb779ad6478fb6093a660e3b6) Importer(815301076,1909f56bfc062723c751e8b465ee728b)
Start importing Assets/Assets/Images/2성/미디어/미디어 측면(우)/치토미디어 측면(우)_00014.png using Guid(79f4593fb779ad6478fb6093a660e3b6) Importer(815301076,1909f56bfc062723c751e8b465ee728b)  -> (artifact id: '38eca72ce869cb5b476d866e086a1c8e') in 0.023818 seconds
Number of updated asset objects reloaded before import = 0
Number of asset objects unloaded after import = 2
========================================================================
Received Import Request.
  Time since last request: 0.038827 seconds.
  path: Assets/Assets/Images/3성/정통대/치토정통대 정면 2/치토정통대 정면 2_00012.png
  artifactKey: Guid(f39aeef2cb75efc45862929487eca333) Importer(815301076,1909f56bfc062723c751e8b465ee728b)
Start importing Assets/Assets/Images/3성/정통대/치토정통대 정면 2/치토정통대 정면 2_00012.png using Guid(f39aeef2cb75efc45862929487eca333) Importer(815301076,1909f56bfc062723c751e8b465ee728b)  -> (artifact id: 'f54d6980e08aa0d68bba08aae889fd94') in 0.029211 seconds
Number of updated asset objects reloaded before import = 0
Number of asset objects unloaded after import = 3
========================================================================
Received Import Request.
  Time since last request: 0.005378 seconds.
  path: Assets/Assets/Images/2성/미디어/치토미디어 측면(좌)/치토미디어 측면(좌)_00005.png
  artifactKey: Guid(c83043ca18817074c8ed3a1eeb9916c9) Importer(815301076,1909f56bfc062723c751e8b465ee728b)
Start importing Assets/Assets/Images/2성/미디어/치토미디어 측면(좌)/치토미디어 측면(좌)_00005.png using Guid(c83043ca18817074c8ed3a1eeb9916c9) Importer(815301076,1909f56bfc062723c751e8b465ee728b)  -> (artifact id: 'f3701cddee6f4e4f420975c6aac9e155') in 0.022273 seconds
Number of updated asset objects reloaded before import = 0
Number of asset objects unloaded after import = 2
========================================================================
Received Import Request.
  Time since last request: 0.004181 seconds.
  path: Assets/TextMesh Pro/Examples & Extras/Materials
  artifactKey: Guid(5808953df7a24274a851aa6dee52d30e) Importer(815301076,1909f56bfc062723c751e8b465ee728b)
Start importing Assets/TextMesh Pro/Examples & Extras/Materials using Guid(5808953df7a24274a851aa6dee52d30e) Importer(815301076,1909f56bfc062723c751e8b465ee728b)  -> (artifact id: '2f284b99a3bf15beb2157a023760bdf0') in 0.000445 seconds
Number of updated asset objects reloaded before import = 0
Number of asset objects unloaded after import = 0
========================================================================
Received Import Request.
  Time since last request: 0.009156 seconds.
  path: Assets/Assets/Images/3성/인문대
  artifactKey: Guid(4aebe1f582d9d3949bcce45c9cca51ee) Importer(815301076,1909f56bfc062723c751e8b465ee728b)
Start importing Assets/Assets/Images/3성/인문대 using Guid(4aebe1f582d9d3949bcce45c9cca51ee) Importer(815301076,1909f56bfc062723c751e8b465ee728b)  -> (artifact id: '469db41f50614c62b47d482c5628642d') in 0.000522 seconds
Number of updated asset objects reloaded before import = 0
Number of asset objects unloaded after import = 0
========================================================================
Received Import Request.
  Time since last request: 0.021372 seconds.
  path: Assets/Assets/Images/2성/의과/치토의과 정면
  artifactKey: Guid(e07d9d206938c4340bd0b88af8c250ab) Importer(815301076,1909f56bfc062723c751e8b465ee728b)
Start importing Assets/Assets/Images/2성/의과/치토의과 정면 using Guid(e07d9d206938c4340bd0b88af8c250ab) Importer(815301076,1909f56bfc062723c751e8b465ee728b)  -> (artifact id: '408de527c34fa6fee3ebe5ad5dcc407c') in 0.000471 seconds
Number of updated asset objects reloaded before import = 0
Number of asset objects unloaded after import = 0
========================================================================
Received Import Request.
  Time since last request: 0.003462 seconds.
  path: Assets/Assets/Images/1성/자연과학대/치토자연과학대 측면 모션(우)/치토자연과학대 측면(우)_00014.png
  artifactKey: Guid(23fa911895e4b67439d085a0fe2ec6ea) Importer(815301076,1909f56bfc062723c751e8b465ee728b)
Start importing Assets/Assets/Images/1성/자연과학대/치토자연과학대 측면 모션(우)/치토자연과학대 측면(우)_00014.png using Guid(23fa911895e4b67439d085a0fe2ec6ea) Importer(815301076,1909f56bfc062723c751e8b465ee728b)  -> (artifact id: '09728589a92945ec15f47f2ab09a7808') in 0.027639 seconds
Number of updated asset objects reloaded before import = 0
Number of asset objects unloaded after import = 3
========================================================================
Received Import Request.
  Time since last request: 0.001700 seconds.
  path: Assets/Assets/Images/3성/소융대/치토소융대 측면(좌) 2
  artifactKey: Guid(041e771e7c2fcc748ada130b4b512e45) Importer(815301076,1909f56bfc062723c751e8b465ee728b)
Start importing Assets/Assets/Images/3성/소융대/치토소융대 측면(좌) 2 using Guid(041e771e7c2fcc748ada130b4b512e45) Importer(815301076,1909f56bfc062723c751e8b465ee728b)  -> (artifact id: '1d927f04057d688bfece55f3c8371028') in 0.000456 seconds
Number of updated asset objects reloaded before import = 0
Number of asset objects unloaded after import = 0
========================================================================
Received Import Request.
  Time since last request: 0.010004 seconds.
  path: Assets/Assets/Images/2성/미디어/미디어 측면(우)/치토미디어 측면(우)_00011.png
  artifactKey: Guid(de03512969bf7f148a41cd48601d13c6) Importer(815301076,1909f56bfc062723c751e8b465ee728b)
Start importing Assets/Assets/Images/2성/미디어/미디어 측면(우)/치토미디어 측면(우)_00011.png using Guid(de03512969bf7f148a41cd48601d13c6) Importer(815301076,1909f56bfc062723c751e8b465ee728b)  -> (artifact id: '65c5edb996289291ca3a22f58e935164') in 0.022102 seconds
Number of updated asset objects reloaded before import = 0
Number of asset objects unloaded after import = 2
========================================================================
Received Import Request.
  Time since last request: 0.040092 seconds.
  path: Assets/Assets/Images/3성/약학대/치토약학대 후면 2
  artifactKey: Guid(b92984e260ee09d4b94490656eeb14f1) Importer(815301076,1909f56bfc062723c751e8b465ee728b)
Start importing Assets/Assets/Images/3성/약학대/치토약학대 후면 2 using Guid(b92984e260ee09d4b94490656eeb14f1) Importer(815301076,1909f56bfc062723c751e8b465ee728b)  -> (artifact id: '3ffbf678b905d152fa59887555c72a84') in 0.000590 seconds
Number of updated asset objects reloaded before import = 0
Number of asset objects unloaded after import = 0
========================================================================
Received Import Request.
  Time since last request: 0.002087 seconds.
  path: Assets/TextMesh Pro/Shaders/TMPro.cginc
  artifactKey: Guid(407bc68d299748449bbf7f48ee690f8d) Importer(815301076,1909f56bfc062723c751e8b465ee728b)
Start importing Assets/TextMesh Pro/Shaders/TMPro.cginc using Guid(407bc68d299748449bbf7f48ee690f8d) Importer(815301076,1909f56bfc062723c751e8b465ee728b)  -> (artifact id: 'b2f603c20fc83149d951696e0b5ff78e') in 0.000986 seconds
Number of updated asset objects reloaded before import = 0
Number of asset objects unloaded after import = 1
========================================================================
Received Import Request.
  Time since last request: 0.001520 seconds.
  path: Assets/TextMesh Pro/Fonts/LiberationSans - OFL.txt
  artifactKey: Guid(6e59c59b81ab47f9b6ec5781fa725d2c) Importer(815301076,1909f56bfc062723c751e8b465ee728b)
Start importing Assets/TextMesh Pro/Fonts/LiberationSans - OFL.txt using Guid(6e59c59b81ab47f9b6ec5781fa725d2c) Importer(815301076,1909f56bfc062723c751e8b465ee728b)  -> (artifact id: 'b65a4ce8400ff49749468270fd34ede3') in 0.000906 seconds
Number of updated asset objects reloaded before import = 0
Number of asset objects unloaded after import = 1
========================================================================
Received Import Request.
  Time since last request: 0.010048 seconds.
  path: Assets/Assets/Images/1성/소프트웨어 융합대/치토소융대 측면 모션(우)/치토소융대 측면(우)_00035.png
  artifactKey: Guid(2406fc49ba9718540aadce304b07887c) Importer(815301076,1909f56bfc062723c751e8b465ee728b)
Start importing Assets/Assets/Images/1성/소프트웨어 융합대/치토소융대 측면 모션(우)/치토소융대 측면(우)_00035.png using Guid(2406fc49ba9718540aadce304b07887c) Importer(815301076,1909f56bfc062723c751e8b465ee728b)  -> (artifact id: '28f6354f6ff8fba92cdd4160bd7a74e3') in 0.027916 seconds
Number of updated asset objects reloaded before import = 0
Number of asset objects unloaded after import = 3
========================================================================
Received Import Request.
  Time since last request: 0.033242 seconds.
  path: Assets/Assets/Images/3성/자연과학대/자연과학대 측면(우)2/자연과학대 측면(우)2_00010.png
  artifactKey: Guid(e5682d2d882b8734c9d49c4b84108f17) Importer(815301076,1909f56bfc062723c751e8b465ee728b)
Start importing Assets/Assets/Images/3성/자연과학대/자연과학대 측면(우)2/자연과학대 측면(우)2_00010.png using Guid(e5682d2d882b8734c9d49c4b84108f17) Importer(815301076,1909f56bfc062723c751e8b465ee728b)  -> (artifact id: 'a81edf14d77c617f9789297fb3b96177') in 0.029587 seconds
Number of updated asset objects reloaded before import = 0
Number of asset objects unloaded after import = 3
========================================================================
Received Import Request.
  Time since last request: 0.002226 seconds.
  path: Assets/Assets/Images/1성/공대/Gup.anim
  artifactKey: Guid(cfccdd2b551ccae43a676e20155d3de3) Importer(815301076,1909f56bfc062723c751e8b465ee728b)
Start importing Assets/Assets/Images/1성/공대/Gup.anim using Guid(cfccdd2b551ccae43a676e20155d3de3) Importer(815301076,1909f56bfc062723c751e8b465ee728b)  -> (artifact id: '9c8728605069fee3ce5251eb01123a13') in 0.001370 seconds
Number of updated asset objects reloaded before import = 0
Number of asset objects unloaded after import = 1
========================================================================
Received Import Request.
  Time since last request: 0.028451 seconds.
  path: Assets/Assets/Images/1성/정통대/치토정통대 측면 모션(우)/치토정통대 측면(우)_00007.png
  artifactKey: Guid(2ea88f6dd4472c24ba01646a450226e8) Importer(815301076,1909f56bfc062723c751e8b465ee728b)
Start importing Assets/Assets/Images/1성/정통대/치토정통대 측면 모션(우)/치토정통대 측면(우)_00007.png using Guid(2ea88f6dd4472c24ba01646a450226e8) Importer(815301076,1909f56bfc062723c751e8b465ee728b)  -> (artifact id: '16162add33263ef1e8b7ac7f77deb3e9') in 0.028033 seconds
Number of updated asset objects reloaded before import = 0
Number of asset objects unloaded after import = 3
========================================================================
Received Import Request.
  Time since last request: 0.019813 seconds.
  path: Assets/Assets/Images/3성/미디어/치토미디어 측면(좌) 2/치토미디어 측면(좌) 2_00020.png
  artifactKey: Guid(1157b97c6f0cc564193e85916f781e36) Importer(815301076,1909f56bfc062723c751e8b465ee728b)
Start importing Assets/Assets/Images/3성/미디어/치토미디어 측면(좌) 2/치토미디어 측면(좌) 2_00020.png using Guid(1157b97c6f0cc564193e85916f781e36) Importer(815301076,1909f56bfc062723c751e8b465ee728b)  -> (artifact id: 'f8054d4b8806e3cf843118e17a592fe5') in 0.024254 seconds
Number of updated asset objects reloaded before import = 0
Number of asset objects unloaded after import = 2
========================================================================
Received Import Request.
  Time since last request: 0.019716 seconds.
  path: Assets/Assets/Images/1성/자연과학대/치토자연과학대 측면 모션(우)/치토자연과학대 측면(우)_00005.png
  artifactKey: Guid(cdd96eed032c2ce4bb78b615fd5e7db6) Importer(815301076,1909f56bfc062723c751e8b465ee728b)
Start importing Assets/Assets/Images/1성/자연과학대/치토자연과학대 측면 모션(우)/치토자연과학대 측면(우)_00005.png using Guid(cdd96eed032c2ce4bb78b615fd5e7db6) Importer(815301076,1909f56bfc062723c751e8b465ee728b)  -> (artifact id: '4fff068603a8e66097d9d92e552bb8f7') in 0.027456 seconds
Number of updated asset objects reloaded before import = 0
Number of asset objects unloaded after import = 3
========================================================================
Received Import Request.
  Time since last request: 0.004292 seconds.
  path: Assets/Assets/Images/2성/미디어/미디어 측면(우)/치토미디어 측면(우)_00003.png
  artifactKey: Guid(75d56977f2e09f44fa767a4e50bb74dd) Importer(815301076,1909f56bfc062723c751e8b465ee728b)
Start importing Assets/Assets/Images/2성/미디어/미디어 측면(우)/치토미디어 측면(우)_00003.png using Guid(75d56977f2e09f44fa767a4e50bb74dd) Importer(815301076,1909f56bfc062723c751e8b465ee728b)  -> (artifact id: '437dfc112344f1490eb2ba2381758ee4') in 0.022739 seconds
Number of updated asset objects reloaded before import = 0
Number of asset objects unloaded after import = 2
========================================================================
Received Import Request.
  Time since last request: 0.019555 seconds.
  path: Assets/Assets/Images/3성/미디어/치토미디어 후면 2/치토미디어 후면 2_00005.png
  artifactKey: Guid(bd3349886e8923540a43196f166f8d33) Importer(815301076,1909f56bfc062723c751e8b465ee728b)
Start importing Assets/Assets/Images/3성/미디어/치토미디어 후면 2/치토미디어 후면 2_00005.png using Guid(bd3349886e8923540a43196f166f8d33) Importer(815301076,1909f56bfc062723c751e8b465ee728b)  -> (artifact id: '3cd4cee138740bc05adffb5921a550e0') in 0.022867 seconds
Number of updated asset objects reloaded before import = 0
Number of asset objects unloaded after import = 2
========================================================================
Received Import Request.
  Time since last request: 0.006384 seconds.
  path: Assets/Assets/Images/2성/미디어/치토미디어 측면(좌)/치토미디어 측면(좌)_00015.png
  artifactKey: Guid(81041d359a669084394b856983b37686) Importer(815301076,1909f56bfc062723c751e8b465ee728b)
Start importing Assets/Assets/Images/2성/미디어/치토미디어 측면(좌)/치토미디어 측면(좌)_00015.png using Guid(81041d359a669084394b856983b37686) Importer(815301076,1909f56bfc062723c751e8b465ee728b)  -> (artifact id: '8ddeeb3866ece560dec41d5a74a5b986') in 0.023029 seconds
Number of updated asset objects reloaded before import = 0
Number of asset objects unloaded after import = 2
========================================================================
Received Import Request.
  Time since last request: 0.005139 seconds.
  path: Assets/Assets/Images/2성/미디어/치토미디어 후면/치토미디어 후면_00020.png
  artifactKey: Guid(eb1746858f3751644b3677fb51720b4d) Importer(815301076,1909f56bfc062723c751e8b465ee728b)
Start importing Assets/Assets/Images/2성/미디어/치토미디어 후면/치토미디어 후면_00020.png using Guid(eb1746858f3751644b3677fb51720b4d) Importer(815301076,1909f56bfc062723c751e8b465ee728b)  -> (artifact id: '337743cf55664732a78a9be7ec1052cd') in 0.021811 seconds
Number of updated asset objects reloaded before import = 0
Number of asset objects unloaded after import = 2
========================================================================
Received Import Request.
  Time since last request: 0.005539 seconds.
  path: Assets/Assets/Images/1성/소프트웨어 융합대/치토소융대 측면 모션(좌)/치토소융대 측면(좌)_00017.png
  artifactKey: Guid(f8d0865016e6da44093706b96e79d626) Importer(815301076,1909f56bfc062723c751e8b465ee728b)
Start importing Assets/Assets/Images/1성/소프트웨어 융합대/치토소융대 측면 모션(좌)/치토소융대 측면(좌)_00017.png using Guid(f8d0865016e6da44093706b96e79d626) Importer(815301076,1909f56bfc062723c751e8b465ee728b)  -> (artifact id: 'a509211c6bf2d4f14f81e53af9810ce5') in 0.026191 seconds
Number of updated asset objects reloaded before import = 0
Number of asset objects unloaded after import = 3
========================================================================
Received Import Request.
  Time since last request: 0.017959 seconds.
  path: Assets/Assets/Images/2성/공대/치토공대 정면
  artifactKey: Guid(72b541450a32c874ea848187ccf438bb) Importer(815301076,1909f56bfc062723c751e8b465ee728b)
Start importing Assets/Assets/Images/2성/공대/치토공대 정면 using Guid(72b541450a32c874ea848187ccf438bb) Importer(815301076,1909f56bfc062723c751e8b465ee728b)  -> (artifact id: '0b9617684d1b06440d101e97946c3b3f') in 0.000525 seconds
Number of updated asset objects reloaded before import = 0
Number of asset objects unloaded after import = 0
========================================================================
Received Import Request.
  Time since last request: 0.003534 seconds.
  path: Assets/Assets/Images/3성/자연과학대/자연과학대 측면(우)2/자연과학대 측면(우)2_00008.png
  artifactKey: Guid(2aa5070b661e86643a6f5fc7cebe9906) Importer(815301076,1909f56bfc062723c751e8b465ee728b)
Start importing Assets/Assets/Images/3성/자연과학대/자연과학대 측면(우)2/자연과학대 측면(우)2_00008.png using Guid(2aa5070b661e86643a6f5fc7cebe9906) Importer(815301076,1909f56bfc062723c751e8b465ee728b)  -> (artifact id: 'ba7c2fe0967358c5d47272cd7556eaa6') in 0.028080 seconds
Number of updated asset objects reloaded before import = 0
Number of asset objects unloaded after import = 3
========================================================================
Received Import Request.
  Time since last request: 0.005939 seconds.
  path: Assets/Assets/Images/1성/자연과학대/치토자연과학대 측면 모션(우)/치토자연과학대 측면(우)_00010.png
  artifactKey: Guid(8084f077c5726064496a452abc92e2f0) Importer(815301076,1909f56bfc062723c751e8b465ee728b)
Start importing Assets/Assets/Images/1성/자연과학대/치토자연과학대 측면 모션(우)/치토자연과학대 측면(우)_00010.png using Guid(8084f077c5726064496a452abc92e2f0) Importer(815301076,1909f56bfc062723c751e8b465ee728b)  -> (artifact id: '859428075adc3e2dfb28c0848d4d1061') in 0.025677 seconds
Number of updated asset objects reloaded before import = 0
Number of asset objects unloaded after import = 3
========================================================================
Received Import Request.
  Time since last request: 0.010728 seconds.
  path: Assets/Assets/Images/1성/의과/치토의과 측면 모션(좌)/치토의과 측면(좌)_00005.png
  artifactKey: Guid(648381913ff276546b9dcf297dbb0745) Importer(815301076,1909f56bfc062723c751e8b465ee728b)
Start importing Assets/Assets/Images/1성/의과/치토의과 측면 모션(좌)/치토의과 측면(좌)_00005.png using Guid(648381913ff276546b9dcf297dbb0745) Importer(815301076,1909f56bfc062723c751e8b465ee728b)  -> (artifact id: 'd3a6f997ee8caa455630bcee56286922') in 0.026818 seconds
Number of updated asset objects reloaded before import = 0
Number of asset objects unloaded after import = 3
========================================================================
Received Import Request.
  Time since last request: 0.015622 seconds.
  path: Assets/Assets/Images/1성/소프트웨어 융합대/치토소융대 후면 모션/치토소융대 후면_00009.png
  artifactKey: Guid(b886a757ed684b349b2da854e9939221) Importer(815301076,1909f56bfc062723c751e8b465ee728b)
Start importing Assets/Assets/Images/1성/소프트웨어 융합대/치토소융대 후면 모션/치토소융대 후면_00009.png using Guid(b886a757ed684b349b2da854e9939221) Importer(815301076,1909f56bfc062723c751e8b465ee728b)  -> (artifact id: '354d0c04f8dab4087dd3d20ceeb6e154') in 0.026257 seconds
Number of updated asset objects reloaded before import = 0
Number of asset objects unloaded after import = 3
========================================================================
Received Import Request.
  Time since last request: 0.027542 seconds.
  path: Assets/TextMesh Pro/Examples & Extras/Materials/Small Crate_diffuse.mat
  artifactKey: Guid(22262639920f43d6be32430e4e58350d) Importer(815301076,1909f56bfc062723c751e8b465ee728b)
Start importing Assets/TextMesh Pro/Examples & Extras/Materials/Small Crate_diffuse.mat using Guid(22262639920f43d6be32430e4e58350d) Importer(815301076,1909f56bfc062723c751e8b465ee728b)  -> (artifact id: '7fa4d374c2e9c19725ee14153d2737c2') in 0.011366 seconds
Number of updated asset objects reloaded before import = 0
Number of asset objects unloaded after import = 3
========================================================================
Received Import Request.
  Time since last request: 0.021136 seconds.
  path: Assets/Assets/Images/2성/공대/Gleft2.anim
  artifactKey: Guid(ff660a3fa5f63ce49b0cd7a602f50da5) Importer(815301076,1909f56bfc062723c751e8b465ee728b)
Start importing Assets/Assets/Images/2성/공대/Gleft2.anim using Guid(ff660a3fa5f63ce49b0cd7a602f50da5) Importer(815301076,1909f56bfc062723c751e8b465ee728b)  -> (artifact id: '87feed2a23872e1f69fece326cf23cce') in 0.001381 seconds
Number of updated asset objects reloaded before import = 0
Number of asset objects unloaded after import = 1
========================================================================
Received Import Request.
  Time since last request: 0.052271 seconds.
  path: Assets/Assets/Images/3성/자연과학대/자연과학대 측면(우)2/자연과학대 측면(우)2_00012.png
  artifactKey: Guid(5098563bf7f551343827246c2d123045) Importer(815301076,1909f56bfc062723c751e8b465ee728b)
Start importing Assets/Assets/Images/3성/자연과학대/자연과학대 측면(우)2/자연과학대 측면(우)2_00012.png using Guid(5098563bf7f551343827246c2d123045) Importer(815301076,1909f56bfc062723c751e8b465ee728b)  -> (artifact id: '6b6f7722a71d224010cd53837d7f62dd') in 0.029260 seconds
Number of updated asset objects reloaded before import = 0
Number of asset objects unloaded after import = 3
========================================================================
Received Import Request.
  Time since last request: 0.011788 seconds.
  path: Assets/Assets/Images/2성/ㄱ.기본형
  artifactKey: Guid(6a3e5af89a16da440ad05a1ab5d5fcf4) Importer(815301076,1909f56bfc062723c751e8b465ee728b)
Start importing Assets/Assets/Images/2성/ㄱ.기본형 using Guid(6a3e5af89a16da440ad05a1ab5d5fcf4) Importer(815301076,1909f56bfc062723c751e8b465ee728b)  -> (artifact id: 'ef91b748f569140143fcf6895b8c7e93') in 0.000542 seconds
Number of updated asset objects reloaded before import = 0
Number of asset objects unloaded after import = 0
========================================================================
Received Import Request.
  Time since last request: 0.020845 seconds.
  path: Assets/Assets/Images/3성/인문대/인문대 측면(우)2/치토인문대 측면(우) 2_00015.png
  artifactKey: Guid(63201b0ede1137f4c9cbf77533c4332f) Importer(815301076,1909f56bfc062723c751e8b465ee728b)
Start importing Assets/Assets/Images/3성/인문대/인문대 측면(우)2/치토인문대 측면(우) 2_00015.png using Guid(63201b0ede1137f4c9cbf77533c4332f) Importer(815301076,1909f56bfc062723c751e8b465ee728b)  -> (artifact id: '3bfe1599170ffc5e50604af0debbb9aa') in 0.031528 seconds
Number of updated asset objects reloaded before import = 0
Number of asset objects unloaded after import = 3
========================================================================
Received Import Request.
  Time since last request: 0.072904 seconds.
  path: Assets/Assets/Images/3성/인문대/인문대 측면(우)2/치토인문대 측면(우) 2_00011.png
  artifactKey: Guid(852ec0fa848d1f7458e095a8e02a8e3e) Importer(815301076,1909f56bfc062723c751e8b465ee728b)
Start importing Assets/Assets/Images/3성/인문대/인문대 측면(우)2/치토인문대 측면(우) 2_00011.png using Guid(852ec0fa848d1f7458e095a8e02a8e3e) Importer(815301076,1909f56bfc062723c751e8b465ee728b)  -> (artifact id: '0333687c76993c9189c749da82d873ec') in 0.027309 seconds
Number of updated asset objects reloaded before import = 0
Number of asset objects unloaded after import = 3
========================================================================
Received Import Request.
  Time since last request: 0.008912 seconds.
  path: Assets/Scripts/Jin/TowerWeapon.cs
  artifactKey: Guid(6747f89d07a070242b812dd47cb05da9) Importer(815301076,1909f56bfc062723c751e8b465ee728b)
Start importing Assets/Scripts/Jin/TowerWeapon.cs using Guid(6747f89d07a070242b812dd47cb05da9) Importer(815301076,1909f56bfc062723c751e8b465ee728b)  -> (artifact id: 'ad7694ef2ecfa254823f4bb1a3f92f36') in 0.000570 seconds
Number of updated asset objects reloaded before import = 0
Number of asset objects unloaded after import = 0
========================================================================
Received Import Request.
  Time since last request: 0.012639 seconds.
  path: Assets/Assets/Images/2성/공대
  artifactKey: Guid(d256b25c37e4e514ca08c34f8debc405) Importer(815301076,1909f56bfc062723c751e8b465ee728b)
Start importing Assets/Assets/Images/2성/공대 using Guid(d256b25c37e4e514ca08c34f8debc405) Importer(815301076,1909f56bfc062723c751e8b465ee728b)  -> (artifact id: 'b311f7e1807fb3a8c76e9f0f3ae0a722') in 0.000454 seconds
Number of updated asset objects reloaded before import = 0
Number of asset objects unloaded after import = 0
========================================================================
Received Import Request.
  Time since last request: 0.005491 seconds.
  path: Assets/TextMesh Pro/Examples & Extras/Scenes/06 - Extra Rich Text Examples.unity
  artifactKey: Guid(39a1fa96ad2a449b908fca29d4297a74) Importer(815301076,1909f56bfc062723c751e8b465ee728b)
Start importing Assets/TextMesh Pro/Examples & Extras/Scenes/06 - Extra Rich Text Examples.unity using Guid(39a1fa96ad2a449b908fca29d4297a74) Importer(815301076,1909f56bfc062723c751e8b465ee728b)  -> (artifact id: '3871370b5a0cb8f2cb16e734b01c9a2d') in 0.000486 seconds
Number of updated asset objects reloaded before import = 0
Number of asset objects unloaded after import = 0
========================================================================
Received Import Request.
  Time since last request: 0.019071 seconds.
  path: Assets/Assets/Images/1성/자연과학대/치토자연과학대 측면 모션(좌)/치토자연과학대 측면(좌)_00001.png
  artifactKey: Guid(ec376c5e65ec44a4daa82959a4528520) Importer(815301076,1909f56bfc062723c751e8b465ee728b)
Start importing Assets/Assets/Images/1성/자연과학대/치토자연과학대 측면 모션(좌)/치토자연과학대 측면(좌)_00001.png using Guid(ec376c5e65ec44a4daa82959a4528520) Importer(815301076,1909f56bfc062723c751e8b465ee728b)  -> (artifact id: '2c11c7fe047bfb0c94049be1c08fe6e0') in 0.028275 seconds
Number of updated asset objects reloaded before import = 0
Number of asset objects unloaded after import = 3
========================================================================
Received Import Request.
  Time since last request: 0.035259 seconds.
  path: Assets/Assets/Images/3성/정통대/치토정통대 정면 2/치토정통대 정면 2_00019.png
  artifactKey: Guid(58e24b76ca3968c42bf227fdf6a89c07) Importer(815301076,1909f56bfc062723c751e8b465ee728b)
Start importing Assets/Assets/Images/3성/정통대/치토정통대 정면 2/치토정통대 정면 2_00019.png using Guid(58e24b76ca3968c42bf227fdf6a89c07) Importer(815301076,1909f56bfc062723c751e8b465ee728b)  -> (artifact id: '83fc64d25a541be139a9232c0dccf1ea') in 0.030065 seconds
Number of updated asset objects reloaded before import = 0
Number of asset objects unloaded after import = 3
========================================================================
Received Import Request.
  Time since last request: 0.005671 seconds.
  path: Assets/TextMesh Pro/Resources/Fonts & Materials/LiberationSans SDF - Outline.mat
  artifactKey: Guid(79459efec17a4d00a321bdcc27bbc385) Importer(815301076,1909f56bfc062723c751e8b465ee728b)
Start importing Assets/TextMesh Pro/Resources/Fonts & Materials/LiberationSans SDF - Outline.mat using Guid(79459efec17a4d00a321bdcc27bbc385) Importer(815301076,1909f56bfc062723c751e8b465ee728b)  -> (artifact id: '6f3683e78f0f82cd98d563b18de2ade7') in 0.019248 seconds
Number of updated asset objects reloaded before import = 0
Number of asset objects unloaded after import = 2
========================================================================
Received Import Request.
  Time since last request: 0.005620 seconds.
  path: Assets/TextMesh Pro/Shaders/TMP_Sprite.shader
  artifactKey: Guid(cf81c85f95fe47e1a27f6ae460cf182c) Importer(815301076,1909f56bfc062723c751e8b465ee728b)
Start importing Assets/TextMesh Pro/Shaders/TMP_Sprite.shader using Guid(cf81c85f95fe47e1a27f6ae460cf182c) Importer(815301076,1909f56bfc062723c751e8b465ee728b)  -> (artifact id: 'cabc183c6659d655b65cbf1a23fd995b') in 0.000711 seconds
Number of updated asset objects reloaded before import = 0
Number of asset objects unloaded after import = 0
========================================================================
Received Import Request.
  Time since last request: 0.003971 seconds.
  path: Assets/Assets/Images/3성/정통대/치토정통대 정면 2/치토정통대 정면 2_00009.png
  artifactKey: Guid(9f368cacc6f3247418e7850d83130e72) Importer(815301076,1909f56bfc062723c751e8b465ee728b)
Start importing Assets/Assets/Images/3성/정통대/치토정통대 정면 2/치토정통대 정면 2_00009.png using Guid(9f368cacc6f3247418e7850d83130e72) Importer(815301076,1909f56bfc062723c751e8b465ee728b)  -> (artifact id: '9df1bb3d0a34000fabdc5d6d2af696a3') in 0.032010 seconds
Number of updated asset objects reloaded before import = 0
Number of asset objects unloaded after import = 3
========================================================================
Received Import Request.
  Time since last request: 0.020794 seconds.
  path: Assets/TextMesh Pro/Shaders/TMP_SDF Overlay.shader
  artifactKey: Guid(dd89cf5b9246416f84610a006f916af7) Importer(815301076,1909f56bfc062723c751e8b465ee728b)
Start importing Assets/TextMesh Pro/Shaders/TMP_SDF Overlay.shader using Guid(dd89cf5b9246416f84610a006f916af7) Importer(815301076,1909f56bfc062723c751e8b465ee728b)  -> (artifact id: '21fef0ea54c6a09ec48f5738cc5d29a6') in 0.000813 seconds
Number of updated asset objects reloaded before import = 0
Number of asset objects unloaded after import = 0
========================================================================
Received Import Request.
  Time since last request: 0.013433 seconds.
  path: Assets/Assets/Images/1성/소프트웨어 융합대/치토소융대 후면 모션/치토소융대 후면_00005.png
  artifactKey: Guid(a8a1a107741086d48bfa6e5a7c303176) Importer(815301076,1909f56bfc062723c751e8b465ee728b)
Start importing Assets/Assets/Images/1성/소프트웨어 융합대/치토소융대 후면 모션/치토소융대 후면_00005.png using Guid(a8a1a107741086d48bfa6e5a7c303176) Importer(815301076,1909f56bfc062723c751e8b465ee728b)  -> (artifact id: 'e8358e06dfb776f070b06b771f216f18') in 0.026065 seconds
Number of updated asset objects reloaded before import = 0
Number of asset objects unloaded after import = 3
========================================================================
Received Import Request.
  Time since last request: 0.009747 seconds.
  path: Assets/Assets/Images/3성/인문대/치토인문대 정면 2/치토인문대 정면 2_00009.png
  artifactKey: Guid(eca533e7de047f04b8762ca5b6220763) Importer(815301076,1909f56bfc062723c751e8b465ee728b)
Start importing Assets/Assets/Images/3성/인문대/치토인문대 정면 2/치토인문대 정면 2_00009.png using Guid(eca533e7de047f04b8762ca5b6220763) Importer(815301076,1909f56bfc062723c751e8b465ee728b)  -> (artifact id: 'dc2f0f156e3e014c0fc3b05fd571da68') in 0.028709 seconds
Number of updated asset objects reloaded before import = 0
Number of asset objects unloaded after import = 3
========================================================================
Received Import Request.
  Time since last request: 0.009728 seconds.
  path: Assets/Assets/Images/2성/미디어/치토미디어 후면/치토미디어 후면_00013.png
  artifactKey: Guid(2475ebba9451653498539bd3a4c3961d) Importer(815301076,1909f56bfc062723c751e8b465ee728b)
Start importing Assets/Assets/Images/2성/미디어/치토미디어 후면/치토미디어 후면_00013.png using Guid(2475ebba9451653498539bd3a4c3961d) Importer(815301076,1909f56bfc062723c751e8b465ee728b)  -> (artifact id: '54a10574bd01dc75e751876367e5d2e2') in 0.022228 seconds
Number of updated asset objects reloaded before import = 0
Number of asset objects unloaded after import = 2
========================================================================
Received Import Request.
  Time since last request: 0.009353 seconds.
  path: Assets/Assets/Images/3성/공대/치토공대 정면 2
  artifactKey: Guid(d6fda407055e68e4ba831389bf131b25) Importer(815301076,1909f56bfc062723c751e8b465ee728b)
Start importing Assets/Assets/Images/3성/공대/치토공대 정면 2 using Guid(d6fda407055e68e4ba831389bf131b25) Importer(815301076,1909f56bfc062723c751e8b465ee728b)  -> (artifact id: '2c284dd42c14ca0b8883efcdbf0fa426') in 0.000515 seconds
Number of updated asset objects reloaded before import = 0
Number of asset objects unloaded after import = 0
========================================================================
Received Import Request.
  Time since last request: 0.018798 seconds.
  path: Assets/Assets/Images/3성/자연과학대/자연과학대 측면(우)2/자연과학대 측면(우)2_00003.png
  artifactKey: Guid(02bbebcf3d5e5204f8dfd3a6eaa3375e) Importer(815301076,1909f56bfc062723c751e8b465ee728b)
Start importing Assets/Assets/Images/3성/자연과학대/자연과학대 측면(우)2/자연과학대 측면(우)2_00003.png using Guid(02bbebcf3d5e5204f8dfd3a6eaa3375e) Importer(815301076,1909f56bfc062723c751e8b465ee728b)  -> (artifact id: 'dbd334dfc8d240707a4e924d4889b6c2') in 0.028316 seconds
Number of updated asset objects reloaded before import = 0
Number of asset objects unloaded after import = 3
========================================================================
Received Import Request.
  Time since last request: 0.001613 seconds.
  path: Assets/Assets/Images/3성/간호대
  artifactKey: Guid(e0645123d9c59c34e8b37608013df3e5) Importer(815301076,1909f56bfc062723c751e8b465ee728b)
Start importing Assets/Assets/Images/3성/간호대 using Guid(e0645123d9c59c34e8b37608013df3e5) Importer(815301076,1909f56bfc062723c751e8b465ee728b)  -> (artifact id: '79278868d543303bd26cca5f2f21f95c') in 0.000410 seconds
Number of updated asset objects reloaded before import = 0
Number of asset objects unloaded after import = 0
========================================================================
Received Import Request.
  Time since last request: 0.031791 seconds.
  path: Assets/Assets/Images/3성/의과/의과 측면(우)2
  artifactKey: Guid(cf9f36c82c70f1e4ba5d3538bb37aec4) Importer(815301076,1909f56bfc062723c751e8b465ee728b)
Start importing Assets/Assets/Images/3성/의과/의과 측면(우)2 using Guid(cf9f36c82c70f1e4ba5d3538bb37aec4) Importer(815301076,1909f56bfc062723c751e8b465ee728b)  -> (artifact id: 'adc765f66f8dde87449cfab7573909cd') in 0.000501 seconds
Number of updated asset objects reloaded before import = 0
Number of asset objects unloaded after import = 0
========================================================================
Received Import Request.
  Time since last request: 0.016035 seconds.
  path: Assets/Assets/Images/1성/자연과학대/치토자연과학대 측면 모션(우)/치토자연과학대 측면(우)_00006.png
  artifactKey: Guid(e924f6c9d5da282449321e45406f5baa) Importer(815301076,1909f56bfc062723c751e8b465ee728b)
Start importing Assets/Assets/Images/1성/자연과학대/치토자연과학대 측면 모션(우)/치토자연과학대 측면(우)_00006.png using Guid(e924f6c9d5da282449321e45406f5baa) Importer(815301076,1909f56bfc062723c751e8b465ee728b)  -> (artifact id: '7aebbcb596924a48eabfe604fffbd0e6') in 0.027429 seconds
Number of updated asset objects reloaded before import = 0
Number of asset objects unloaded after import = 3
========================================================================
Received Import Request.
  Time since last request: 0.015381 seconds.
  path: Assets/TextMesh Pro/Examples & Extras/Resources/Fonts & Materials
  artifactKey: Guid(4f1e85c79acf49968737939ce8b445c7) Importer(815301076,1909f56bfc062723c751e8b465ee728b)
Start importing Assets/TextMesh Pro/Examples & Extras/Resources/Fonts & Materials using Guid(4f1e85c79acf49968737939ce8b445c7) Importer(815301076,1909f56bfc062723c751e8b465ee728b)  -> (artifact id: '0be1e179dfa15dfce38665210f3fbbb5') in 0.000502 seconds
Number of updated asset objects reloaded before import = 0
Number of asset objects unloaded after import = 0
========================================================================
Received Import Request.
  Time since last request: 0.004909 seconds.
  path: Assets/Assets/Images/2성/약학대
  artifactKey: Guid(6cc06f1a09e694746bfaff551d3b429d) Importer(815301076,1909f56bfc062723c751e8b465ee728b)
Start importing Assets/Assets/Images/2성/약학대 using Guid(6cc06f1a09e694746bfaff551d3b429d) Importer(815301076,1909f56bfc062723c751e8b465ee728b)  -> (artifact id: 'a9b966a72630e2adadc3ac885cec548a') in 0.000417 seconds
Number of updated asset objects reloaded before import = 0
Number of asset objects unloaded after import = 0
========================================================================
Received Import Request.
  Time since last request: 0.001638 seconds.
  path: Assets/Assets/Images/2성/의과/Ddown2.anim
  artifactKey: Guid(95df503304c6c0a48a4a8e295b9a9fe5) Importer(815301076,1909f56bfc062723c751e8b465ee728b)
Start importing Assets/Assets/Images/2성/의과/Ddown2.anim using Guid(95df503304c6c0a48a4a8e295b9a9fe5) Importer(815301076,1909f56bfc062723c751e8b465ee728b)  -> (artifact id: '6073752b508b57d6148dd3bccd96247b') in 0.001231 seconds
Number of updated asset objects reloaded before import = 0
Number of asset objects unloaded after import = 1
========================================================================
Received Import Request.
  Time since last request: 0.046947 seconds.
  path: Assets/Assets/Images/3성/미디어/치토미디어 후면 2/치토미디어 후면 2_00019.png
  artifactKey: Guid(3ff1566e194092d4da2d0b7cd3dd9606) Importer(815301076,1909f56bfc062723c751e8b465ee728b)
Start importing Assets/Assets/Images/3성/미디어/치토미디어 후면 2/치토미디어 후면 2_00019.png using Guid(3ff1566e194092d4da2d0b7cd3dd9606) Importer(815301076,1909f56bfc062723c751e8b465ee728b)  -> (artifact id: 'e0b1efb50b4095a058d16f17597a0fa2') in 0.022235 seconds
Number of updated asset objects reloaded before import = 0
Number of asset objects unloaded after import = 2
========================================================================
Received Import Request.
  Time since last request: 0.016423 seconds.
  path: Assets/Assets/Images/2성/미디어/치토미디어 정면/치토미디어 정면_00007.png
  artifactKey: Guid(bf38590711c9516469bd1dc5fc8a8338) Importer(815301076,1909f56bfc062723c751e8b465ee728b)
Start importing Assets/Assets/Images/2성/미디어/치토미디어 정면/치토미디어 정면_00007.png using Guid(bf38590711c9516469bd1dc5fc8a8338) Importer(815301076,1909f56bfc062723c751e8b465ee728b)  -> (artifact id: '12d6e9e549399bd0eeecb70d3ec1eccf') in 0.022186 seconds
Number of updated asset objects reloaded before import = 0
Number of asset objects unloaded after import = 2
========================================================================
Received Import Request.
  Time since last request: 0.004144 seconds.
  path: Assets/Assets/Images/3성/자연과학대/자연과학대 측면(우)2/자연과학대 측면(우)2_00000.png
  artifactKey: Guid(47833843d6fa00b45957e0b2774d07d4) Importer(815301076,1909f56bfc062723c751e8b465ee728b)
Start importing Assets/Assets/Images/3성/자연과학대/자연과학대 측면(우)2/자연과학대 측면(우)2_00000.png using Guid(47833843d6fa00b45957e0b2774d07d4) Importer(815301076,1909f56bfc062723c751e8b465ee728b)  -> (artifact id: '7873f380627f2d2b05b22f7158b7079d') in 0.027161 seconds
Number of updated asset objects reloaded before import = 0
Number of asset objects unloaded after import = 3
========================================================================
Received Import Request.
  Time since last request: 0.041926 seconds.
  path: Assets/Assets/Images/1성/의과/치토의과 측면 모션(우)/치토의과 측면(우)_00013.png
  artifactKey: Guid(29517a32066b3dc4692e519476664cf7) Importer(815301076,1909f56bfc062723c751e8b465ee728b)
Start importing Assets/Assets/Images/1성/의과/치토의과 측면 모션(우)/치토의과 측면(우)_00013.png using Guid(29517a32066b3dc4692e519476664cf7) Importer(815301076,1909f56bfc062723c751e8b465ee728b)  -> (artifact id: '85ee6e0792c31d9e958b59f92b79f0bd') in 0.027634 seconds
Number of updated asset objects reloaded before import = 0
Number of asset objects unloaded after import = 3
========================================================================
Received Import Request.
  Time since last request: 0.013290 seconds.
  path: Assets/Assets/Images/1성/의과/치토의과 측면 모션(우)/치토의과 측면(우)_00014.png
  artifactKey: Guid(dbcb5439f3c3ce141b6b681dcc58d56a) Importer(815301076,1909f56bfc062723c751e8b465ee728b)
Start importing Assets/Assets/Images/1성/의과/치토의과 측면 모션(우)/치토의과 측면(우)_00014.png using Guid(dbcb5439f3c3ce141b6b681dcc58d56a) Importer(815301076,1909f56bfc062723c751e8b465ee728b)  -> (artifact id: 'a96e83c79e50eaf65f3cfd17e18780bf') in 0.025755 seconds
Number of updated asset objects reloaded before import = 0
Number of asset objects unloaded after import = 3
========================================================================
Received Import Request.
  Time since last request: 0.002330 seconds.
  path: Assets/Assets/Images/1성/소프트웨어 융합대/SW_Chito_anim.controller
  artifactKey: Guid(5bfd0b7a67744494b9e9faca2a0b18e5) Importer(815301076,1909f56bfc062723c751e8b465ee728b)
Start importing Assets/Assets/Images/1성/소프트웨어 융합대/SW_Chito_anim.controller using Guid(5bfd0b7a67744494b9e9faca2a0b18e5) Importer(815301076,1909f56bfc062723c751e8b465ee728b)  -> (artifact id: '9b7c291d4b2f1d9938df6197efbdaeb9') in 0.002667 seconds
Number of updated asset objects reloaded before import = 0
Number of asset objects unloaded after import = 10
========================================================================
Received Import Request.
  Time since last request: 0.036991 seconds.
  path: Assets/TextMesh Pro/Examples & Extras/Scripts/DropdownSample.cs
  artifactKey: Guid(ac1eb05af6d391b4eb0f4c070a99f1d0) Importer(815301076,1909f56bfc062723c751e8b465ee728b)
Start importing Assets/TextMesh Pro/Examples & Extras/Scripts/DropdownSample.cs using Guid(ac1eb05af6d391b4eb0f4c070a99f1d0) Importer(815301076,1909f56bfc062723c751e8b465ee728b)  -> (artifact id: 'c518138ec9fedb112b5b80646f29fd2c') in 0.000589 seconds
Number of updated asset objects reloaded before import = 0
Number of asset objects unloaded after import = 0
========================================================================
Received Import Request.
  Time since last request: 0.010152 seconds.
  path: Assets/TextMesh Pro/Examples & Extras/Resources/Sprite Assets/DropCap Numbers.asset
  artifactKey: Guid(14aa93acbb234d16aaef0e8b46814db6) Importer(815301076,1909f56bfc062723c751e8b465ee728b)
Start importing Assets/TextMesh Pro/Examples & Extras/Resources/Sprite Assets/DropCap Numbers.asset using Guid(14aa93acbb234d16aaef0e8b46814db6) Importer(815301076,1909f56bfc062723c751e8b465ee728b)  -> (artifact id: 'd650a9d6b1945b39911fd2f39d5c71e8') in 0.002190 seconds
Number of updated asset objects reloaded before import = 0
Number of asset objects unloaded after import = 3
========================================================================
Received Import Request.
  Time since last request: 0.008712 seconds.
  path: Assets/Scripts/Jin/TowerTemplate.cs
  artifactKey: Guid(35586822ad1f52e4fbf4e0bb960eeb23) Importer(815301076,1909f56bfc062723c751e8b465ee728b)
Start importing Assets/Scripts/Jin/TowerTemplate.cs using Guid(35586822ad1f52e4fbf4e0bb960eeb23) Importer(815301076,1909f56bfc062723c751e8b465ee728b)  -> (artifact id: '0251257215ef14aab7bb0fa5d7f50b66') in 0.000505 seconds
Number of updated asset objects reloaded before import = 0
Number of asset objects unloaded after import = 0
========================================================================
Received Import Request.
  Time since last request: 0.005759 seconds.
  path: Assets/TextMesh Pro/Examples & Extras/Scripts/TMP_PhoneNumberValidator.cs
  artifactKey: Guid(83680ab1a69f4102ac67d1459fe76e1f) Importer(815301076,1909f56bfc062723c751e8b465ee728b)
Start importing Assets/TextMesh Pro/Examples & Extras/Scripts/TMP_PhoneNumberValidator.cs using Guid(83680ab1a69f4102ac67d1459fe76e1f) Importer(815301076,1909f56bfc062723c751e8b465ee728b)  -> (artifact id: 'ad0b91e1d5d69df796cdb4a8b1dd4543') in 0.000477 seconds
Number of updated asset objects reloaded before import = 0
Number of asset objects unloaded after import = 0
========================================================================
Received Import Request.
  Time since last request: 0.005104 seconds.
  path: Assets/Assets/Images/3성/인문대/치토인문대 정면 2/치토인문대 정면 2_00015.png
  artifactKey: Guid(7773258c9198f144da10905b7cc98089) Importer(815301076,1909f56bfc062723c751e8b465ee728b)
Start importing Assets/Assets/Images/3성/인문대/치토인문대 정면 2/치토인문대 정면 2_00015.png using Guid(7773258c9198f144da10905b7cc98089) Importer(815301076,1909f56bfc062723c751e8b465ee728b)  -> (artifact id: '0b7f2ac8a94804e51bb685d1c81a8f3b') in 0.027408 seconds
Number of updated asset objects reloaded before import = 0
Number of asset objects unloaded after import = 3
========================================================================
Received Import Request.
  Time since last request: 0.029655 seconds.
  path: Assets/Assets/Images/2성/미디어/미디어 측면(우)/치토미디어 측면(우)_00005.png
  artifactKey: Guid(0da4eed5f1f02ca4494514a3570707e0) Importer(815301076,1909f56bfc062723c751e8b465ee728b)
Start importing Assets/Assets/Images/2성/미디어/미디어 측면(우)/치토미디어 측면(우)_00005.png using Guid(0da4eed5f1f02ca4494514a3570707e0) Importer(815301076,1909f56bfc062723c751e8b465ee728b)  -> (artifact id: 'ae99059121896a958d4950ceb820e707') in 0.022734 seconds
Number of updated asset objects reloaded before import = 0
Number of asset objects unloaded after import = 2
========================================================================
Received Import Request.
  Time since last request: 0.005702 seconds.
  path: Assets/Assets/Images/2성/약학대/치토약학대 정면
  artifactKey: Guid(ecf3764af544fb24581f586b85a7fa0e) Importer(815301076,1909f56bfc062723c751e8b465ee728b)
Start importing Assets/Assets/Images/2성/약학대/치토약학대 정면 using Guid(ecf3764af544fb24581f586b85a7fa0e) Importer(815301076,1909f56bfc062723c751e8b465ee728b)  -> (artifact id: '4938bb25b96a0d0b8c8aa3447833c9e8') in 0.000490 seconds
Number of updated asset objects reloaded before import = 0
Number of asset objects unloaded after import = 0
========================================================================
Received Import Request.
  Time since last request: 0.013294 seconds.
  path: Assets/Assets/Images/1성/공대/Gdown.anim
  artifactKey: Guid(bf77ff1942ef4634683075363cc7350b) Importer(815301076,1909f56bfc062723c751e8b465ee728b)
Start importing Assets/Assets/Images/1성/공대/Gdown.anim using Guid(bf77ff1942ef4634683075363cc7350b) Importer(815301076,1909f56bfc062723c751e8b465ee728b)  -> (artifact id: '16194e8ff802dd46776ea1a7e8fca548') in 0.001316 seconds
Number of updated asset objects reloaded before import = 0
Number of asset objects unloaded after import = 1
========================================================================
Received Import Request.
  Time since last request: 0.003402 seconds.
  path: Assets/Assets/Images/3성/자연과학대/자연과학대 측면(우)2/자연과학대 측면(우)2_00002.png
  artifactKey: Guid(bcff808022123d242ad73b54d0acfc8c) Importer(815301076,1909f56bfc062723c751e8b465ee728b)
Start importing Assets/Assets/Images/3성/자연과학대/자연과학대 측면(우)2/자연과학대 측면(우)2_00002.png using Guid(bcff808022123d242ad73b54d0acfc8c) Importer(815301076,1909f56bfc062723c751e8b465ee728b)  -> (artifact id: '5487b2d69b2b471244d17008ef33e0b2') in 0.029521 seconds
Number of updated asset objects reloaded before import = 0
Number of asset objects unloaded after import = 3
========================================================================
Received Import Request.
  Time since last request: 0.038544 seconds.
  path: Assets/TextMesh Pro/Examples & Extras/Scripts/VertexColorCycler.cs
  artifactKey: Guid(91b8ba3d52e041fab2d0e0f169855539) Importer(815301076,1909f56bfc062723c751e8b465ee728b)
Start importing Assets/TextMesh Pro/Examples & Extras/Scripts/VertexColorCycler.cs using Guid(91b8ba3d52e041fab2d0e0f169855539) Importer(815301076,1909f56bfc062723c751e8b465ee728b)  -> (artifact id: '7508d100115c6c16602d33d37013a17c') in 0.000589 seconds
Number of updated asset objects reloaded before import = 0
Number of asset objects unloaded after import = 0
========================================================================
Received Import Request.
  Time since last request: 0.020579 seconds.
  path: Assets/Assets/Images/3성/사회과학대/Sdown3.anim
  artifactKey: Guid(59f17ece6913dbd4f844e49e368939a9) Importer(815301076,1909f56bfc062723c751e8b465ee728b)
Start importing Assets/Assets/Images/3성/사회과학대/Sdown3.anim using Guid(59f17ece6913dbd4f844e49e368939a9) Importer(815301076,1909f56bfc062723c751e8b465ee728b)  -> (artifact id: '3f06b845c222d26a067fc67a2353bcb5') in 0.001353 seconds
Number of updated asset objects reloaded before import = 0
Number of asset objects unloaded after import = 1
========================================================================
Received Import Request.
  Time since last request: 0.012697 seconds.
  path: Assets/Assets/Images/2성/미디어/치토미디어 측면(좌)/치토미디어 측면(좌)_00009.png
  artifactKey: Guid(f83d215a76ff6c54f8c5b384b0627e63) Importer(815301076,1909f56bfc062723c751e8b465ee728b)
Start importing Assets/Assets/Images/2성/미디어/치토미디어 측면(좌)/치토미디어 측면(좌)_00009.png using Guid(f83d215a76ff6c54f8c5b384b0627e63) Importer(815301076,1909f56bfc062723c751e8b465ee728b)  -> (artifact id: '30b2cced0a14d1fdd0f8a24770066d5c') in 0.022295 seconds
Number of updated asset objects reloaded before import = 0
Number of asset objects unloaded after import = 2
========================================================================
Received Import Request.
  Time since last request: 0.013573 seconds.
  path: Assets/Assets/Images/1성/소프트웨어 융합대/치토소융대 후면 모션/치토소융대 후면_00004.png
  artifactKey: Guid(7f1a0c7753c3dc044ab58911ae1bce27) Importer(815301076,1909f56bfc062723c751e8b465ee728b)
Start importing Assets/Assets/Images/1성/소프트웨어 융합대/치토소융대 후면 모션/치토소융대 후면_00004.png using Guid(7f1a0c7753c3dc044ab58911ae1bce27) Importer(815301076,1909f56bfc062723c751e8b465ee728b)  -> (artifact id: '4ac37a924bb97b53944c012f7d6b02bc') in 0.025708 seconds
Number of updated asset objects reloaded before import = 0
Number of asset objects unloaded after import = 3
========================================================================
Received Import Request.
  Time since last request: 0.031525 seconds.
  path: Assets/Assets/Images/3성/약학대/치토약학대 측면(좌) 2
  artifactKey: Guid(88797c1639bbd964ea27376329f7a8d2) Importer(815301076,1909f56bfc062723c751e8b465ee728b)
Start importing Assets/Assets/Images/3성/약학대/치토약학대 측면(좌) 2 using Guid(88797c1639bbd964ea27376329f7a8d2) Importer(815301076,1909f56bfc062723c751e8b465ee728b)  -> (artifact id: 'd3df0a3967c72a0c3f708b2774dd50d0') in 0.000548 seconds
Number of updated asset objects reloaded before import = 0
Number of asset objects unloaded after import = 0
========================================================================
Received Import Request.
  Time since last request: 0.001733 seconds.
  path: Assets/TextMesh Pro/Examples & Extras/Textures/Brushed Metal 3.jpg
  artifactKey: Guid(f88677df267a41d6be1e7a6133e7d227) Importer(815301076,1909f56bfc062723c751e8b465ee728b)
Start importing Assets/TextMesh Pro/Examples & Extras/Textures/Brushed Metal 3.jpg using Guid(f88677df267a41d6be1e7a6133e7d227) Importer(815301076,1909f56bfc062723c751e8b465ee728b)  -> (artifact id: '0b1c199ce0d5992a7e1a10ce08f522e2') in 0.022189 seconds
Number of updated asset objects reloaded before import = 0
Number of asset objects unloaded after import = 2
========================================================================
Received Import Request.
  Time since last request: 0.018587 seconds.
  path: Assets/Assets/Images/3성/인문대/치토인문대 정면 2/치토인문대 정면 2_00000.png
  artifactKey: Guid(e61bfd668e18bf442b3f01b72c45d6e6) Importer(815301076,1909f56bfc062723c751e8b465ee728b)
Start importing Assets/Assets/Images/3성/인문대/치토인문대 정면 2/치토인문대 정면 2_00000.png using Guid(e61bfd668e18bf442b3f01b72c45d6e6) Importer(815301076,1909f56bfc062723c751e8b465ee728b)  -> (artifact id: 'c2a9cd304a0855ac9a0570d026e203f4') in 0.029116 seconds
Number of updated asset objects reloaded before import = 0
Number of asset objects unloaded after import = 3
========================================================================
Received Import Request.
  Time since last request: 0.038604 seconds.
  path: Assets/Assets/Images/3성/ㄱ.기본형/치토 기본형 후면2
  artifactKey: Guid(55fbdb7e1e9837e48b2a3da8fe17fcb1) Importer(815301076,1909f56bfc062723c751e8b465ee728b)
Start importing Assets/Assets/Images/3성/ㄱ.기본형/치토 기본형 후면2 using Guid(55fbdb7e1e9837e48b2a3da8fe17fcb1) Importer(815301076,1909f56bfc062723c751e8b465ee728b)  -> (artifact id: 'dba053f2f02f05d16148d34a5edf07ea') in 0.000555 seconds
Number of updated asset objects reloaded before import = 0
Number of asset objects unloaded after import = 0
========================================================================
Received Import Request.
  Time since last request: 0.011669 seconds.
  path: Assets/Assets/Images/1성/자연과학대/치토자연과학대 측면 모션(우)/치토자연과학대 측면(우)_00016.png
  artifactKey: Guid(32aa17fa228a3634289d9c9d40b719b1) Importer(815301076,1909f56bfc062723c751e8b465ee728b)
Start importing Assets/Assets/Images/1성/자연과학대/치토자연과학대 측면 모션(우)/치토자연과학대 측면(우)_00016.png using Guid(32aa17fa228a3634289d9c9d40b719b1) Importer(815301076,1909f56bfc062723c751e8b465ee728b)  -> (artifact id: 'dad955b48e7c6b48449be27ac6a0a14c') in 0.027961 seconds
Number of updated asset objects reloaded before import = 0
Number of asset objects unloaded after import = 3
========================================================================
Received Import Request.
  Time since last request: 0.004042 seconds.
  path: Assets/Assets/Images/1성/의과/치토의과 측면 모션(우)/치토의과 측면(우)_00005.png
  artifactKey: Guid(f43e5cf829250c84b9f7d633ac0f4c19) Importer(815301076,1909f56bfc062723c751e8b465ee728b)
Start importing Assets/Assets/Images/1성/의과/치토의과 측면 모션(우)/치토의과 측면(우)_00005.png using Guid(f43e5cf829250c84b9f7d633ac0f4c19) Importer(815301076,1909f56bfc062723c751e8b465ee728b)  -> (artifact id: '25249f93e1f3f1352a68b450a768b89b') in 0.025941 seconds
Number of updated asset objects reloaded before import = 0
Number of asset objects unloaded after import = 3
========================================================================
Received Import Request.
  Time since last request: 0.002561 seconds.
  path: Assets/TextMesh Pro/Examples & Extras/Textures/Wipe Pattern - Circle.psd
  artifactKey: Guid(10c49fcd9c64421db7c0133e61e55f97) Importer(815301076,1909f56bfc062723c751e8b465ee728b)
Start importing Assets/TextMesh Pro/Examples & Extras/Textures/Wipe Pattern - Circle.psd using Guid(10c49fcd9c64421db7c0133e61e55f97) Importer(815301076,1909f56bfc062723c751e8b465ee728b)  -> (artifact id: '1454a4e60694eebcf7c23810127beb47') in 0.021180 seconds
Number of updated asset objects reloaded before import = 0
Number of asset objects unloaded after import = 2
========================================================================
Received Import Request.
  Time since last request: 0.006008 seconds.
  path: Assets/TextMesh Pro/Examples & Extras/Scripts/TeleType.cs
  artifactKey: Guid(e32c266ee6204b21a427753cb0694c81) Importer(815301076,1909f56bfc062723c751e8b465ee728b)
Start importing Assets/TextMesh Pro/Examples & Extras/Scripts/TeleType.cs using Guid(e32c266ee6204b21a427753cb0694c81) Importer(815301076,1909f56bfc062723c751e8b465ee728b)  -> (artifact id: '0e9341f2856a9deefef804c84a83cead') in 0.000532 seconds
Number of updated asset objects reloaded before import = 0
Number of asset objects unloaded after import = 0
========================================================================
Received Import Request.
  Time since last request: 0.008487 seconds.
  path: Assets/Assets/Images/3성/미디어/치토미디어 정면 2/치토미디어 정면 2_00008.png
  artifactKey: Guid(5e07c17955fb08d47914a3790db8ef8c) Importer(815301076,1909f56bfc062723c751e8b465ee728b)
Start importing Assets/Assets/Images/3성/미디어/치토미디어 정면 2/치토미디어 정면 2_00008.png using Guid(5e07c17955fb08d47914a3790db8ef8c) Importer(815301076,1909f56bfc062723c751e8b465ee728b)  -> (artifact id: '0d7791a7fa13cea1dac3dcad3eec4374') in 0.022555 seconds
Number of updated asset objects reloaded before import = 0
Number of asset objects unloaded after import = 2
========================================================================
Received Import Request.
  Time since last request: 0.004083 seconds.
  path: Assets/Assets/Images/2성/미디어/치토미디어 측면(좌)/치토미디어 측면(좌)_00007.png
  artifactKey: Guid(cfd4f90839eb2194e8d2951cbe2f8d54) Importer(815301076,1909f56bfc062723c751e8b465ee728b)
Start importing Assets/Assets/Images/2성/미디어/치토미디어 측면(좌)/치토미디어 측면(좌)_00007.png using Guid(cfd4f90839eb2194e8d2951cbe2f8d54) Importer(815301076,1909f56bfc062723c751e8b465ee728b)  -> (artifact id: '403363b700927c8821ffbf403ae6d7ac') in 0.022466 seconds
Number of updated asset objects reloaded before import = 0
Number of asset objects unloaded after import = 2
========================================================================
Received Import Request.
  Time since last request: 0.025448 seconds.
  path: Assets/TextMesh Pro/Examples & Extras/Scenes/13 - Soft Hyphenation.unity
  artifactKey: Guid(875684baf40f4d008ce806d03e2a81b2) Importer(815301076,1909f56bfc062723c751e8b465ee728b)
Start importing Assets/TextMesh Pro/Examples & Extras/Scenes/13 - Soft Hyphenation.unity using Guid(875684baf40f4d008ce806d03e2a81b2) Importer(815301076,1909f56bfc062723c751e8b465ee728b)  -> (artifact id: 'cde14dd58b7a3617fb8fbaf785d33fb6') in 0.000644 seconds
Number of updated asset objects reloaded before import = 0
Number of asset objects unloaded after import = 0
========================================================================
Received Import Request.
  Time since last request: 0.001292 seconds.
  path: Assets/Assets/Images/2성/정통대/치토정통대 측면(우)
  artifactKey: Guid(f3bffe1b13db0f2489a31a0f430e0df3) Importer(815301076,1909f56bfc062723c751e8b465ee728b)
Start importing Assets/Assets/Images/2성/정통대/치토정통대 측면(우) using Guid(f3bffe1b13db0f2489a31a0f430e0df3) Importer(815301076,1909f56bfc062723c751e8b465ee728b)  -> (artifact id: '2754d6f436e72f9e1df3252d97d5d99b') in 0.000412 seconds
Number of updated asset objects reloaded before import = 0
Number of asset objects unloaded after import = 0
========================================================================
Received Import Request.
  Time since last request: 0.012002 seconds.
  path: Assets/Assets/Images/3성/정통대/치토정통대 측면(좌) 2
  artifactKey: Guid(5c70ec1c6540c3e47a8fcb85d796a2fb) Importer(815301076,1909f56bfc062723c751e8b465ee728b)
Start importing Assets/Assets/Images/3성/정통대/치토정통대 측면(좌) 2 using Guid(5c70ec1c6540c3e47a8fcb85d796a2fb) Importer(815301076,1909f56bfc062723c751e8b465ee728b)  -> (artifact id: 'ed455c45be8a205b4ed21631a56ba069') in 0.000456 seconds
Number of updated asset objects reloaded before import = 0
Number of asset objects unloaded after import = 0
========================================================================
Received Import Request.
  Time since last request: 0.008882 seconds.
  path: Assets/Assets/Images/2성/미디어/치토미디어 후면/치토미디어 후면_00000.png
  artifactKey: Guid(7ea64c75cb7d2a34381061265bb2677f) Importer(815301076,1909f56bfc062723c751e8b465ee728b)
Start importing Assets/Assets/Images/2성/미디어/치토미디어 후면/치토미디어 후면_00000.png using Guid(7ea64c75cb7d2a34381061265bb2677f) Importer(815301076,1909f56bfc062723c751e8b465ee728b)  -> (artifact id: 'ba813ab61c01250c90e9be49ff853f0b') in 0.022467 seconds
Number of updated asset objects reloaded before import = 0
Number of asset objects unloaded after import = 2
========================================================================
Received Import Request.
  Time since last request: 0.031238 seconds.
  path: Assets/TextMesh Pro/Examples & Extras/Textures/Gradient Horizontal (Color).jpg
  artifactKey: Guid(6eb184de103d4b3f812b38561065192f) Importer(815301076,1909f56bfc062723c751e8b465ee728b)
Start importing Assets/TextMesh Pro/Examples & Extras/Textures/Gradient Horizontal (Color).jpg using Guid(6eb184de103d4b3f812b38561065192f) Importer(815301076,1909f56bfc062723c751e8b465ee728b)  -> (artifact id: '80588df178879b4ce6a2402b66ef7a3f') in 0.021167 seconds
Number of updated asset objects reloaded before import = 0
Number of asset objects unloaded after import = 2
========================================================================
Received Import Request.
  Time since last request: 0.007813 seconds.
  path: Assets/Assets/Images/2성/미디어/치토미디어 정면/치토미디어 정면_00010.png
  artifactKey: Guid(1c10b7da36f632c47ac9db7c1d4e3644) Importer(815301076,1909f56bfc062723c751e8b465ee728b)
Start importing Assets/Assets/Images/2성/미디어/치토미디어 정면/치토미디어 정면_00010.png using Guid(1c10b7da36f632c47ac9db7c1d4e3644) Importer(815301076,1909f56bfc062723c751e8b465ee728b)  -> (artifact id: 'a1d4e1e50a1b57a41607327255239d8a') in 0.022827 seconds
Number of updated asset objects reloaded before import = 0
Number of asset objects unloaded after import = 2
========================================================================
Received Import Request.
  Time since last request: 0.011732 seconds.
  path: Assets/Assets/Images/3성/인문대/치토인문대 정면 2/치토인문대 정면 2_00012.png
  artifactKey: Guid(aa88da9e79c0e4244a58ea2a7de5e027) Importer(815301076,1909f56bfc062723c751e8b465ee728b)
Start importing Assets/Assets/Images/3성/인문대/치토인문대 정면 2/치토인문대 정면 2_00012.png using Guid(aa88da9e79c0e4244a58ea2a7de5e027) Importer(815301076,1909f56bfc062723c751e8b465ee728b)  -> (artifact id: '95cd4aca5a119e10c5457d20e7dc7864') in 0.028923 seconds
Number of updated asset objects reloaded before import = 0
Number of asset objects unloaded after import = 3
========================================================================
Received Import Request.
  Time since last request: 0.018145 seconds.
  path: Assets/Assets/Images/2성/정통대
  artifactKey: Guid(aee26deb47d2b45449be03e7b9296116) Importer(815301076,1909f56bfc062723c751e8b465ee728b)
Start importing Assets/Assets/Images/2성/정통대 using Guid(aee26deb47d2b45449be03e7b9296116) Importer(815301076,1909f56bfc062723c751e8b465ee728b)  -> (artifact id: 'e06e1461c314d6a082964ee1883acaca') in 0.000529 seconds
Number of updated asset objects reloaded before import = 0
Number of asset objects unloaded after import = 0
========================================================================
Received Import Request.
  Time since last request: 0.012698 seconds.
  path: Assets/TextMesh Pro/Examples & Extras/Scenes/19 - Masking Texture & Soft Mask.unity
  artifactKey: Guid(9abcd5bd764646568a6ea70d00f9264c) Importer(815301076,1909f56bfc062723c751e8b465ee728b)
Start importing Assets/TextMesh Pro/Examples & Extras/Scenes/19 - Masking Texture & Soft Mask.unity using Guid(9abcd5bd764646568a6ea70d00f9264c) Importer(815301076,1909f56bfc062723c751e8b465ee728b)  -> (artifact id: 'f88b179bf7537905164d90dbc38f152b') in 0.000526 seconds
Number of updated asset objects reloaded before import = 0
Number of asset objects unloaded after import = 0
========================================================================
Received Import Request.
  Time since last request: 0.001543 seconds.
  path: Assets/TextMesh Pro/Examples & Extras/Scripts/VertexZoom.cs
  artifactKey: Guid(52ec835d14bd486f900952b77698b7eb) Importer(815301076,1909f56bfc062723c751e8b465ee728b)
Start importing Assets/TextMesh Pro/Examples & Extras/Scripts/VertexZoom.cs using Guid(52ec835d14bd486f900952b77698b7eb) Importer(815301076,1909f56bfc062723c751e8b465ee728b)  -> (artifact id: 'd7b2f2d770c0b9d794f54c540c87e2bb') in 0.000443 seconds
Number of updated asset objects reloaded before import = 0
Number of asset objects unloaded after import = 0
========================================================================
Received Import Request.
  Time since last request: 0.199914 seconds.
  path: Assets/Assets/Images/3성/미디어/치토미디어 측면(좌) 2/치토미디어 측면(좌) 2_00008.png
  artifactKey: Guid(1ed7473fc1112ac468b4af056fcf15de) Importer(815301076,1909f56bfc062723c751e8b465ee728b)
Start importing Assets/Assets/Images/3성/미디어/치토미디어 측면(좌) 2/치토미디어 측면(좌) 2_00008.png using Guid(1ed7473fc1112ac468b4af056fcf15de) Importer(815301076,1909f56bfc062723c751e8b465ee728b)  -> (artifact id: 'ceb9a9d7b0f2744460c295b608a68e11') in 0.022922 seconds
Number of updated asset objects reloaded before import = 0
Number of asset objects unloaded after import = 2
========================================================================
Received Import Request.
  Time since last request: 0.017200 seconds.
  path: Assets/TextMesh Pro/Examples & Extras/Scenes/12a - Text Interactions.unity
  artifactKey: Guid(08572ab7713642c8a60789750f0bce5c) Importer(815301076,1909f56bfc062723c751e8b465ee728b)
Start importing Assets/TextMesh Pro/Examples & Extras/Scenes/12a - Text Interactions.unity using Guid(08572ab7713642c8a60789750f0bce5c) Importer(815301076,1909f56bfc062723c751e8b465ee728b)  -> (artifact id: '6d19c473f704368058bfe2676e7d436c') in 0.000624 seconds
Number of updated asset objects reloaded before import = 0
Number of asset objects unloaded after import = 0
========================================================================
Received Import Request.
  Time since last request: 0.009737 seconds.
  path: Assets/Assets/Images/1성/소프트웨어 융합대/치토소융대 측면 모션(우)/치토소융대 측면(우)_00038.png
  artifactKey: Guid(23b3db6a7b8929d4e897049ec5b740f6) Importer(815301076,1909f56bfc062723c751e8b465ee728b)
Start importing Assets/Assets/Images/1성/소프트웨어 융합대/치토소융대 측면 모션(우)/치토소융대 측면(우)_00038.png using Guid(23b3db6a7b8929d4e897049ec5b740f6) Importer(815301076,1909f56bfc062723c751e8b465ee728b)  -> (artifact id: 'beaef170fa1b33450d83173b288b9fbd') in 0.032286 seconds
Number of updated asset objects reloaded before import = 0
Number of asset objects unloaded after import = 3
========================================================================
Received Import Request.
  Time since last request: 0.004976 seconds.
  path: Assets/Assets/Images/1성/소프트웨어 융합대/치토소융대 측면 모션(좌)/치토소융대 측면(좌)_00004.png
  artifactKey: Guid(f4fe7ecf65cb86c4c8fc319aaf5e02bf) Importer(815301076,1909f56bfc062723c751e8b465ee728b)
Start importing Assets/Assets/Images/1성/소프트웨어 융합대/치토소융대 측면 모션(좌)/치토소융대 측면(좌)_00004.png using Guid(f4fe7ecf65cb86c4c8fc319aaf5e02bf) Importer(815301076,1909f56bfc062723c751e8b465ee728b)  -> (artifact id: '57616942b13db2dd245804b0472732b2') in 0.029180 seconds
Number of updated asset objects reloaded before import = 0
Number of asset objects unloaded after import = 3
========================================================================
Received Import Request.
  Time since last request: 0.010141 seconds.
  path: Assets/Assets/Images/2성/사회과학대/치토사회과학대 후면
  artifactKey: Guid(98d2682ffb6b8294ea36fd0120342163) Importer(815301076,1909f56bfc062723c751e8b465ee728b)
Start importing Assets/Assets/Images/2성/사회과학대/치토사회과학대 후면 using Guid(98d2682ffb6b8294ea36fd0120342163) Importer(815301076,1909f56bfc062723c751e8b465ee728b)  -> (artifact id: 'd354444d1d33e2b05afd5dbe3600f02c') in 0.000472 seconds
Number of updated asset objects reloaded before import = 0
Number of asset objects unloaded after import = 0
========================================================================
Received Import Request.
  Time since last request: 0.007285 seconds.
  path: Assets/Assets/Images/3성/자연과학대/치토자연과학대 정면 2/치토자연과학대 정면 2_00016.png
  artifactKey: Guid(be449dafeb1a3f34c90a5804aef0f360) Importer(815301076,1909f56bfc062723c751e8b465ee728b)
Start importing Assets/Assets/Images/3성/자연과학대/치토자연과학대 정면 2/치토자연과학대 정면 2_00016.png using Guid(be449dafeb1a3f34c90a5804aef0f360) Importer(815301076,1909f56bfc062723c751e8b465ee728b)  -> (artifact id: '7433ec9c29dc56dcc3c34d9cd70183c8') in 0.027334 seconds
Number of updated asset objects reloaded before import = 0
Number of asset objects unloaded after import = 3
========================================================================
Received Import Request.
  Time since last request: 0.094266 seconds.
  path: Assets/TextMesh Pro/Examples & Extras/Resources/Fonts & Materials/Bangers SDF - Drop Shadow.mat
  artifactKey: Guid(f2dcf029949142e28b974630369c8b4e) Importer(815301076,1909f56bfc062723c751e8b465ee728b)
Start importing Assets/TextMesh Pro/Examples & Extras/Resources/Fonts & Materials/Bangers SDF - Drop Shadow.mat using Guid(f2dcf029949142e28b974630369c8b4e) Importer(815301076,1909f56bfc062723c751e8b465ee728b)  -> (artifact id: '5522bce034601f1df1a30fe11b38852a') in 0.007151 seconds
Number of updated asset objects reloaded before import = 0
Number of asset objects unloaded after import = 2
========================================================================
Received Import Request.
  Time since last request: 0.008945 seconds.
  path: Assets/Assets/Images/1성/의과/치토의과 측면 모션(우)/치토의과 측면(우)_00003.png
  artifactKey: Guid(e7768c049d1c4fa4ca9012acdc5679c1) Importer(815301076,1909f56bfc062723c751e8b465ee728b)
Start importing Assets/Assets/Images/1성/의과/치토의과 측면 모션(우)/치토의과 측면(우)_00003.png using Guid(e7768c049d1c4fa4ca9012acdc5679c1) Importer(815301076,1909f56bfc062723c751e8b465ee728b)  -> (artifact id: 'cd5c58bf5c0b95fec271d8751a58b040') in 0.028347 seconds
Number of updated asset objects reloaded before import = 0
Number of asset objects unloaded after import = 3
========================================================================
Received Import Request.
  Time since last request: 0.009667 seconds.
  path: Assets/Assets/Images/3성/미디어/치토미디어 후면 2/치토미디어 후면 2_00016.png
  artifactKey: Guid(e84ae20f8b1707d49862357460510557) Importer(815301076,1909f56bfc062723c751e8b465ee728b)
Start importing Assets/Assets/Images/3성/미디어/치토미디어 후면 2/치토미디어 후면 2_00016.png using Guid(e84ae20f8b1707d49862357460510557) Importer(815301076,1909f56bfc062723c751e8b465ee728b)  -> (artifact id: '10a41082262e29c0101525ad4d5ca6e5') in 0.023423 seconds
Number of updated asset objects reloaded before import = 0
Number of asset objects unloaded after import = 2
========================================================================
Received Import Request.
  Time since last request: 0.003785 seconds.
  path: Assets/Assets/Images/1성/의과/치토의과 측면 모션(우)/치토의과 측면(우)_00001.png
  artifactKey: Guid(63002e8a2f7ad6f4297af29b3e501931) Importer(815301076,1909f56bfc062723c751e8b465ee728b)
Start importing Assets/Assets/Images/1성/의과/치토의과 측면 모션(우)/치토의과 측면(우)_00001.png using Guid(63002e8a2f7ad6f4297af29b3e501931) Importer(815301076,1909f56bfc062723c751e8b465ee728b)  -> (artifact id: '14bc674aa2fa0e6039589b28bee6a264') in 0.027839 seconds
Number of updated asset objects reloaded before import = 0
Number of asset objects unloaded after import = 3
========================================================================
Received Import Request.
  Time since last request: 0.028607 seconds.
  path: Assets/Assets/Images/3성/미디어/치토미디어 측면(좌) 2/치토미디어 측면(좌) 2_00015.png
  artifactKey: Guid(9b047aad2a91ef24bac3677b662509e8) Importer(815301076,1909f56bfc062723c751e8b465ee728b)
Start importing Assets/Assets/Images/3성/미디어/치토미디어 측면(좌) 2/치토미디어 측면(좌) 2_00015.png using Guid(9b047aad2a91ef24bac3677b662509e8) Importer(815301076,1909f56bfc062723c751e8b465ee728b)  -> (artifact id: '7c3aa314523313483101e86abfd7e494') in 0.022719 seconds
Number of updated asset objects reloaded before import = 0
Number of asset objects unloaded after import = 2
========================================================================
Received Import Request.
  Time since last request: 0.044903 seconds.
  path: Assets/Assets/Images/2성/약학대/약학 측면(우)
  artifactKey: Guid(4e80b0d89e29db94eb05e09627cc9737) Importer(815301076,1909f56bfc062723c751e8b465ee728b)
Start importing Assets/Assets/Images/2성/약학대/약학 측면(우) using Guid(4e80b0d89e29db94eb05e09627cc9737) Importer(815301076,1909f56bfc062723c751e8b465ee728b)  -> (artifact id: '7bd5d603b9cdd0db5152abfd01936910') in 0.000563 seconds
Number of updated asset objects reloaded before import = 0
Number of asset objects unloaded after import = 0
========================================================================
Received Import Request.
  Time since last request: 0.007067 seconds.
  path: Assets/Assets/Images/1성/소프트웨어 융합대/치토소융대 측면 모션(좌)/치토소융대 측면(좌)_00010.png
  artifactKey: Guid(0c63946c66007684b84ff3ff1a0fe49b) Importer(815301076,1909f56bfc062723c751e8b465ee728b)
Start importing Assets/Assets/Images/1성/소프트웨어 융합대/치토소융대 측면 모션(좌)/치토소융대 측면(좌)_00010.png using Guid(0c63946c66007684b84ff3ff1a0fe49b) Importer(815301076,1909f56bfc062723c751e8b465ee728b)  -> (artifact id: 'a186c08a8a7ee1ff40aa11377cc15d4c') in 0.028040 seconds
Number of updated asset objects reloaded before import = 0
Number of asset objects unloaded after import = 3
========================================================================
Received Import Request.
  Time since last request: 0.013612 seconds.
  path: Assets/Assets/Images/1성/정통대/치토정통대 측면 모션(우)/치토정통대 측면(우)_00011.png
  artifactKey: Guid(d95071c16880c5e46bbc41cc17fee998) Importer(815301076,1909f56bfc062723c751e8b465ee728b)
Start importing Assets/Assets/Images/1성/정통대/치토정통대 측면 모션(우)/치토정통대 측면(우)_00011.png using Guid(d95071c16880c5e46bbc41cc17fee998) Importer(815301076,1909f56bfc062723c751e8b465ee728b)  -> (artifact id: '21a53a7a5c3418cae60dff631ea292e5') in 0.026071 seconds
Number of updated asset objects reloaded before import = 0
Number of asset objects unloaded after import = 3
========================================================================
Received Import Request.
  Time since last request: 0.008202 seconds.
  path: Assets/Assets/Images/1성/소프트웨어 융합대/치토소융대 측면 모션(우)/치토소융대 측면(우)_00007.png
  artifactKey: Guid(65b2fa24d57dc8b4aa7a7219539ef00e) Importer(815301076,1909f56bfc062723c751e8b465ee728b)
Start importing Assets/Assets/Images/1성/소프트웨어 융합대/치토소융대 측면 모션(우)/치토소융대 측면(우)_00007.png using Guid(65b2fa24d57dc8b4aa7a7219539ef00e) Importer(815301076,1909f56bfc062723c751e8b465ee728b)  -> (artifact id: '4af756e3542898c90c0a0ef799021b47') in 0.026773 seconds
Number of updated asset objects reloaded before import = 0
Number of asset objects unloaded after import = 3
========================================================================
Received Import Request.
  Time since last request: 0.006843 seconds.
  path: Assets/Assets/Images/2성/ㄱ.기본형/치토 기본형 후면
  artifactKey: Guid(7c09178de66e42148b61b3a889d8759b) Importer(815301076,1909f56bfc062723c751e8b465ee728b)
Start importing Assets/Assets/Images/2성/ㄱ.기본형/치토 기본형 후면 using Guid(7c09178de66e42148b61b3a889d8759b) Importer(815301076,1909f56bfc062723c751e8b465ee728b)  -> (artifact id: 'e6ea8e9cf43866eea2d0cba73b080b1f') in 0.000468 seconds
Number of updated asset objects reloaded before import = 0
Number of asset objects unloaded after import = 0
========================================================================
Received Import Request.
  Time since last request: 0.044371 seconds.
  path: Assets/TextMesh Pro/Shaders/TMP_SDF-Surface-Mobile.shader
  artifactKey: Guid(85187c2149c549c5b33f0cdb02836b17) Importer(815301076,1909f56bfc062723c751e8b465ee728b)
Start importing Assets/TextMesh Pro/Shaders/TMP_SDF-Surface-Mobile.shader using Guid(85187c2149c549c5b33f0cdb02836b17) Importer(815301076,1909f56bfc062723c751e8b465ee728b)  -> (artifact id: '7e0aff3e266f3c5f0e1b1164898b3c17') in 0.000797 seconds
Number of updated asset objects reloaded before import = 0
Number of asset objects unloaded after import = 0
========================================================================
Received Import Request.
  Time since last request: 0.012292 seconds.
  path: Assets/Assets/Images/1성/정통대/치토정통대 측면 모션(좌)/치토정통대 측면(좌)_00004.png
  artifactKey: Guid(b0c2ca55de2f3c544875af54357998e8) Importer(815301076,1909f56bfc062723c751e8b465ee728b)
Start importing Assets/Assets/Images/1성/정통대/치토정통대 측면 모션(좌)/치토정통대 측면(좌)_00004.png using Guid(b0c2ca55de2f3c544875af54357998e8) Importer(815301076,1909f56bfc062723c751e8b465ee728b)  -> (artifact id: 'c7a9317882aeb8ad85d3ee200b510c5e') in 0.026221 seconds
Number of updated asset objects reloaded before import = 0
Number of asset objects unloaded after import = 3
========================================================================
Received Import Request.
  Time since last request: 0.005324 seconds.
  path: Assets/Assets/Images/3성/정통대/치토정통대 측면(우)2
  artifactKey: Guid(a60181513944349408e36954e8ea4fb3) Importer(815301076,1909f56bfc062723c751e8b465ee728b)
Start importing Assets/Assets/Images/3성/정통대/치토정통대 측면(우)2 using Guid(a60181513944349408e36954e8ea4fb3) Importer(815301076,1909f56bfc062723c751e8b465ee728b)  -> (artifact id: '1274f1d6e49aa1a25c6583f7ddedae2e') in 0.000478 seconds
Number of updated asset objects reloaded before import = 0
Number of asset objects unloaded after import = 0
========================================================================
Received Import Request.
  Time since last request: 0.040374 seconds.
  path: Assets/TextMesh Pro/Examples & Extras/Scripts/Benchmark01.cs
  artifactKey: Guid(f970ea55f9f84bf79b05dab180b8c125) Importer(815301076,1909f56bfc062723c751e8b465ee728b)
Start importing Assets/TextMesh Pro/Examples & Extras/Scripts/Benchmark01.cs using Guid(f970ea55f9f84bf79b05dab180b8c125) Importer(815301076,1909f56bfc062723c751e8b465ee728b)  -> (artifact id: '46fb6eb06cdc338c235c97ad0f6fdc07') in 0.000571 seconds
Number of updated asset objects reloaded before import = 0
Number of asset objects unloaded after import = 0
========================================================================
Received Import Request.
  Time since last request: 0.014145 seconds.
  path: Assets/Assets/Images/1성/사회과학대/Sup.anim
  artifactKey: Guid(a9cf0494c6fc48141b5a1699aa6ca523) Importer(815301076,1909f56bfc062723c751e8b465ee728b)
Start importing Assets/Assets/Images/1성/사회과학대/Sup.anim using Guid(a9cf0494c6fc48141b5a1699aa6ca523) Importer(815301076,1909f56bfc062723c751e8b465ee728b)  -> (artifact id: '84bece6109ba2aa5d35ec52de48c7632') in 0.001270 seconds
Number of updated asset objects reloaded before import = 0
Number of asset objects unloaded after import = 1
========================================================================
Received Import Request.
  Time since last request: 0.021932 seconds.
  path: Assets/Assets/Images/3성/의과
  artifactKey: Guid(51a2fe6bed7b7af44a427804419ff6af) Importer(815301076,1909f56bfc062723c751e8b465ee728b)
Start importing Assets/Assets/Images/3성/의과 using Guid(51a2fe6bed7b7af44a427804419ff6af) Importer(815301076,1909f56bfc062723c751e8b465ee728b)  -> (artifact id: '1d5b833fc0578f3057a7daa9ae24c35c') in 0.000517 seconds
Number of updated asset objects reloaded before import = 0
Number of asset objects unloaded after import = 0
========================================================================
Received Import Request.
  Time since last request: 0.009917 seconds.
  path: Assets/Assets/Images/2성/미디어/미디어 측면(우)/치토미디어 측면(우)_00012.png
  artifactKey: Guid(b3cb52bae2b90e4409ebd5d59ceca8d2) Importer(815301076,1909f56bfc062723c751e8b465ee728b)
Start importing Assets/Assets/Images/2성/미디어/미디어 측면(우)/치토미디어 측면(우)_00012.png using Guid(b3cb52bae2b90e4409ebd5d59ceca8d2) Importer(815301076,1909f56bfc062723c751e8b465ee728b)  -> (artifact id: '3576d7e7b82148e8535cea77f68c0134') in 0.022093 seconds
Number of updated asset objects reloaded before import = 0
Number of asset objects unloaded after import = 2
========================================================================
Received Import Request.
  Time since last request: 0.003998 seconds.
  path: Assets/Assets/Images/3성/자연과학대/치토자연과학대 정면 2/치토자연과학대 정면 2_00005.png
  artifactKey: Guid(2b552803c6bea4848998f8d3e4fed486) Importer(815301076,1909f56bfc062723c751e8b465ee728b)
Start importing Assets/Assets/Images/3성/자연과학대/치토자연과학대 정면 2/치토자연과학대 정면 2_00005.png using Guid(2b552803c6bea4848998f8d3e4fed486) Importer(815301076,1909f56bfc062723c751e8b465ee728b)  -> (artifact id: '90f03ed8ab1f27b28003f2a6126da4cd') in 0.026446 seconds
Number of updated asset objects reloaded before import = 0
Number of asset objects unloaded after import = 3
========================================================================
Received Import Request.
  Time since last request: 0.008154 seconds.
  path: Assets/Assets/Images/1성/소프트웨어 융합대/치토소융대 측면 모션(좌)/치토소융대 측면(좌)_00018.png
  artifactKey: Guid(7de45083e21449149a3b276adf4a006d) Importer(815301076,1909f56bfc062723c751e8b465ee728b)
Start importing Assets/Assets/Images/1성/소프트웨어 융합대/치토소융대 측면 모션(좌)/치토소융대 측면(좌)_00018.png using Guid(7de45083e21449149a3b276adf4a006d) Importer(815301076,1909f56bfc062723c751e8b465ee728b)  -> (artifact id: 'b90a812451244e66141ccd84a6d8e6b3') in 0.027745 seconds
Number of updated asset objects reloaded before import = 0
Number of asset objects unloaded after import = 3
========================================================================
Received Import Request.
  Time since last request: 0.027137 seconds.
  path: Assets/Assets/Images/1성/자연과학대/치토자연과학대 측면 모션(우)/치토자연과학대 측면(우)_00012.png
  artifactKey: Guid(713cdd68f9f7a8e4fb490832f035d6d0) Importer(815301076,1909f56bfc062723c751e8b465ee728b)
Start importing Assets/Assets/Images/1성/자연과학대/치토자연과학대 측면 모션(우)/치토자연과학대 측면(우)_00012.png using Guid(713cdd68f9f7a8e4fb490832f035d6d0) Importer(815301076,1909f56bfc062723c751e8b465ee728b)  -> (artifact id: 'a64be8f65a70d360c3b2d42f2711f1ba') in 0.027617 seconds
Number of updated asset objects reloaded before import = 0
Number of asset objects unloaded after import = 3
========================================================================
Received Import Request.
  Time since last request: 0.021099 seconds.
  path: Assets/Assets/Images/3성/정통대/치토정통대 정면 2/치토정통대 정면 2_00004.png
  artifactKey: Guid(2b62017745425a147bf1890163ab0ff7) Importer(815301076,1909f56bfc062723c751e8b465ee728b)
Start importing Assets/Assets/Images/3성/정통대/치토정통대 정면 2/치토정통대 정면 2_00004.png using Guid(2b62017745425a147bf1890163ab0ff7) Importer(815301076,1909f56bfc062723c751e8b465ee728b)  -> (artifact id: '89ab99e4930ba4ed34244581f259d5b5') in 0.028871 seconds
Number of updated asset objects reloaded before import = 0
Number of asset objects unloaded after import = 3
========================================================================
Received Import Request.
  Time since last request: 0.005637 seconds.
  path: Assets/Assets/Images/1성/소프트웨어 융합대/치토소융대 측면 모션(우)/치토소융대 측면(우)_00031.png
  artifactKey: Guid(64fc4336ac181e546939f7f184d2ed59) Importer(815301076,1909f56bfc062723c751e8b465ee728b)
Start importing Assets/Assets/Images/1성/소프트웨어 융합대/치토소융대 측면 모션(우)/치토소융대 측면(우)_00031.png using Guid(64fc4336ac181e546939f7f184d2ed59) Importer(815301076,1909f56bfc062723c751e8b465ee728b)  -> (artifact id: '3aa668573bbadc38ef9e8992ab614dda') in 0.027789 seconds
Number of updated asset objects reloaded before import = 0
Number of asset objects unloaded after import = 3
========================================================================
Received Import Request.
  Time since last request: 0.028626 seconds.
  path: Assets/Assets/Images/3성/정통대/치토정통대 정면 2/치토정통대 정면 2_00017.png
  artifactKey: Guid(24a470e798ff9d34e8e3ea39cfedf346) Importer(815301076,1909f56bfc062723c751e8b465ee728b)
Start importing Assets/Assets/Images/3성/정통대/치토정통대 정면 2/치토정통대 정면 2_00017.png using Guid(24a470e798ff9d34e8e3ea39cfedf346) Importer(815301076,1909f56bfc062723c751e8b465ee728b)  -> (artifact id: '771550bc7a33f537b04569a7cf6c6617') in 0.029140 seconds
Number of updated asset objects reloaded before import = 0
Number of asset objects unloaded after import = 3
========================================================================
Received Import Request.
  Time since last request: 0.002020 seconds.
  path: Assets/Assets/Images/3성/ㄱ.기본형/Right3.anim
  artifactKey: Guid(4f26f6f8d432306419e797bc93320b93) Importer(815301076,1909f56bfc062723c751e8b465ee728b)
Start importing Assets/Assets/Images/3성/ㄱ.기본형/Right3.anim using Guid(4f26f6f8d432306419e797bc93320b93) Importer(815301076,1909f56bfc062723c751e8b465ee728b)  -> (artifact id: 'e1cf77d0217ddf0923ce5693cc2e4532') in 0.001197 seconds
Number of updated asset objects reloaded before import = 0
Number of asset objects unloaded after import = 1
========================================================================
Received Import Request.
  Time since last request: 0.003676 seconds.
  path: Assets/Assets/Images/1성/소프트웨어 융합대/치토소융대 측면 모션(우)/치토소융대 측면(우)_00025.png
  artifactKey: Guid(fe8809c818b930e44990e62d3a52fc1f) Importer(815301076,1909f56bfc062723c751e8b465ee728b)
Start importing Assets/Assets/Images/1성/소프트웨어 융합대/치토소융대 측면 모션(우)/치토소융대 측면(우)_00025.png using Guid(fe8809c818b930e44990e62d3a52fc1f) Importer(815301076,1909f56bfc062723c751e8b465ee728b)  -> (artifact id: 'ba47b6e0c0dbb1b002a38527d8682232') in 0.029916 seconds
Number of updated asset objects reloaded before import = 0
Number of asset objects unloaded after import = 3
========================================================================
Received Import Request.
  Time since last request: 0.005736 seconds.
  path: Assets/Assets/Images/2성/사회과학대/Sright2.anim
  artifactKey: Guid(02b57668a70b5514e93ebce740d83750) Importer(815301076,1909f56bfc062723c751e8b465ee728b)
Start importing Assets/Assets/Images/2성/사회과학대/Sright2.anim using Guid(02b57668a70b5514e93ebce740d83750) Importer(815301076,1909f56bfc062723c751e8b465ee728b)  -> (artifact id: '30d4820f4c01ed2c39e3a5a95f5c4a75') in 0.001272 seconds
Number of updated asset objects reloaded before import = 0
Number of asset objects unloaded after import = 1
========================================================================
Received Import Request.
  Time since last request: 0.010626 seconds.
  path: Assets/Assets/Images/3성/미디어/치토미디어 후면 2/치토미디어 후면 2_00015.png
  artifactKey: Guid(9420c4e58b78854429e653d2ba1207b9) Importer(815301076,1909f56bfc062723c751e8b465ee728b)
Start importing Assets/Assets/Images/3성/미디어/치토미디어 후면 2/치토미디어 후면 2_00015.png using Guid(9420c4e58b78854429e653d2ba1207b9) Importer(815301076,1909f56bfc062723c751e8b465ee728b)  -> (artifact id: 'f6099e25bc9cc16e448cde9014ca1ca6') in 0.021815 seconds
Number of updated asset objects reloaded before import = 0
Number of asset objects unloaded after import = 2
